schema_version,record_kind,method,execution_model,amplitude_numerator,amplitude_denominator,amplitude,table_layout,visibility_table_sha256,requested_oracle_budget,logical_lookup_oracle_calls,oracle_domain_size,requested_budget_ge_domain_size,realized_calls_ge_domain_size,evaluation_schedule,shots_per_circuit,total_shots,repeat,warmup,sampling_seed,status,error,runtime_warnings,classical_samples,classical_successes,sampling,estimate,signed_error,absolute_error,confidence_interval_low,confidence_interval_high,confidence_interval_level,confidence_interval_method,estimator_runtime_ms,confidence_interval_postprocessing_ms,operational_method_runtime_ms,audit_end_to_end_ms,runtime_execution_sequence,runtime_phase_pair_sequence,runtime_pair_id,runtime_within_pair_position,runtime_paired_method_order,runtime_order_seed,runtime_order_phase_seed,runtime_order_phase,state_preparation_applications,inverse_state_preparation_applications,grover_iterations,good_state_markings,distinct_circuits,sampler_jobs,oracle_synthesis_ms,sampler_algorithm_setup_ms,analysis_copy_transpilation_ms,max_transpiled_quantum_depth,max_transpiled_quantum_gate_count,schedule_transpiled_quantum_gate_count,shot_weighted_transpiled_quantum_gate_count,per_circuit_transpiled_metrics,transpilation_basis_gates,transpilation_optimization_level,transpilation_target
1.0,actual_runtime_and_circuit_metrics,classical_monte_carlo,Python table MC,8,64,0.125,contiguous_prefix_visible_then_blocked,407b84e032b28972b59fe5732c4e37776624a39308e563a5604359ca2b16ec23,512,490,64,True,True,,,,-1,True,466845712,ok,,[],490,65,with_replacement,0.1326530612244898,0.007653061224489804,0.007653061224489804,0.10545799192943804,0.1655631150070085,0.95,wilson_score,0.114625,0.011875,0.126542,0.126542,0,0,warmup-0000,0,mc_then_qiskit,20260802,4039239741,warmup,,,,,,,,,,,,,,,,,
1.0,actual_runtime_and_circuit_metrics,qiskit_statevector_mlae,Qiskit StatevectorSampler finite-shot CPU simulation of synthesized circuits; not a QPU,8,64,0.125,contiguous_prefix_visible_then_blocked,407b84e032b28972b59fe5732c4e37776624a39308e563a5604359ca2b16ec23,512,490,64,True,True,"[0,1,2,4,8]",14,70,-1,True,3914425677,ok,,[],,,,0.1207536176543265,-0.004246382345673497,0.004246382345673497,0.11177931288526907,0.14368413883240044,0.95,qiskit_mlae_likelihood_ratio,1972.710292,98.161666,2073.065291,2355.102958,1,0,warmup-0000,1,mc_then_qiskit,20260802,4039239741,warmup,280,210,210,210,5,1,2.145958,0.042083,282.024875,30548,46822,95910,1342740,"[{""grover_power"":0,""max_transpiled_quantum_depth"":1700,""operation_counts_including_non_gates"":{""barrier"":1,""cx"":1088,""measure"":1,""u"":1510},""qubits"":7,""transpiled_quantum_gate_count"":2598},{""grover_power"":1,""max_transpiled_quantum_depth"":5306,""operation_counts_including_non_gates"":{""barrier"":1,""cx"":3400,""measure"":1,""u"":4726},""qubits"":7,""transpiled_quantum_gate_count"":8126},{""grover_power"":2,""max_transpiled_quantum_depth"":8912,""operation_counts_including_non_gates"":{""barrier"":1,""cx"":5712,""measure"":1,""u"":7942},""qubits"":7,""transpiled_quantum_gate_count"":13654},{""grover_power"":4,""max_transpiled_quantum_depth"":16124,""operation_counts_including_non_gates"":{""barrier"":1,""cx"":10336,""measure"":1,""u"":14374},""qubits"":7,""transpiled_quantum_gate_count"":24710},{""grover_power"":8,""max_transpiled_quantum_depth"":30548,""operation_counts_including_non_gates"":{""barrier"":1,""cx"":19584,""measure"":1,""u"":27238},""qubits"":7,""transpiled_quantum_gate_count"":46822}]","[""u"",""cx""]",0,none; all-to-all analysis without a backend target or coupling map
1.0,actual_runtime_and_circuit_metrics,qiskit_statevector_mlae,Qiskit StatevectorSampler finite-shot CPU simulation of synthesized circuits; not a QPU,56,64,0.875,contiguous_prefix_visible_then_blocked,3c2388fcb014d41bb64b30937ecf31fd7ffb7b9790d03bc63ad567d3c56e6f33,128,105,64,True,True,"[0,1,2,4,8]",3,15,-1,True,1561603438,ok,,[],,,,0.8801004657400167,0.0051004657400166575,0.0051004657400166575,0.8542929186942083,0.9020402487091631,0.95,qiskit_mlae_likelihood_ratio,9685.602625,99.993666,9789.646041,11591.638208,2,1,warmup-0001,0,qiskit_then_mc,20260802,4039239741,warmup,60,45,45,45,5,1,4.034708,0.010917,1801.988042,202724,308758,635190,1905570,"[{""grover_power"":0,""max_transpiled_quantum_depth"":11828,""operation_counts_including_non_gates"":{""barrier"":1,""cx"":7616,""measure"":1,""u"":10390},""qubits"":7,""transpiled_quantum_gate_count"":18006},{""grover_power"":1,""max_transpiled_quantum_depth"":35690,""operation_counts_including_non_gates"":{""barrier"":1,""cx"":22984,""measure"":1,""u"":31366},""qubits"":7,""transpiled_quantum_gate_count"":54350},{""grover_power"":2,""max_transpiled_quantum_depth"":59552,""operation_counts_including_non_gates"":{""barrier"":1,""cx"":38352,""measure"":1,""u"":52342},""qubits"":7,""transpiled_quantum_gate_count"":90694},{""grover_power"":4,""max_transpiled_quantum_depth"":107276,""operation_counts_including_non_gates"":{""barrier"":1,""cx"":69088,""measure"":1,""u"":94294},""qubits"":7,""transpiled_quantum_gate_count"":163382},{""grover_power"":8,""max_transpiled_quantum_depth"":202724,""operation_counts_including_non_gates"":{""barrier"":1,""cx"":130560,""measure"":1,""u"":178198},""qubits"":7,""transpiled_quantum_gate_count"":308758}]","[""u"",""cx""]",0,none; all-to-all analysis without a backend target or coupling map
1.0,actual_runtime_and_circuit_metrics,classical_monte_carlo,Python table MC,56,64,0.875,contiguous_prefix_visible_then_blocked,3c2388fcb014d41bb64b30937ecf31fd7ffb7b9790d03bc63ad567d3c56e6f33,128,105,64,True,True,,,,-1,True,2217676921,ok,,[],105,89,with_replacement,0.8476190476190476,-0.027380952380952395,0.027380952380952395,0.7667269516059707,0.9039733568147432,0.95,wilson_score,0.040416,0.007208,0.047708,0.047708,3,1,warmup-0001,1,qiskit_then_mc,20260802,4039239741,warmup,,,,,,,,,,,,,,,,,
1.0,actual_runtime_and_circuit_metrics,classical_monte_carlo,Python table MC,1,64,0.015625,contiguous_prefix_visible_then_blocked,16abab341fb7f370e27e4dadcf81766dd0dfd0ae64469477bb2cf6614938b2af,128,105,64,True,True,,,,-1,True,3297627958,ok,,[],105,3,with_replacement,0.02857142857142857,0.01294642857142857,0.01294642857142857,0.009763839038702343,0.08065629063731554,0.95,wilson_score,0.028917,0.001417,0.030375,0.030375,4,2,warmup-0002,0,mc_then_qiskit,20260802,4039239741,warmup,,,,,,,,,,,,,,,,,
1.0,actual_runtime_and_circuit_metrics,qiskit_statevector_mlae,Qiskit StatevectorSampler finite-shot CPU simulation of synthesized circuits; not a QPU,1,64,0.015625,contiguous_prefix_visible_then_blocked,16abab341fb7f370e27e4dadcf81766dd0dfd0ae64469477bb2cf6614938b2af,128,105,64,True,True,"[0,1,2,4,8]",3,15,-1,True,2718981347,ok,,[],,,,0.004106950759872001,-0.011518049240128,0.011518049240128,0.0014293018041010167,0.020031591736915814,0.95,qiskit_mlae_likelihood_ratio,858.16,100.232959,959.03625,1009.829958,5,2,warmup-0002,1,mc_then_qiskit,20260802,4039239741,warmup,60,45,45,45,5,1,0.634792,0.004916,50.789083,5320,8317,16635,49905,"[{""grover_power"":0,""max_transpiled_quantum_depth"":216,""operation_counts_including_non_gates"":{""barrier"":1,""cx"":136,""measure"":1,""u"":197},""qubits"":7,""transpiled_quantum_gate_count"":333},{""grover_power"":1,""max_transpiled_quantum_depth"":854,""operation_counts_including_non_gates"":{""barrier"":1,""cx"":544,""measure"":1,""u"":787},""qubits"":7,""transpiled_quantum_gate_count"":1331},{""grover_power"":2,""max_transpiled_quantum_depth"":1492,""operation_counts_including_non_gates"":{""barrier"":1,""cx"":952,""measure"":1,""u"":1377},""qubits"":7,""transpiled_quantum_gate_count"":2329},{""grover_power"":4,""max_transpiled_quantum_depth"":2768,""operation_counts_including_non_gates"":{""barrier"":1,""cx"":1768,""measure"":1,""u"":2557},""qubits"":7,""transpiled_quantum_gate_count"":4325},{""grover_power"":8,""max_transpiled_quantum_depth"":5320,""operation_counts_including_non_gates"":{""barrier"":1,""cx"":3400,""measure"":1,""u"":4917},""qubits"":7,""transpiled_quantum_gate_count"":8317}]","[""u"",""cx""]",0,none; all-to-all analysis without a backend target or coupling map
1.0,actual_runtime_and_circuit_metrics,qiskit_statevector_mlae,Qiskit StatevectorSampler finite-shot CPU simulation of synthesized circuits; not a QPU,63,64,0.984375,contiguous_prefix_visible_then_blocked,4a22bb45b68e2388bce472d38b49adb1bb6b08e220e9edede71b70cc62ad2db2,32,18,64,False,False,"[0,1,2,4]",1,4,-1,True,3663055014,ok,,[],,,,0.9637912080916219,-0.020583791908378113,0.020583791908378113,0.3003882407497838,0.9934115176255015,0.95,qiskit_mlae_likelihood_ratio,5511.45475,39.648334,5555.327792,6573.719167,6,3,warmup-0003,0,qiskit_then_mc,20260802,4039239741,warmup,11,7,7,7,4,1,4.215375,0.005375,1018.387292,120507,183443,366554,366554,"[{""grover_power"":0,""max_transpiled_quantum_depth"":13299,""operation_counts_including_non_gates"":{""barrier"":1,""cx"":8568,""measure"":1,""u"":11667},""qubits"":7,""transpiled_quantum_gate_count"":20235},{""grover_power"":1,""max_transpiled_quantum_depth"":40101,""operation_counts_including_non_gates"":{""barrier"":1,""cx"":25840,""measure"":1,""u"":35197},""qubits"":7,""transpiled_quantum_gate_count"":61037},{""grover_power"":2,""max_transpiled_quantum_depth"":66903,""operation_counts_including_non_gates"":{""barrier"":1,""cx"":43112,""measure"":1,""u"":58727},""qubits"":7,""transpiled_quantum_gate_count"":101839},{""grover_power"":4,""max_transpiled_quantum_depth"":120507,""operation_counts_including_non_gates"":{""barrier"":1,""cx"":77656,""measure"":1,""u"":105787},""qubits"":7,""transpiled_quantum_gate_count"":183443}]","[""u"",""cx""]",0,none; all-to-all analysis without a backend target or coupling map
1.0,actual_runtime_and_circuit_metrics,classical_monte_carlo,Python table MC,63,64,0.984375,contiguous_prefix_visible_then_blocked,4a22bb45b68e2388bce472d38b49adb1bb6b08e220e9edede71b70cc62ad2db2,32,18,64,False,False,,,,-1,True,81794341,ok,,[],18,18,with_replacement,1.0,0.015625,0.015625,0.8241207763533426,1.0,0.95,wilson_score,0.022458,0.006459,0.029,0.029,7,3,warmup-0003,1,qiskit_then_mc,20260802,4039239741,warmup,,,,,,,,,,,,,,,,,
1.0,actual_runtime_and_circuit_metrics,classical_monte_carlo,Python table MC,32,64,0.5,contiguous_prefix_visible_then_blocked,037d6dfb3a369a41e01100fdd53c35ee3fb69ddec5830d61e1138d066a4c2285,128,105,64,True,True,,,,-1,True,675319645,ok,,[],105,58,with_replacement,0.5523809523809524,0.05238095238095242,0.05238095238095242,0.45709721922765884,0.6439672108083393,0.95,wilson_score,0.031,0.001667,0.032708,0.032708,8,4,warmup-0004,0,mc_then_qiskit,20260802,4039239741,warmup,,,,,,,,,,,,,,,,,
1.0,actual_runtime_and_circuit_metrics,qiskit_statevector_mlae,Qiskit StatevectorSampler finite-shot CPU simulation of synthesized circuits; not a QPU,32,64,0.5,contiguous_prefix_visible_then_blocked,037d6dfb3a369a41e01100fdd53c35ee3fb69ddec5830d61e1138d066a4c2285,128,105,64,True,True,"[0,1,2,4,8]",3,15,-1,True,3888141948,ok,,[],,,,0.5120934085065392,0.012093408506539172,0.012093408506539172,0.4842827505025964,0.5361272460550668,0.95,qiskit_mlae_likelihood_ratio,5833.864875,99.1415,5935.656875,6986.5585,9,4,warmup-0004,1,mc_then_qiskit,20260802,4039239741,warmup,60,45,45,45,5,1,2.641208,0.0055,1050.897458,117044,177926,365830,1097490,"[{""grover_power"":0,""max_transpiled_quantum_depth"":6788,""operation_counts_including_non_gates"":{""barrier"":1,""cx"":4352,""measure"":1,""u"":5958},""qubits"":7,""transpiled_quantum_gate_count"":10310},{""grover_power"":1,""max_transpiled_quantum_depth"":20570,""operation_counts_including_non_gates"":{""barrier"":1,""cx"":13192,""measure"":1,""u"":18070},""qubits"":7,""transpiled_quantum_gate_count"":31262},{""grover_power"":2,""max_transpiled_quantum_depth"":34352,""operation_counts_including_non_gates"":{""barrier"":1,""cx"":22032,""measure"":1,""u"":30182},""qubits"":7,""transpiled_quantum_gate_count"":52214},{""grover_power"":4,""max_transpiled_quantum_depth"":61916,""operation_counts_including_non_gates"":{""barrier"":1,""cx"":39712,""measure"":1,""u"":54406},""qubits"":7,""transpiled_quantum_gate_count"":94118},{""grover_power"":8,""max_transpiled_quantum_depth"":117044,""operation_counts_including_non_gates"":{""barrier"":1,""cx"":75072,""measure"":1,""u"":102854},""qubits"":7,""transpiled_quantum_gate_count"":177926}]","[""u"",""cx""]",0,none; all-to-all analysis without a backend target or coupling map
1.0,actual_runtime_and_circuit_metrics,qiskit_statevector_mlae,Qiskit StatevectorSampler finite-shot CPU simulation of synthesized circuits; not a QPU,8,64,0.125,contiguous_prefix_visible_then_blocked,407b84e032b28972b59fe5732c4e37776624a39308e563a5604359ca2b16ec23,64,35,64,True,False,"[0,1,2,4,8]",1,5,-1,True,2209972084,ok,,[],,,,0.12726297225402192,0.0022629722540219166,0.0022629722540219166,0.08958027263240104,0.17229059098815494,0.95,qiskit_mlae_likelihood_ratio,2028.193958,101.59025,2130.936333,2483.108875,10,5,warmup-0005,0,qiskit_then_mc,20260802,4039239741,warmup,20,15,15,15,5,1,1.142833,0.005583,352.168125,30548,46822,95910,95910,"[{""grover_power"":0,""max_transpiled_quantum_depth"":1700,""operation_counts_including_non_gates"":{""barrier"":1,""cx"":1088,""measure"":1,""u"":1510},""qubits"":7,""transpiled_quantum_gate_count"":2598},{""grover_power"":1,""max_transpiled_quantum_depth"":5306,""operation_counts_including_non_gates"":{""barrier"":1,""cx"":3400,""measure"":1,""u"":4726},""qubits"":7,""transpiled_quantum_gate_count"":8126},{""grover_power"":2,""max_transpiled_quantum_depth"":8912,""operation_counts_including_non_gates"":{""barrier"":1,""cx"":5712,""measure"":1,""u"":7942},""qubits"":7,""transpiled_quantum_gate_count"":13654},{""grover_power"":4,""max_transpiled_quantum_depth"":16124,""operation_counts_including_non_gates"":{""barrier"":1,""cx"":10336,""measure"":1,""u"":14374},""qubits"":7,""transpiled_quantum_gate_count"":24710},{""grover_power"":8,""max_transpiled_quantum_depth"":30548,""operation_counts_including_non_gates"":{""barrier"":1,""cx"":19584,""measure"":1,""u"":27238},""qubits"":7,""transpiled_quantum_gate_count"":46822}]","[""u"",""cx""]",0,none; all-to-all analysis without a backend target or coupling map
1.0,actual_runtime_and_circuit_metrics,classical_monte_carlo,Python table MC,8,64,0.125,contiguous_prefix_visible_then_blocked,407b84e032b28972b59fe5732c4e37776624a39308e563a5604359ca2b16ec23,64,35,64,True,False,,,,-1,True,3214804831,ok,,[],35,4,with_replacement,0.11428571428571428,-0.010714285714285718,0.010714285714285718,0.0453517933309736,0.25951468646213804,0.95,wilson_score,0.023583,0.006708,0.030333,0.030333,11,5,warmup-0005,1,qiskit_then_mc,20260802,4039239741,warmup,,,,,,,,,,,,,,,,,
1.0,actual_runtime_and_circuit_metrics,classical_monte_carlo,Python table MC,63,64,0.984375,contiguous_prefix_visible_then_blocked,4a22bb45b68e2388bce472d38b49adb1bb6b08e220e9edede71b70cc62ad2db2,512,490,64,True,True,,,,-1,True,1971304472,ok,,[],490,486,with_replacement,0.9918367346938776,0.007461734693877564,0.007461734693877564,0.9792007224208351,0.9968210177364779,0.95,wilson_score,0.114916,0.002292,0.11725,0.11725,12,6,warmup-0006,0,mc_then_qiskit,20260802,4039239741,warmup,,,,,,,,,,,,,,,,,
1.0,actual_runtime_and_circuit_metrics,qiskit_statevector_mlae,Qiskit StatevectorSampler finite-shot CPU simulation of synthesized circuits; not a QPU,63,64,0.984375,contiguous_prefix_visible_then_blocked,4a22bb45b68e2388bce472d38b49adb1bb6b08e220e9edede71b70cc62ad2db2,512,490,64,True,True,"[0,1,2,4,8]",14,70,-1,True,3489526108,ok,,[],,,,0.9838924289449696,-0.00048257105503035636,0.00048257105503035636,0.9803172027314252,0.9870018397407627,0.95,qiskit_mlae_likelihood_ratio,10922.919375,99.099,11026.189209,13113.397792,13,6,warmup-0006,1,mc_then_qiskit,20260802,4039239741,warmup,280,210,210,210,5,1,4.162291,0.005,2087.202292,227715,346651,713205,9984870,"[{""grover_power"":0,""max_transpiled_quantum_depth"":13299,""operation_counts_including_non_gates"":{""barrier"":1,""cx"":8568,""measure"":1,""u"":11667},""qubits"":7,""transpiled_quantum_gate_count"":20235},{""grover_power"":1,""max_transpiled_quantum_depth"":40101,""operation_counts_including_non_gates"":{""barrier"":1,""cx"":25840,""measure"":1,""u"":35197},""qubits"":7,""transpiled_quantum_gate_count"":61037},{""grover_power"":2,""max_transpiled_quantum_depth"":66903,""operation_counts_including_non_gates"":{""barrier"":1,""cx"":43112,""measure"":1,""u"":58727},""qubits"":7,""transpiled_quantum_gate_count"":101839},{""grover_power"":4,""max_transpiled_quantum_depth"":120507,""operation_counts_including_non_gates"":{""barrier"":1,""cx"":77656,""measure"":1,""u"":105787},""qubits"":7,""transpiled_quantum_gate_count"":183443},{""grover_power"":8,""max_transpiled_quantum_depth"":227715,""operation_counts_including_non_gates"":{""barrier"":1,""cx"":146744,""measure"":1,""u"":199907},""qubits"":7,""transpiled_quantum_gate_count"":346651}]","[""u"",""cx""]",0,none; all-to-all analysis without a backend target or coupling map
1.0,actual_runtime_and_circuit_metrics,qiskit_statevector_mlae,Qiskit StatevectorSampler finite-shot CPU simulation of synthesized circuits; not a QPU,64,64,1.0,contiguous_prefix_visible_then_blocked,7c8975e1e60a5c8337f28edf8c33c3b180360b7279644a9bc1af3c51e6220bf5,512,490,64,True,True,"[0,1,2,4,8]",14,70,-1,True,3610436303,ok,,"[""RuntimeWarning: divide by zero encountered in scalar divide""]",,,,1.0,0.0,0.0,0.9996669283306872,1.0,0.95,qiskit_mlae_likelihood_ratio,693.046875,99.376542,792.992458,812.653458,14,7,warmup-0007,0,qiskit_then_mc,20260802,4039239741,warmup,280,210,210,210,5,1,0.558375,0.005875,19.657667,1716,2775,5225,73150,"[{""grover_power"":0,""max_transpiled_quantum_depth"":1,""operation_counts_including_non_gates"":{""barrier"":1,""measure"":1,""u"":7},""qubits"":7,""transpiled_quantum_gate_count"":7},{""grover_power"":1,""max_transpiled_quantum_depth"":218,""operation_counts_including_non_gates"":{""barrier"":1,""cx"":136,""measure"":1,""u"":217},""qubits"":7,""transpiled_quantum_gate_count"":353},{""grover_power"":2,""max_transpiled_quantum_depth"":432,""operation_counts_including_non_gates"":{""barrier"":1,""cx"":272,""measure"":1,""u"":427},""qubits"":7,""transpiled_quantum_gate_count"":699},{""grover_power"":4,""max_transpiled_quantum_depth"":860,""operation_counts_including_non_gates"":{""barrier"":1,""cx"":544,""measure"":1,""u"":847},""qubits"":7,""transpiled_quantum_gate_count"":1391},{""grover_power"":8,""max_transpiled_quantum_depth"":1716,""operation_counts_including_non_gates"":{""barrier"":1,""cx"":1088,""measure"":1,""u"":1687},""qubits"":7,""transpiled_quantum_gate_count"":2775}]","[""u"",""cx""]",0,none; all-to-all analysis without a backend target or coupling map
1.0,actual_runtime_and_circuit_metrics,classical_monte_carlo,Python table MC,64,64,1.0,contiguous_prefix_visible_then_blocked,7c8975e1e60a5c8337f28edf8c33c3b180360b7279644a9bc1af3c51e6220bf5,512,490,64,True,True,,,,-1,True,1976617161,ok,,[],490,490,with_replacement,1.0,0.0,0.0,0.9922212711142809,1.0,0.95,wilson_score,0.118167,0.008875,0.127083,0.127083,15,7,warmup-0007,1,qiskit_then_mc,20260802,4039239741,warmup,,,,,,,,,,,,,,,,,
1.0,actual_runtime_and_circuit_metrics,classical_monte_carlo,Python table MC,32,64,0.5,contiguous_prefix_visible_then_blocked,037d6dfb3a369a41e01100fdd53c35ee3fb69ddec5830d61e1138d066a4c2285,32,18,64,False,False,,,,-1,True,670683612,ok,,[],18,8,with_replacement,0.4444444444444444,-0.05555555555555558,0.05555555555555558,0.2455951812700564,0.6628358435795721,0.95,wilson_score,0.011667,0.001958,0.013667,0.013667,16,8,warmup-0008,0,mc_then_qiskit,20260802,4039239741,warmup,,,,,,,,,,,,,,,,,
1.0,actual_runtime_and_circuit_metrics,qiskit_statevector_mlae,Qiskit StatevectorSampler finite-shot CPU simulation of synthesized circuits; not a QPU,32,64,0.5,contiguous_prefix_visible_then_blocked,037d6dfb3a369a41e01100fdd53c35ee3fb69ddec5830d61e1138d066a4c2285,32,18,64,False,False,"[0,1,2,4]",1,4,-1,True,3707564419,ok,,"[""RuntimeWarning: divide by zero encountered in scalar divide""]",,,,1.0,0.5,0.5,0.9863123486604318,1.0,0.95,qiskit_mlae_likelihood_ratio,2934.406791,40.216167,2977.035833,3508.9225,17,8,warmup-0008,1,mc_then_qiskit,20260802,4039239741,warmup,11,7,7,7,4,1,2.404,0.004959,531.8835,61916,94118,187904,187904,"[{""grover_power"":0,""max_transpiled_quantum_depth"":6788,""operation_counts_including_non_gates"":{""barrier"":1,""cx"":4352,""measure"":1,""u"":5958},""qubits"":7,""transpiled_quantum_gate_count"":10310},{""grover_power"":1,""max_transpiled_quantum_depth"":20570,""operation_counts_including_non_gates"":{""barrier"":1,""cx"":13192,""measure"":1,""u"":18070},""qubits"":7,""transpiled_quantum_gate_count"":31262},{""grover_power"":2,""max_transpiled_quantum_depth"":34352,""operation_counts_including_non_gates"":{""barrier"":1,""cx"":22032,""measure"":1,""u"":30182},""qubits"":7,""transpiled_quantum_gate_count"":52214},{""grover_power"":4,""max_transpiled_quantum_depth"":61916,""operation_counts_including_non_gates"":{""barrier"":1,""cx"":39712,""measure"":1,""u"":54406},""qubits"":7,""transpiled_quantum_gate_count"":94118}]","[""u"",""cx""]",0,none; all-to-all analysis without a backend target or coupling map
1.0,actual_runtime_and_circuit_metrics,qiskit_statevector_mlae,Qiskit StatevectorSampler finite-shot CPU simulation of synthesized circuits; not a QPU,1,64,0.015625,contiguous_prefix_visible_then_blocked,16abab341fb7f370e27e4dadcf81766dd0dfd0ae64469477bb2cf6614938b2af,64,35,64,True,False,"[0,1,2,4,8]",1,5,-1,True,1392469639,ok,,[],,,,1e-30,-0.015625,0.015625,1e-30,0.00390950341710986,0.95,qiskit_mlae_likelihood_ratio,848.998583,99.479792,949.189584,1002.396459,18,9,warmup-0009,0,qiskit_then_mc,20260802,4039239741,warmup,20,15,15,15,5,1,0.701333,0.005792,53.203292,5320,8317,16635,16635,"[{""grover_power"":0,""max_transpiled_quantum_depth"":216,""operation_counts_including_non_gates"":{""barrier"":1,""cx"":136,""measure"":1,""u"":197},""qubits"":7,""transpiled_quantum_gate_count"":333},{""grover_power"":1,""max_transpiled_quantum_depth"":854,""operation_counts_including_non_gates"":{""barrier"":1,""cx"":544,""measure"":1,""u"":787},""qubits"":7,""transpiled_quantum_gate_count"":1331},{""grover_power"":2,""max_transpiled_quantum_depth"":1492,""operation_counts_including_non_gates"":{""barrier"":1,""cx"":952,""measure"":1,""u"":1377},""qubits"":7,""transpiled_quantum_gate_count"":2329},{""grover_power"":4,""max_transpiled_quantum_depth"":2768,""operation_counts_including_non_gates"":{""barrier"":1,""cx"":1768,""measure"":1,""u"":2557},""qubits"":7,""transpiled_quantum_gate_count"":4325},{""grover_power"":8,""max_transpiled_quantum_depth"":5320,""operation_counts_including_non_gates"":{""barrier"":1,""cx"":3400,""measure"":1,""u"":4917},""qubits"":7,""transpiled_quantum_gate_count"":8317}]","[""u"",""cx""]",0,none; all-to-all analysis without a backend target or coupling map
1.0,actual_runtime_and_circuit_metrics,classical_monte_carlo,Python table MC,1,64,0.015625,contiguous_prefix_visible_then_blocked,16abab341fb7f370e27e4dadcf81766dd0dfd0ae64469477bb2cf6614938b2af,64,35,64,True,False,,,,-1,True,597515481,ok,,[],35,0,with_replacement,0.0,-0.015625,0.015625,0.0,0.09890099232440398,0.95,wilson_score,0.024667,0.00675,0.0315,0.0315,19,9,warmup-0009,1,qiskit_then_mc,20260802,4039239741,warmup,,,,,,,,,,,,,,,,,
1.0,actual_runtime_and_circuit_metrics,classical_monte_carlo,Python table MC,0,64,0.0,contiguous_prefix_visible_then_blocked,f5a5fd42d16a20302798ef6ed309979b43003d2320d9f0e8ea9831a92759fb4b,64,35,64,True,False,,,,-1,True,867642345,ok,,[],35,0,with_replacement,0.0,0.0,0.0,0.0,0.09890099232440398,0.95,wilson_score,0.015208,0.001416,0.016708,0.016708,20,10,warmup-0010,0,mc_then_qiskit,20260802,4039239741,warmup,,,,,,,,,,,,,,,,,
1.0,actual_runtime_and_circuit_metrics,qiskit_statevector_mlae,Qiskit StatevectorSampler finite-shot CPU simulation of synthesized circuits; not a QPU,0,64,0.0,contiguous_prefix_visible_then_blocked,f5a5fd42d16a20302798ef6ed309979b43003d2320d9f0e8ea9831a92759fb4b,64,35,64,True,False,"[0,1,2,4,8]",1,5,-1,True,1735489841,ok,,[],,,,1e-30,1e-30,1e-30,1e-30,0.00390950341710986,0.95,qiskit_mlae_likelihood_ratio,677.22925,100.499334,778.170084,797.129084,21,10,warmup-0010,1,mc_then_qiskit,20260802,4039239741,warmup,20,15,15,15,5,1,0.431583,0.005958,18.955375,1716,2758,5190,5190,"[{""grover_power"":0,""max_transpiled_quantum_depth"":1,""operation_counts_including_non_gates"":{""barrier"":1,""measure"":1,""u"":6},""qubits"":7,""transpiled_quantum_gate_count"":6},{""grover_power"":1,""max_transpiled_quantum_depth"":218,""operation_counts_including_non_gates"":{""barrier"":1,""cx"":136,""measure"":1,""u"":214},""qubits"":7,""transpiled_quantum_gate_count"":350},{""grover_power"":2,""max_transpiled_quantum_depth"":432,""operation_counts_including_non_gates"":{""barrier"":1,""cx"":272,""measure"":1,""u"":422},""qubits"":7,""transpiled_quantum_gate_count"":694},{""grover_power"":4,""max_transpiled_quantum_depth"":860,""operation_counts_including_non_gates"":{""barrier"":1,""cx"":544,""measure"":1,""u"":838},""qubits"":7,""transpiled_quantum_gate_count"":1382},{""grover_power"":8,""max_transpiled_quantum_depth"":1716,""operation_counts_including_non_gates"":{""barrier"":1,""cx"":1088,""measure"":1,""u"":1670},""qubits"":7,""transpiled_quantum_gate_count"":2758}]","[""u"",""cx""]",0,none; all-to-all analysis without a backend target or coupling map
1.0,actual_runtime_and_circuit_metrics,qiskit_statevector_mlae,Qiskit StatevectorSampler finite-shot CPU simulation of synthesized circuits; not a QPU,63,64,0.984375,contiguous_prefix_visible_then_blocked,4a22bb45b68e2388bce472d38b49adb1bb6b08e220e9edede71b70cc62ad2db2,256,245,64,True,True,"[0,1,2,4,8]",7,35,-1,True,452460515,ok,,[],,,,0.9851271904641783,0.0007521904641782928,0.0007521904641782928,0.9801257371814953,0.9892214510288327,0.95,qiskit_mlae_likelihood_ratio,10891.549625,99.791541,10995.509875,12995.250792,22,11,warmup-0011,0,qiskit_then_mc,20260802,4039239741,warmup,140,105,105,105,5,1,4.15575,0.00575,1999.737667,227715,346651,713205,4992435,"[{""grover_power"":0,""max_transpiled_quantum_depth"":13299,""operation_counts_including_non_gates"":{""barrier"":1,""cx"":8568,""measure"":1,""u"":11667},""qubits"":7,""transpiled_quantum_gate_count"":20235},{""grover_power"":1,""max_transpiled_quantum_depth"":40101,""operation_counts_including_non_gates"":{""barrier"":1,""cx"":25840,""measure"":1,""u"":35197},""qubits"":7,""transpiled_quantum_gate_count"":61037},{""grover_power"":2,""max_transpiled_quantum_depth"":66903,""operation_counts_including_non_gates"":{""barrier"":1,""cx"":43112,""measure"":1,""u"":58727},""qubits"":7,""transpiled_quantum_gate_count"":101839},{""grover_power"":4,""max_transpiled_quantum_depth"":120507,""operation_counts_including_non_gates"":{""barrier"":1,""cx"":77656,""measure"":1,""u"":105787},""qubits"":7,""transpiled_quantum_gate_count"":183443},{""grover_power"":8,""max_transpiled_quantum_depth"":227715,""operation_counts_including_non_gates"":{""barrier"":1,""cx"":146744,""measure"":1,""u"":199907},""qubits"":7,""transpiled_quantum_gate_count"":346651}]","[""u"",""cx""]",0,none; all-to-all analysis without a backend target or coupling map
1.0,actual_runtime_and_circuit_metrics,classical_monte_carlo,Python table MC,63,64,0.984375,contiguous_prefix_visible_then_blocked,4a22bb45b68e2388bce472d38b49adb1bb6b08e220e9edede71b70cc62ad2db2,256,245,64,True,True,,,,-1,True,3395789077,ok,,[],245,241,with_replacement,0.9836734693877551,-0.0007015306122448717,0.0007015306122448717,0.9587805564442594,0.9936330852502838,0.95,wilson_score,0.067333,0.007083,0.074458,0.074458,23,11,warmup-0011,1,qiskit_then_mc,20260802,4039239741,warmup,,,,,,,,,,,,,,,,,
1.0,actual_runtime_and_circuit_metrics,classical_monte_carlo,Python table MC,56,64,0.875,contiguous_prefix_visible_then_blocked,3c2388fcb014d41bb64b30937ecf31fd7ffb7b9790d03bc63ad567d3c56e6f33,32,18,64,False,False,,,,-1,True,868109791,ok,,[],18,17,with_replacement,0.9444444444444444,0.06944444444444442,0.06944444444444442,0.7424269921812743,0.990124809021697,0.95,wilson_score,0.011958,0.001583,0.013583,0.013583,24,12,warmup-0012,0,mc_then_qiskit,20260802,4039239741,warmup,,,,,,,,,,,,,,,,,
1.0,actual_runtime_and_circuit_metrics,qiskit_statevector_mlae,Qiskit StatevectorSampler finite-shot CPU simulation of synthesized circuits; not a QPU,56,64,0.875,contiguous_prefix_visible_then_blocked,3c2388fcb014d41bb64b30937ecf31fd7ffb7b9790d03bc63ad567d3c56e6f33,32,18,64,False,False,"[0,1,2,4]",1,4,-1,True,2664613122,ok,,[],,,,0.8804140436254039,0.005414043625403875,0.005414043625403875,0.7969687646163968,0.9453186612726312,0.95,qiskit_mlae_likelihood_ratio,4919.91025,40.0975,4964.197292,5884.333375,25,12,warmup-0012,1,mc_then_qiskit,20260802,4039239741,warmup,11,7,7,7,4,1,4.177041,0.006792,920.132333,107276,163382,326432,326432,"[{""grover_power"":0,""max_transpiled_quantum_depth"":11828,""operation_counts_including_non_gates"":{""barrier"":1,""cx"":7616,""measure"":1,""u"":10390},""qubits"":7,""transpiled_quantum_gate_count"":18006},{""grover_power"":1,""max_transpiled_quantum_depth"":35690,""operation_counts_including_non_gates"":{""barrier"":1,""cx"":22984,""measure"":1,""u"":31366},""qubits"":7,""transpiled_quantum_gate_count"":54350},{""grover_power"":2,""max_transpiled_quantum_depth"":59552,""operation_counts_including_non_gates"":{""barrier"":1,""cx"":38352,""measure"":1,""u"":52342},""qubits"":7,""transpiled_quantum_gate_count"":90694},{""grover_power"":4,""max_transpiled_quantum_depth"":107276,""operation_counts_including_non_gates"":{""barrier"":1,""cx"":69088,""measure"":1,""u"":94294},""qubits"":7,""transpiled_quantum_gate_count"":163382}]","[""u"",""cx""]",0,none; all-to-all analysis without a backend target or coupling map
1.0,actual_runtime_and_circuit_metrics,qiskit_statevector_mlae,Qiskit StatevectorSampler finite-shot CPU simulation of synthesized circuits; not a QPU,0,64,0.0,contiguous_prefix_visible_then_blocked,f5a5fd42d16a20302798ef6ed309979b43003d2320d9f0e8ea9831a92759fb4b,256,245,64,True,True,"[0,1,2,4,8]",7,35,-1,True,714251433,ok,,[],,,,1e-30,1e-30,1e-30,1e-30,0.0006597939355153962,0.95,qiskit_mlae_likelihood_ratio,680.625042,97.335875,778.366708,796.571542,26,13,warmup-0013,0,qiskit_then_mc,20260802,4039239741,warmup,140,105,105,105,5,1,0.395792,0.005833,18.200084,1716,2758,5190,36330,"[{""grover_power"":0,""max_transpiled_quantum_depth"":1,""operation_counts_including_non_gates"":{""barrier"":1,""measure"":1,""u"":6},""qubits"":7,""transpiled_quantum_gate_count"":6},{""grover_power"":1,""max_transpiled_quantum_depth"":218,""operation_counts_including_non_gates"":{""barrier"":1,""cx"":136,""measure"":1,""u"":214},""qubits"":7,""transpiled_quantum_gate_count"":350},{""grover_power"":2,""max_transpiled_quantum_depth"":432,""operation_counts_including_non_gates"":{""barrier"":1,""cx"":272,""measure"":1,""u"":422},""qubits"":7,""transpiled_quantum_gate_count"":694},{""grover_power"":4,""max_transpiled_quantum_depth"":860,""operation_counts_including_non_gates"":{""barrier"":1,""cx"":544,""measure"":1,""u"":838},""qubits"":7,""transpiled_quantum_gate_count"":1382},{""grover_power"":8,""max_transpiled_quantum_depth"":1716,""operation_counts_including_non_gates"":{""barrier"":1,""cx"":1088,""measure"":1,""u"":1670},""qubits"":7,""transpiled_quantum_gate_count"":2758}]","[""u"",""cx""]",0,none; all-to-all analysis without a backend target or coupling map
1.0,actual_runtime_and_circuit_metrics,classical_monte_carlo,Python table MC,0,64,0.0,contiguous_prefix_visible_then_blocked,f5a5fd42d16a20302798ef6ed309979b43003d2320d9f0e8ea9831a92759fb4b,256,245,64,True,True,,,,-1,True,3545987593,ok,,[],245,0,with_replacement,0.0,0.0,0.0,0.0,0.015437374619565042,0.95,wilson_score,0.068292,0.006208,0.074583,0.074583,27,13,warmup-0013,1,qiskit_then_mc,20260802,4039239741,warmup,,,,,,,,,,,,,,,,,
1.0,actual_runtime_and_circuit_metrics,classical_monte_carlo,Python table MC,8,64,0.125,contiguous_prefix_visible_then_blocked,407b84e032b28972b59fe5732c4e37776624a39308e563a5604359ca2b16ec23,128,105,64,True,True,,,,-1,True,1536427989,ok,,[],105,19,with_replacement,0.18095238095238095,0.05595238095238095,0.05595238095238095,0.11901666335076501,0.26540908097542887,0.95,wilson_score,0.03,0.001333,0.031375,0.031375,28,14,warmup-0014,0,mc_then_qiskit,20260802,4039239741,warmup,,,,,,,,,,,,,,,,,
1.0,actual_runtime_and_circuit_metrics,qiskit_statevector_mlae,Qiskit StatevectorSampler finite-shot CPU simulation of synthesized circuits; not a QPU,8,64,0.125,contiguous_prefix_visible_then_blocked,407b84e032b28972b59fe5732c4e37776624a39308e563a5604359ca2b16ec23,128,105,64,True,True,"[0,1,2,4,8]",3,15,-1,True,215823969,ok,,[],,,,0.12498042872693974,-1.957127306026485e-05,1.957127306026485e-05,0.10163151958051264,0.15130797902508714,0.95,qiskit_mlae_likelihood_ratio,1989.922625,100.141375,2091.100709,2364.627,29,14,warmup-0014,1,mc_then_qiskit,20260802,4039239741,warmup,60,45,45,45,5,1,1.028167,0.005167,273.522708,30548,46822,95910,287730,"[{""grover_power"":0,""max_transpiled_quantum_depth"":1700,""operation_counts_including_non_gates"":{""barrier"":1,""cx"":1088,""measure"":1,""u"":1510},""qubits"":7,""transpiled_quantum_gate_count"":2598},{""grover_power"":1,""max_transpiled_quantum_depth"":5306,""operation_counts_including_non_gates"":{""barrier"":1,""cx"":3400,""measure"":1,""u"":4726},""qubits"":7,""transpiled_quantum_gate_count"":8126},{""grover_power"":2,""max_transpiled_quantum_depth"":8912,""operation_counts_including_non_gates"":{""barrier"":1,""cx"":5712,""measure"":1,""u"":7942},""qubits"":7,""transpiled_quantum_gate_count"":13654},{""grover_power"":4,""max_transpiled_quantum_depth"":16124,""operation_counts_including_non_gates"":{""barrier"":1,""cx"":10336,""measure"":1,""u"":14374},""qubits"":7,""transpiled_quantum_gate_count"":24710},{""grover_power"":8,""max_transpiled_quantum_depth"":30548,""operation_counts_including_non_gates"":{""barrier"":1,""cx"":19584,""measure"":1,""u"":27238},""qubits"":7,""transpiled_quantum_gate_count"":46822}]","[""u"",""cx""]",0,none; all-to-all analysis without a backend target or coupling map
1.0,actual_runtime_and_circuit_metrics,qiskit_statevector_mlae,Qiskit StatevectorSampler finite-shot CPU simulation of synthesized circuits; not a QPU,64,64,1.0,contiguous_prefix_visible_then_blocked,7c8975e1e60a5c8337f28edf8c33c3b180360b7279644a9bc1af3c51e6220bf5,32,18,64,False,False,"[0,1,2,4]",1,4,-1,True,1552025177,ok,,"[""RuntimeWarning: divide by zero encountered in scalar divide""]",,,,1.0,0.0,0.0,0.9863123486604318,1.0,0.95,qiskit_mlae_likelihood_ratio,282.775917,40.056792,323.339208,333.961041,30,15,warmup-0015,0,qiskit_then_mc,20260802,4039239741,warmup,11,7,7,7,4,1,0.496167,0.006292,10.619458,860,1391,2450,2450,"[{""grover_power"":0,""max_transpiled_quantum_depth"":1,""operation_counts_including_non_gates"":{""barrier"":1,""measure"":1,""u"":7},""qubits"":7,""transpiled_quantum_gate_count"":7},{""grover_power"":1,""max_transpiled_quantum_depth"":218,""operation_counts_including_non_gates"":{""barrier"":1,""cx"":136,""measure"":1,""u"":217},""qubits"":7,""transpiled_quantum_gate_count"":353},{""grover_power"":2,""max_transpiled_quantum_depth"":432,""operation_counts_including_non_gates"":{""barrier"":1,""cx"":272,""measure"":1,""u"":427},""qubits"":7,""transpiled_quantum_gate_count"":699},{""grover_power"":4,""max_transpiled_quantum_depth"":860,""operation_counts_including_non_gates"":{""barrier"":1,""cx"":544,""measure"":1,""u"":847},""qubits"":7,""transpiled_quantum_gate_count"":1391}]","[""u"",""cx""]",0,none; all-to-all analysis without a backend target or coupling map
1.0,actual_runtime_and_circuit_metrics,classical_monte_carlo,Python table MC,64,64,1.0,contiguous_prefix_visible_then_blocked,7c8975e1e60a5c8337f28edf8c33c3b180360b7279644a9bc1af3c51e6220bf5,32,18,64,False,False,,,,-1,True,1110601959,ok,,[],18,18,with_replacement,1.0,0.0,0.0,0.8241207763533426,1.0,0.95,wilson_score,0.020209,0.00775,0.028,0.028,31,15,warmup-0015,1,qiskit_then_mc,20260802,4039239741,warmup,,,,,,,,,,,,,,,,,
1.0,actual_runtime_and_circuit_metrics,classical_monte_carlo,Python table MC,63,64,0.984375,contiguous_prefix_visible_then_blocked,4a22bb45b68e2388bce472d38b49adb1bb6b08e220e9edede71b70cc62ad2db2,64,35,64,True,False,,,,-1,True,201609245,ok,,[],35,35,with_replacement,1.0,0.015625,0.015625,0.9010990076755961,1.0,0.95,wilson_score,0.015875,0.001667,0.017584,0.017584,32,16,warmup-0016,0,mc_then_qiskit,20260802,4039239741,warmup,,,,,,,,,,,,,,,,,
1.0,actual_runtime_and_circuit_metrics,qiskit_statevector_mlae,Qiskit StatevectorSampler finite-shot CPU simulation of synthesized circuits; not a QPU,63,64,0.984375,contiguous_prefix_visible_then_blocked,4a22bb45b68e2388bce472d38b49adb1bb6b08e220e9edede71b70cc62ad2db2,64,35,64,True,False,"[0,1,2,4,8]",1,5,-1,True,695191524,ok,,[],,,,0.9895290465121926,0.005154046512192645,0.005154046512192645,0.11166117147246961,0.998108681344,0.95,qiskit_mlae_likelihood_ratio,10960.823375,100.972166,11066.580958,13069.777583,33,16,warmup-0016,1,mc_then_qiskit,20260802,4039239741,warmup,20,15,15,15,5,1,4.773916,0.007417,2003.192708,227715,346651,713205,713205,"[{""grover_power"":0,""max_transpiled_quantum_depth"":13299,""operation_counts_including_non_gates"":{""barrier"":1,""cx"":8568,""measure"":1,""u"":11667},""qubits"":7,""transpiled_quantum_gate_count"":20235},{""grover_power"":1,""max_transpiled_quantum_depth"":40101,""operation_counts_including_non_gates"":{""barrier"":1,""cx"":25840,""measure"":1,""u"":35197},""qubits"":7,""transpiled_quantum_gate_count"":61037},{""grover_power"":2,""max_transpiled_quantum_depth"":66903,""operation_counts_including_non_gates"":{""barrier"":1,""cx"":43112,""measure"":1,""u"":58727},""qubits"":7,""transpiled_quantum_gate_count"":101839},{""grover_power"":4,""max_transpiled_quantum_depth"":120507,""operation_counts_including_non_gates"":{""barrier"":1,""cx"":77656,""measure"":1,""u"":105787},""qubits"":7,""transpiled_quantum_gate_count"":183443},{""grover_power"":8,""max_transpiled_quantum_depth"":227715,""operation_counts_including_non_gates"":{""barrier"":1,""cx"":146744,""measure"":1,""u"":199907},""qubits"":7,""transpiled_quantum_gate_count"":346651}]","[""u"",""cx""]",0,none; all-to-all analysis without a backend target or coupling map
1.0,actual_runtime_and_circuit_metrics,qiskit_statevector_mlae,Qiskit StatevectorSampler finite-shot CPU simulation of synthesized circuits; not a QPU,56,64,0.875,contiguous_prefix_visible_then_blocked,3c2388fcb014d41bb64b30937ecf31fd7ffb7b9790d03bc63ad567d3c56e6f33,512,490,64,True,True,"[0,1,2,4,8]",14,70,-1,True,809222523,ok,,[],,,,0.8609757091757413,-0.014024290824258712,0.014024290824258712,0.8515478199213267,0.8911967288004887,0.95,qiskit_mlae_likelihood_ratio,9845.030542,100.47875,9953.750083,11731.803833,34,17,warmup-0017,0,qiskit_then_mc,20260802,4039239741,warmup,280,210,210,210,5,1,8.229,0.007042,1778.050125,202724,308758,635190,8892660,"[{""grover_power"":0,""max_transpiled_quantum_depth"":11828,""operation_counts_including_non_gates"":{""barrier"":1,""cx"":7616,""measure"":1,""u"":10390},""qubits"":7,""transpiled_quantum_gate_count"":18006},{""grover_power"":1,""max_transpiled_quantum_depth"":35690,""operation_counts_including_non_gates"":{""barrier"":1,""cx"":22984,""measure"":1,""u"":31366},""qubits"":7,""transpiled_quantum_gate_count"":54350},{""grover_power"":2,""max_transpiled_quantum_depth"":59552,""operation_counts_including_non_gates"":{""barrier"":1,""cx"":38352,""measure"":1,""u"":52342},""qubits"":7,""transpiled_quantum_gate_count"":90694},{""grover_power"":4,""max_transpiled_quantum_depth"":107276,""operation_counts_including_non_gates"":{""barrier"":1,""cx"":69088,""measure"":1,""u"":94294},""qubits"":7,""transpiled_quantum_gate_count"":163382},{""grover_power"":8,""max_transpiled_quantum_depth"":202724,""operation_counts_including_non_gates"":{""barrier"":1,""cx"":130560,""measure"":1,""u"":178198},""qubits"":7,""transpiled_quantum_gate_count"":308758}]","[""u"",""cx""]",0,none; all-to-all analysis without a backend target or coupling map
1.0,actual_runtime_and_circuit_metrics,classical_monte_carlo,Python table MC,56,64,0.875,contiguous_prefix_visible_then_blocked,3c2388fcb014d41bb64b30937ecf31fd7ffb7b9790d03bc63ad567d3c56e6f33,512,490,64,True,True,,,,-1,True,3785141100,ok,,[],490,424,with_replacement,0.8653061224489796,-0.009693877551020358,0.009693877551020358,0.8322205501016664,0.8927084602226452,0.95,wilson_score,0.120542,0.006958,0.127542,0.127542,35,17,warmup-0017,1,qiskit_then_mc,20260802,4039239741,warmup,,,,,,,,,,,,,,,,,
1.0,actual_runtime_and_circuit_metrics,classical_monte_carlo,Python table MC,0,64,0.0,contiguous_prefix_visible_then_blocked,f5a5fd42d16a20302798ef6ed309979b43003d2320d9f0e8ea9831a92759fb4b,512,490,64,True,True,,,,-1,True,174337687,ok,,[],490,0,with_replacement,0.0,0.0,0.0,0.0,0.007778728885718958,0.95,wilson_score,0.109416,0.00225,0.111708,0.111708,36,18,warmup-0018,0,mc_then_qiskit,20260802,4039239741,warmup,,,,,,,,,,,,,,,,,
1.0,actual_runtime_and_circuit_metrics,qiskit_statevector_mlae,Qiskit StatevectorSampler finite-shot CPU simulation of synthesized circuits; not a QPU,0,64,0.0,contiguous_prefix_visible_then_blocked,f5a5fd42d16a20302798ef6ed309979b43003d2320d9f0e8ea9831a92759fb4b,512,490,64,True,True,"[0,1,2,4,8]",14,70,-1,True,2457696294,ok,,[],,,,1e-30,1e-30,1e-30,1e-30,0.00033307166931279903,0.95,qiskit_mlae_likelihood_ratio,690.351167,106.092958,796.910333,815.460666,37,18,warmup-0018,1,mc_then_qiskit,20260802,4039239741,warmup,280,210,210,210,5,1,0.455959,0.006,18.547125,1716,2758,5190,72660,"[{""grover_power"":0,""max_transpiled_quantum_depth"":1,""operation_counts_including_non_gates"":{""barrier"":1,""measure"":1,""u"":6},""qubits"":7,""transpiled_quantum_gate_count"":6},{""grover_power"":1,""max_transpiled_quantum_depth"":218,""operation_counts_including_non_gates"":{""barrier"":1,""cx"":136,""measure"":1,""u"":214},""qubits"":7,""transpiled_quantum_gate_count"":350},{""grover_power"":2,""max_transpiled_quantum_depth"":432,""operation_counts_including_non_gates"":{""barrier"":1,""cx"":272,""measure"":1,""u"":422},""qubits"":7,""transpiled_quantum_gate_count"":694},{""grover_power"":4,""max_transpiled_quantum_depth"":860,""operation_counts_including_non_gates"":{""barrier"":1,""cx"":544,""measure"":1,""u"":838},""qubits"":7,""transpiled_quantum_gate_count"":1382},{""grover_power"":8,""max_transpiled_quantum_depth"":1716,""operation_counts_including_non_gates"":{""barrier"":1,""cx"":1088,""measure"":1,""u"":1670},""qubits"":7,""transpiled_quantum_gate_count"":2758}]","[""u"",""cx""]",0,none; all-to-all analysis without a backend target or coupling map
1.0,actual_runtime_and_circuit_metrics,qiskit_statevector_mlae,Qiskit StatevectorSampler finite-shot CPU simulation of synthesized circuits; not a QPU,32,64,0.5,contiguous_prefix_visible_then_blocked,037d6dfb3a369a41e01100fdd53c35ee3fb69ddec5830d61e1138d066a4c2285,256,245,64,True,True,"[0,1,2,4,8]",7,35,-1,True,2571371078,ok,,[],,,,0.4842827505025964,-0.015717249497403607,0.015717249497403607,0.46780131409633174,0.5028439316977139,0.95,qiskit_mlae_likelihood_ratio,5995.381333,99.8225,6097.655292,7136.396875,38,19,warmup-0019,0,qiskit_then_mc,20260802,4039239741,warmup,140,105,105,105,5,1,2.438167,0.0095,1038.737583,117044,177926,365830,2560810,"[{""grover_power"":0,""max_transpiled_quantum_depth"":6788,""operation_counts_including_non_gates"":{""barrier"":1,""cx"":4352,""measure"":1,""u"":5958},""qubits"":7,""transpiled_quantum_gate_count"":10310},{""grover_power"":1,""max_transpiled_quantum_depth"":20570,""operation_counts_including_non_gates"":{""barrier"":1,""cx"":13192,""measure"":1,""u"":18070},""qubits"":7,""transpiled_quantum_gate_count"":31262},{""grover_power"":2,""max_transpiled_quantum_depth"":34352,""operation_counts_including_non_gates"":{""barrier"":1,""cx"":22032,""measure"":1,""u"":30182},""qubits"":7,""transpiled_quantum_gate_count"":52214},{""grover_power"":4,""max_transpiled_quantum_depth"":61916,""operation_counts_including_non_gates"":{""barrier"":1,""cx"":39712,""measure"":1,""u"":54406},""qubits"":7,""transpiled_quantum_gate_count"":94118},{""grover_power"":8,""max_transpiled_quantum_depth"":117044,""operation_counts_including_non_gates"":{""barrier"":1,""cx"":75072,""measure"":1,""u"":102854},""qubits"":7,""transpiled_quantum_gate_count"":177926}]","[""u"",""cx""]",0,none; all-to-all analysis without a backend target or coupling map
1.0,actual_runtime_and_circuit_metrics,classical_monte_carlo,Python table MC,32,64,0.5,contiguous_prefix_visible_then_blocked,037d6dfb3a369a41e01100fdd53c35ee3fb69ddec5830d61e1138d066a4c2285,256,245,64,True,True,,,,-1,True,364604640,ok,,[],245,138,with_replacement,0.563265306122449,0.06326530612244896,0.06326530612244896,0.5006566072095474,0.6239207045732832,0.95,wilson_score,0.0675,0.006917,0.074459,0.074459,39,19,warmup-0019,1,qiskit_then_mc,20260802,4039239741,warmup,,,,,,,,,,,,,,,,,
1.0,actual_runtime_and_circuit_metrics,classical_monte_carlo,Python table MC,64,64,1.0,contiguous_prefix_visible_then_blocked,7c8975e1e60a5c8337f28edf8c33c3b180360b7279644a9bc1af3c51e6220bf5,256,245,64,True,True,,,,-1,True,1639303281,ok,,[],245,245,with_replacement,1.0,0.0,0.0,0.984562625380435,1.0,0.95,wilson_score,0.05975,0.001625,0.061416,0.061416,40,20,warmup-0020,0,mc_then_qiskit,20260802,4039239741,warmup,,,,,,,,,,,,,,,,,
1.0,actual_runtime_and_circuit_metrics,qiskit_statevector_mlae,Qiskit StatevectorSampler finite-shot CPU simulation of synthesized circuits; not a QPU,64,64,1.0,contiguous_prefix_visible_then_blocked,7c8975e1e60a5c8337f28edf8c33c3b180360b7279644a9bc1af3c51e6220bf5,256,245,64,True,True,"[0,1,2,4,8]",7,35,-1,True,155665528,ok,,"[""RuntimeWarning: divide by zero encountered in scalar divide""]",,,,1.0,0.0,0.0,0.9993402060644846,1.0,0.95,qiskit_mlae_likelihood_ratio,692.39575,99.940708,792.872583,815.65425,41,20,warmup-0020,1,mc_then_qiskit,20260802,4039239741,warmup,140,105,105,105,5,1,0.526667,0.005459,22.778458,1716,2775,5225,36575,"[{""grover_power"":0,""max_transpiled_quantum_depth"":1,""operation_counts_including_non_gates"":{""barrier"":1,""measure"":1,""u"":7},""qubits"":7,""transpiled_quantum_gate_count"":7},{""grover_power"":1,""max_transpiled_quantum_depth"":218,""operation_counts_including_non_gates"":{""barrier"":1,""cx"":136,""measure"":1,""u"":217},""qubits"":7,""transpiled_quantum_gate_count"":353},{""grover_power"":2,""max_transpiled_quantum_depth"":432,""operation_counts_including_non_gates"":{""barrier"":1,""cx"":272,""measure"":1,""u"":427},""qubits"":7,""transpiled_quantum_gate_count"":699},{""grover_power"":4,""max_transpiled_quantum_depth"":860,""operation_counts_including_non_gates"":{""barrier"":1,""cx"":544,""measure"":1,""u"":847},""qubits"":7,""transpiled_quantum_gate_count"":1391},{""grover_power"":8,""max_transpiled_quantum_depth"":1716,""operation_counts_including_non_gates"":{""barrier"":1,""cx"":1088,""measure"":1,""u"":1687},""qubits"":7,""transpiled_quantum_gate_count"":2775}]","[""u"",""cx""]",0,none; all-to-all analysis without a backend target or coupling map
1.0,actual_runtime_and_circuit_metrics,qiskit_statevector_mlae,Qiskit StatevectorSampler finite-shot CPU simulation of synthesized circuits; not a QPU,1,64,0.015625,contiguous_prefix_visible_then_blocked,16abab341fb7f370e27e4dadcf81766dd0dfd0ae64469477bb2cf6614938b2af,256,245,64,True,True,"[0,1,2,4,8]",7,35,-1,True,423773324,ok,,[],,,,0.014467022407480636,-0.0011579775925193644,0.0011579775925193644,0.004059121608538376,0.019251026557585267,0.95,qiskit_mlae_likelihood_ratio,855.169542,97.599125,953.242333,1009.114167,42,21,warmup-0021,0,qiskit_then_mc,20260802,4039239741,warmup,140,105,105,105,5,1,0.465167,0.004709,55.867875,5320,8317,16635,116445,"[{""grover_power"":0,""max_transpiled_quantum_depth"":216,""operation_counts_including_non_gates"":{""barrier"":1,""cx"":136,""measure"":1,""u"":197},""qubits"":7,""transpiled_quantum_gate_count"":333},{""grover_power"":1,""max_transpiled_quantum_depth"":854,""operation_counts_including_non_gates"":{""barrier"":1,""cx"":544,""measure"":1,""u"":787},""qubits"":7,""transpiled_quantum_gate_count"":1331},{""grover_power"":2,""max_transpiled_quantum_depth"":1492,""operation_counts_including_non_gates"":{""barrier"":1,""cx"":952,""measure"":1,""u"":1377},""qubits"":7,""transpiled_quantum_gate_count"":2329},{""grover_power"":4,""max_transpiled_quantum_depth"":2768,""operation_counts_including_non_gates"":{""barrier"":1,""cx"":1768,""measure"":1,""u"":2557},""qubits"":7,""transpiled_quantum_gate_count"":4325},{""grover_power"":8,""max_transpiled_quantum_depth"":5320,""operation_counts_including_non_gates"":{""barrier"":1,""cx"":3400,""measure"":1,""u"":4917},""qubits"":7,""transpiled_quantum_gate_count"":8317}]","[""u"",""cx""]",0,none; all-to-all analysis without a backend target or coupling map
1.0,actual_runtime_and_circuit_metrics,classical_monte_carlo,Python table MC,1,64,0.015625,contiguous_prefix_visible_then_blocked,16abab341fb7f370e27e4dadcf81766dd0dfd0ae64469477bb2cf6614938b2af,256,245,64,True,True,,,,-1,True,2293770127,ok,,[],245,9,with_replacement,0.036734693877551024,0.021109693877551024,0.021109693877551024,0.019444509267462055,0.06832807864535945,0.95,wilson_score,0.06475,0.006667,0.071458,0.071458,43,21,warmup-0021,1,qiskit_then_mc,20260802,4039239741,warmup,,,,,,,,,,,,,,,,,
1.0,actual_runtime_and_circuit_metrics,classical_monte_carlo,Python table MC,56,64,0.875,contiguous_prefix_visible_then_blocked,3c2388fcb014d41bb64b30937ecf31fd7ffb7b9790d03bc63ad567d3c56e6f33,256,245,64,True,True,,,,-1,True,2222874052,ok,,[],245,220,with_replacement,0.8979591836734694,0.022959183673469385,0.022959183673469385,0.8537074034474115,0.9299240738962,0.95,wilson_score,0.057,0.001917,0.058958,0.058958,44,22,warmup-0022,0,mc_then_qiskit,20260802,4039239741,warmup,,,,,,,,,,,,,,,,,
1.0,actual_runtime_and_circuit_metrics,qiskit_statevector_mlae,Qiskit StatevectorSampler finite-shot CPU simulation of synthesized circuits; not a QPU,56,64,0.875,contiguous_prefix_visible_then_blocked,3c2388fcb014d41bb64b30937ecf31fd7ffb7b9790d03bc63ad567d3c56e6f33,256,245,64,True,True,"[0,1,2,4,8]",7,35,-1,True,1840388740,ok,,[],,,,0.8760512370428867,0.0010512370428866769,0.0010512370428866769,0.8588497258474441,0.8918575992621786,0.95,qiskit_mlae_likelihood_ratio,9708.238541,99.684333,9811.994833,11609.616583,45,22,warmup-0022,1,mc_then_qiskit,20260802,4039239741,warmup,140,105,105,105,5,1,4.060625,0.006416,1797.618375,202724,308758,635190,4446330,"[{""grover_power"":0,""max_transpiled_quantum_depth"":11828,""operation_counts_including_non_gates"":{""barrier"":1,""cx"":7616,""measure"":1,""u"":10390},""qubits"":7,""transpiled_quantum_gate_count"":18006},{""grover_power"":1,""max_transpiled_quantum_depth"":35690,""operation_counts_including_non_gates"":{""barrier"":1,""cx"":22984,""measure"":1,""u"":31366},""qubits"":7,""transpiled_quantum_gate_count"":54350},{""grover_power"":2,""max_transpiled_quantum_depth"":59552,""operation_counts_including_non_gates"":{""barrier"":1,""cx"":38352,""measure"":1,""u"":52342},""qubits"":7,""transpiled_quantum_gate_count"":90694},{""grover_power"":4,""max_transpiled_quantum_depth"":107276,""operation_counts_including_non_gates"":{""barrier"":1,""cx"":69088,""measure"":1,""u"":94294},""qubits"":7,""transpiled_quantum_gate_count"":163382},{""grover_power"":8,""max_transpiled_quantum_depth"":202724,""operation_counts_including_non_gates"":{""barrier"":1,""cx"":130560,""measure"":1,""u"":178198},""qubits"":7,""transpiled_quantum_gate_count"":308758}]","[""u"",""cx""]",0,none; all-to-all analysis without a backend target or coupling map
1.0,actual_runtime_and_circuit_metrics,qiskit_statevector_mlae,Qiskit StatevectorSampler finite-shot CPU simulation of synthesized circuits; not a QPU,63,64,0.984375,contiguous_prefix_visible_then_blocked,4a22bb45b68e2388bce472d38b49adb1bb6b08e220e9edede71b70cc62ad2db2,128,105,64,True,True,"[0,1,2,4,8]",3,15,-1,True,631874653,ok,,[],,,,0.995893049240128,0.011518049240128003,0.011518049240128003,0.9799684082630842,0.998570698195899,0.95,qiskit_mlae_likelihood_ratio,10979.967333,100.816666,11085.294041,13101.312833,46,23,warmup-0023,0,qiskit_then_mc,20260802,4039239741,warmup,60,45,45,45,5,1,4.499416,0.006375,2016.014958,227715,346651,713205,2139615,"[{""grover_power"":0,""max_transpiled_quantum_depth"":13299,""operation_counts_including_non_gates"":{""barrier"":1,""cx"":8568,""measure"":1,""u"":11667},""qubits"":7,""transpiled_quantum_gate_count"":20235},{""grover_power"":1,""max_transpiled_quantum_depth"":40101,""operation_counts_including_non_gates"":{""barrier"":1,""cx"":25840,""measure"":1,""u"":35197},""qubits"":7,""transpiled_quantum_gate_count"":61037},{""grover_power"":2,""max_transpiled_quantum_depth"":66903,""operation_counts_including_non_gates"":{""barrier"":1,""cx"":43112,""measure"":1,""u"":58727},""qubits"":7,""transpiled_quantum_gate_count"":101839},{""grover_power"":4,""max_transpiled_quantum_depth"":120507,""operation_counts_including_non_gates"":{""barrier"":1,""cx"":77656,""measure"":1,""u"":105787},""qubits"":7,""transpiled_quantum_gate_count"":183443},{""grover_power"":8,""max_transpiled_quantum_depth"":227715,""operation_counts_including_non_gates"":{""barrier"":1,""cx"":146744,""measure"":1,""u"":199907},""qubits"":7,""transpiled_quantum_gate_count"":346651}]","[""u"",""cx""]",0,none; all-to-all analysis without a backend target or coupling map
1.0,actual_runtime_and_circuit_metrics,classical_monte_carlo,Python table MC,63,64,0.984375,contiguous_prefix_visible_then_blocked,4a22bb45b68e2388bce472d38b49adb1bb6b08e220e9edede71b70cc62ad2db2,128,105,64,True,True,,,,-1,True,2100476294,ok,,[],105,102,with_replacement,0.9714285714285714,-0.012946428571428581,0.012946428571428581,0.9193437093626845,0.9902361609612976,0.95,wilson_score,0.039792,0.00725,0.047125,0.047125,47,23,warmup-0023,1,qiskit_then_mc,20260802,4039239741,warmup,,,,,,,,,,,,,,,,,
1.0,actual_runtime_and_circuit_metrics,classical_monte_carlo,Python table MC,1,64,0.015625,contiguous_prefix_visible_then_blocked,16abab341fb7f370e27e4dadcf81766dd0dfd0ae64469477bb2cf6614938b2af,512,490,64,True,True,,,,-1,True,1850952301,ok,,[],490,7,with_replacement,0.014285714285714285,-0.0013392857142857147,0.0013392857142857147,0.006936856554075832,0.029191051506336864,0.95,wilson_score,0.11275,0.002625,0.115416,0.115416,48,24,warmup-0024,0,mc_then_qiskit,20260802,4039239741,warmup,,,,,,,,,,,,,,,,,
1.0,actual_runtime_and_circuit_metrics,qiskit_statevector_mlae,Qiskit StatevectorSampler finite-shot CPU simulation of synthesized circuits; not a QPU,1,64,0.015625,contiguous_prefix_visible_then_blocked,16abab341fb7f370e27e4dadcf81766dd0dfd0ae64469477bb2cf6614938b2af,512,490,64,True,True,"[0,1,2,4,8]",14,70,-1,True,1247816734,ok,,[],,,,0.016233711041527234,0.0006087110415272344,0.0006087110415272344,0.01308325269596642,0.019734925089088133,0.95,qiskit_mlae_likelihood_ratio,864.903084,99.575166,965.162583,1016.849583,49,24,warmup-0024,1,mc_then_qiskit,20260802,4039239741,warmup,280,210,210,210,5,1,0.675083,0.005583,51.679708,5320,8317,16635,232890,"[{""grover_power"":0,""max_transpiled_quantum_depth"":216,""operation_counts_including_non_gates"":{""barrier"":1,""cx"":136,""measure"":1,""u"":197},""qubits"":7,""transpiled_quantum_gate_count"":333},{""grover_power"":1,""max_transpiled_quantum_depth"":854,""operation_counts_including_non_gates"":{""barrier"":1,""cx"":544,""measure"":1,""u"":787},""qubits"":7,""transpiled_quantum_gate_count"":1331},{""grover_power"":2,""max_transpiled_quantum_depth"":1492,""operation_counts_including_non_gates"":{""barrier"":1,""cx"":952,""measure"":1,""u"":1377},""qubits"":7,""transpiled_quantum_gate_count"":2329},{""grover_power"":4,""max_transpiled_quantum_depth"":2768,""operation_counts_including_non_gates"":{""barrier"":1,""cx"":1768,""measure"":1,""u"":2557},""qubits"":7,""transpiled_quantum_gate_count"":4325},{""grover_power"":8,""max_transpiled_quantum_depth"":5320,""operation_counts_including_non_gates"":{""barrier"":1,""cx"":3400,""measure"":1,""u"":4917},""qubits"":7,""transpiled_quantum_gate_count"":8317}]","[""u"",""cx""]",0,none; all-to-all analysis without a backend target or coupling map
1.0,actual_runtime_and_circuit_metrics,qiskit_statevector_mlae,Qiskit StatevectorSampler finite-shot CPU simulation of synthesized circuits; not a QPU,0,64,0.0,contiguous_prefix_visible_then_blocked,f5a5fd42d16a20302798ef6ed309979b43003d2320d9f0e8ea9831a92759fb4b,32,18,64,False,False,"[0,1,2,4]",1,4,-1,True,365775121,ok,,[],,,,1e-30,1e-30,1e-30,1e-30,0.013687651339568268,0.95,qiskit_mlae_likelihood_ratio,283.034041,40.797,324.274792,334.035458,50,25,warmup-0025,0,qiskit_then_mc,20260802,4039239741,warmup,11,7,7,7,4,1,0.434125,0.005291,9.757291,860,1382,2432,2432,"[{""grover_power"":0,""max_transpiled_quantum_depth"":1,""operation_counts_including_non_gates"":{""barrier"":1,""measure"":1,""u"":6},""qubits"":7,""transpiled_quantum_gate_count"":6},{""grover_power"":1,""max_transpiled_quantum_depth"":218,""operation_counts_including_non_gates"":{""barrier"":1,""cx"":136,""measure"":1,""u"":214},""qubits"":7,""transpiled_quantum_gate_count"":350},{""grover_power"":2,""max_transpiled_quantum_depth"":432,""operation_counts_including_non_gates"":{""barrier"":1,""cx"":272,""measure"":1,""u"":422},""qubits"":7,""transpiled_quantum_gate_count"":694},{""grover_power"":4,""max_transpiled_quantum_depth"":860,""operation_counts_including_non_gates"":{""barrier"":1,""cx"":544,""measure"":1,""u"":838},""qubits"":7,""transpiled_quantum_gate_count"":1382}]","[""u"",""cx""]",0,none; all-to-all analysis without a backend target or coupling map
1.0,actual_runtime_and_circuit_metrics,classical_monte_carlo,Python table MC,0,64,0.0,contiguous_prefix_visible_then_blocked,f5a5fd42d16a20302798ef6ed309979b43003d2320d9f0e8ea9831a92759fb4b,32,18,64,False,False,,,,-1,True,2660927890,ok,,[],18,0,with_replacement,0.0,0.0,0.0,0.0,0.17587922364665756,0.95,wilson_score,0.018917,0.006875,0.025834,0.025834,51,25,warmup-0025,1,qiskit_then_mc,20260802,4039239741,warmup,,,,,,,,,,,,,,,,,
1.0,actual_runtime_and_circuit_metrics,classical_monte_carlo,Python table MC,32,64,0.5,contiguous_prefix_visible_then_blocked,037d6dfb3a369a41e01100fdd53c35ee3fb69ddec5830d61e1138d066a4c2285,1024,1015,64,True,True,,,,-1,True,1026547299,ok,,[],1015,519,with_replacement,0.5113300492610837,0.011330049261083719,0.011330049261083719,0.48059331657266524,0.5419813438918022,0.95,wilson_score,0.219875,0.004292,0.224209,0.224209,52,26,warmup-0026,0,mc_then_qiskit,20260802,4039239741,warmup,,,,,,,,,,,,,,,,,
1.0,actual_runtime_and_circuit_metrics,qiskit_statevector_mlae,Qiskit StatevectorSampler finite-shot CPU simulation of synthesized circuits; not a QPU,32,64,0.5,contiguous_prefix_visible_then_blocked,037d6dfb3a369a41e01100fdd53c35ee3fb69ddec5830d61e1138d066a4c2285,1024,1015,64,True,True,"[0,1,2,4,8]",29,145,-1,True,3743546448,ok,,[],,,,0.5037189733659662,0.0037189733659661606,0.0037189733659661606,0.494718482304385,0.5125932907366566,0.95,qiskit_mlae_likelihood_ratio,5994.570958,99.584167,6096.558875,7124.14075,53,26,warmup-0026,1,mc_then_qiskit,20260802,4039239741,warmup,580,435,435,435,5,1,2.392166,0.007625,1027.57225,117044,177926,365830,10609070,"[{""grover_power"":0,""max_transpiled_quantum_depth"":6788,""operation_counts_including_non_gates"":{""barrier"":1,""cx"":4352,""measure"":1,""u"":5958},""qubits"":7,""transpiled_quantum_gate_count"":10310},{""grover_power"":1,""max_transpiled_quantum_depth"":20570,""operation_counts_including_non_gates"":{""barrier"":1,""cx"":13192,""measure"":1,""u"":18070},""qubits"":7,""transpiled_quantum_gate_count"":31262},{""grover_power"":2,""max_transpiled_quantum_depth"":34352,""operation_counts_including_non_gates"":{""barrier"":1,""cx"":22032,""measure"":1,""u"":30182},""qubits"":7,""transpiled_quantum_gate_count"":52214},{""grover_power"":4,""max_transpiled_quantum_depth"":61916,""operation_counts_including_non_gates"":{""barrier"":1,""cx"":39712,""measure"":1,""u"":54406},""qubits"":7,""transpiled_quantum_gate_count"":94118},{""grover_power"":8,""max_transpiled_quantum_depth"":117044,""operation_counts_including_non_gates"":{""barrier"":1,""cx"":75072,""measure"":1,""u"":102854},""qubits"":7,""transpiled_quantum_gate_count"":177926}]","[""u"",""cx""]",0,none; all-to-all analysis without a backend target or coupling map
1.0,actual_runtime_and_circuit_metrics,qiskit_statevector_mlae,Qiskit StatevectorSampler finite-shot CPU simulation of synthesized circuits; not a QPU,56,64,0.875,contiguous_prefix_visible_then_blocked,3c2388fcb014d41bb64b30937ecf31fd7ffb7b9790d03bc63ad567d3c56e6f33,1024,1015,64,True,True,"[0,1,2,4,8]",29,145,-1,True,1123779654,ok,,[],,,,0.8724452559635405,-0.0025547440364594998,0.0025547440364594998,0.8643319553380765,0.8802222639545335,0.95,qiskit_mlae_likelihood_ratio,9754.1025,100.498166,9858.531625,11651.565667,54,27,warmup-0027,0,qiskit_then_mc,20260802,4039239741,warmup,580,435,435,435,5,1,3.921,0.006125,1793.029917,202724,308758,635190,18420510,"[{""grover_power"":0,""max_transpiled_quantum_depth"":11828,""operation_counts_including_non_gates"":{""barrier"":1,""cx"":7616,""measure"":1,""u"":10390},""qubits"":7,""transpiled_quantum_gate_count"":18006},{""grover_power"":1,""max_transpiled_quantum_depth"":35690,""operation_counts_including_non_gates"":{""barrier"":1,""cx"":22984,""measure"":1,""u"":31366},""qubits"":7,""transpiled_quantum_gate_count"":54350},{""grover_power"":2,""max_transpiled_quantum_depth"":59552,""operation_counts_including_non_gates"":{""barrier"":1,""cx"":38352,""measure"":1,""u"":52342},""qubits"":7,""transpiled_quantum_gate_count"":90694},{""grover_power"":4,""max_transpiled_quantum_depth"":107276,""operation_counts_including_non_gates"":{""barrier"":1,""cx"":69088,""measure"":1,""u"":94294},""qubits"":7,""transpiled_quantum_gate_count"":163382},{""grover_power"":8,""max_transpiled_quantum_depth"":202724,""operation_counts_including_non_gates"":{""barrier"":1,""cx"":130560,""measure"":1,""u"":178198},""qubits"":7,""transpiled_quantum_gate_count"":308758}]","[""u"",""cx""]",0,none; all-to-all analysis without a backend target or coupling map
1.0,actual_runtime_and_circuit_metrics,classical_monte_carlo,Python table MC,56,64,0.875,contiguous_prefix_visible_then_blocked,3c2388fcb014d41bb64b30937ecf31fd7ffb7b9790d03bc63ad567d3c56e6f33,1024,1015,64,True,True,,,,-1,True,466526913,ok,,[],1015,893,with_replacement,0.8798029556650246,0.004802955665024644,0.004802955665024644,0.8583516646712415,0.8983902143767806,0.95,wilson_score,0.234083,0.008083,0.242208,0.242208,55,27,warmup-0027,1,qiskit_then_mc,20260802,4039239741,warmup,,,,,,,,,,,,,,,,,
1.0,actual_runtime_and_circuit_metrics,classical_monte_carlo,Python table MC,8,64,0.125,contiguous_prefix_visible_then_blocked,407b84e032b28972b59fe5732c4e37776624a39308e563a5604359ca2b16ec23,1024,1015,64,True,True,,,,-1,True,3903235041,ok,,[],1015,120,with_replacement,0.11822660098522167,-0.006773399014778331,0.006773399014778331,0.0997880525017966,0.13954404054331745,0.95,wilson_score,0.221167,0.00225,0.2235,0.2235,56,28,warmup-0028,0,mc_then_qiskit,20260802,4039239741,warmup,,,,,,,,,,,,,,,,,
1.0,actual_runtime_and_circuit_metrics,qiskit_statevector_mlae,Qiskit StatevectorSampler finite-shot CPU simulation of synthesized circuits; not a QPU,8,64,0.125,contiguous_prefix_visible_then_blocked,407b84e032b28972b59fe5732c4e37776624a39308e563a5604359ca2b16ec23,1024,1015,64,True,True,"[0,1,2,4,8]",29,145,-1,True,1337981359,ok,,[],,,,0.1248564352395001,-0.00014356476049989797,0.00014356476049989797,0.11998076277018252,0.140541472938886,0.95,qiskit_mlae_likelihood_ratio,2164.3925,98.848459,2264.402417,2536.506375,57,28,warmup-0028,1,mc_then_qiskit,20260802,4039239741,warmup,580,435,435,435,5,1,1.152208,0.005542,272.099833,30548,46822,95910,2781390,"[{""grover_power"":0,""max_transpiled_quantum_depth"":1700,""operation_counts_including_non_gates"":{""barrier"":1,""cx"":1088,""measure"":1,""u"":1510},""qubits"":7,""transpiled_quantum_gate_count"":2598},{""grover_power"":1,""max_transpiled_quantum_depth"":5306,""operation_counts_including_non_gates"":{""barrier"":1,""cx"":3400,""measure"":1,""u"":4726},""qubits"":7,""transpiled_quantum_gate_count"":8126},{""grover_power"":2,""max_transpiled_quantum_depth"":8912,""operation_counts_including_non_gates"":{""barrier"":1,""cx"":5712,""measure"":1,""u"":7942},""qubits"":7,""transpiled_quantum_gate_count"":13654},{""grover_power"":4,""max_transpiled_quantum_depth"":16124,""operation_counts_including_non_gates"":{""barrier"":1,""cx"":10336,""measure"":1,""u"":14374},""qubits"":7,""transpiled_quantum_gate_count"":24710},{""grover_power"":8,""max_transpiled_quantum_depth"":30548,""operation_counts_including_non_gates"":{""barrier"":1,""cx"":19584,""measure"":1,""u"":27238},""qubits"":7,""transpiled_quantum_gate_count"":46822}]","[""u"",""cx""]",0,none; all-to-all analysis without a backend target or coupling map
1.0,actual_runtime_and_circuit_metrics,qiskit_statevector_mlae,Qiskit StatevectorSampler finite-shot CPU simulation of synthesized circuits; not a QPU,1,64,0.015625,contiguous_prefix_visible_then_blocked,16abab341fb7f370e27e4dadcf81766dd0dfd0ae64469477bb2cf6614938b2af,32,18,64,False,False,"[0,1,2,4]",1,4,-1,True,2246516604,ok,,[],,,,1e-30,-0.015625,0.015625,1e-30,0.013687651339568268,0.95,qiskit_mlae_likelihood_ratio,372.144209,40.651417,413.45525,441.837708,58,29,warmup-0029,0,qiskit_then_mc,20260802,4039239741,warmup,11,7,7,7,4,1,0.650791,0.005041,28.37925,2768,4325,8318,8318,"[{""grover_power"":0,""max_transpiled_quantum_depth"":216,""operation_counts_including_non_gates"":{""barrier"":1,""cx"":136,""measure"":1,""u"":197},""qubits"":7,""transpiled_quantum_gate_count"":333},{""grover_power"":1,""max_transpiled_quantum_depth"":854,""operation_counts_including_non_gates"":{""barrier"":1,""cx"":544,""measure"":1,""u"":787},""qubits"":7,""transpiled_quantum_gate_count"":1331},{""grover_power"":2,""max_transpiled_quantum_depth"":1492,""operation_counts_including_non_gates"":{""barrier"":1,""cx"":952,""measure"":1,""u"":1377},""qubits"":7,""transpiled_quantum_gate_count"":2329},{""grover_power"":4,""max_transpiled_quantum_depth"":2768,""operation_counts_including_non_gates"":{""barrier"":1,""cx"":1768,""measure"":1,""u"":2557},""qubits"":7,""transpiled_quantum_gate_count"":4325}]","[""u"",""cx""]",0,none; all-to-all analysis without a backend target or coupling map
1.0,actual_runtime_and_circuit_metrics,classical_monte_carlo,Python table MC,1,64,0.015625,contiguous_prefix_visible_then_blocked,16abab341fb7f370e27e4dadcf81766dd0dfd0ae64469477bb2cf6614938b2af,32,18,64,False,False,,,,-1,True,1550091395,ok,,[],18,1,with_replacement,0.05555555555555555,0.03993055555555555,0.03993055555555555,0.009875190978303083,0.25757300781872583,0.95,wilson_score,0.021667,0.006666,0.028458,0.028458,59,29,warmup-0029,1,qiskit_then_mc,20260802,4039239741,warmup,,,,,,,,,,,,,,,,,
1.0,actual_runtime_and_circuit_metrics,classical_monte_carlo,Python table MC,32,64,0.5,contiguous_prefix_visible_then_blocked,037d6dfb3a369a41e01100fdd53c35ee3fb69ddec5830d61e1138d066a4c2285,64,35,64,True,False,,,,-1,True,1697252414,ok,,[],35,15,with_replacement,0.42857142857142855,-0.07142857142857145,0.07142857142857145,0.2798456817718069,0.5914258885602508,0.95,wilson_score,0.015333,0.001375,0.01675,0.01675,60,30,warmup-0030,0,mc_then_qiskit,20260802,4039239741,warmup,,,,,,,,,,,,,,,,,
1.0,actual_runtime_and_circuit_metrics,qiskit_statevector_mlae,Qiskit StatevectorSampler finite-shot CPU simulation of synthesized circuits; not a QPU,32,64,0.5,contiguous_prefix_visible_then_blocked,037d6dfb3a369a41e01100fdd53c35ee3fb69ddec5830d61e1138d066a4c2285,64,35,64,True,False,"[0,1,2,4,8]",1,5,-1,True,2481122509,ok,,"[""RuntimeWarning: divide by zero encountered in scalar divide""]",,,,1.0,0.5,0.5,0.9960904965828902,1.0,0.95,qiskit_mlae_likelihood_ratio,5870.685667,98.382,5971.585083,6997.61975,61,30,warmup-0030,1,mc_then_qiskit,20260802,4039239741,warmup,20,15,15,15,5,1,2.507625,0.005667,1026.030833,117044,177926,365830,365830,"[{""grover_power"":0,""max_transpiled_quantum_depth"":6788,""operation_counts_including_non_gates"":{""barrier"":1,""cx"":4352,""measure"":1,""u"":5958},""qubits"":7,""transpiled_quantum_gate_count"":10310},{""grover_power"":1,""max_transpiled_quantum_depth"":20570,""operation_counts_including_non_gates"":{""barrier"":1,""cx"":13192,""measure"":1,""u"":18070},""qubits"":7,""transpiled_quantum_gate_count"":31262},{""grover_power"":2,""max_transpiled_quantum_depth"":34352,""operation_counts_including_non_gates"":{""barrier"":1,""cx"":22032,""measure"":1,""u"":30182},""qubits"":7,""transpiled_quantum_gate_count"":52214},{""grover_power"":4,""max_transpiled_quantum_depth"":61916,""operation_counts_including_non_gates"":{""barrier"":1,""cx"":39712,""measure"":1,""u"":54406},""qubits"":7,""transpiled_quantum_gate_count"":94118},{""grover_power"":8,""max_transpiled_quantum_depth"":117044,""operation_counts_including_non_gates"":{""barrier"":1,""cx"":75072,""measure"":1,""u"":102854},""qubits"":7,""transpiled_quantum_gate_count"":177926}]","[""u"",""cx""]",0,none; all-to-all analysis without a backend target or coupling map
1.0,actual_runtime_and_circuit_metrics,qiskit_statevector_mlae,Qiskit StatevectorSampler finite-shot CPU simulation of synthesized circuits; not a QPU,0,64,0.0,contiguous_prefix_visible_then_blocked,f5a5fd42d16a20302798ef6ed309979b43003d2320d9f0e8ea9831a92759fb4b,128,105,64,True,True,"[0,1,2,4,8]",3,15,-1,True,1271427537,ok,,[],,,,1e-30,1e-30,1e-30,1e-30,0.0014865352991439325,0.95,qiskit_mlae_likelihood_ratio,685.9345,104.710542,791.066875,810.40125,62,31,warmup-0031,0,qiskit_then_mc,20260802,4039239741,warmup,60,45,45,45,5,1,0.412041,0.006125,19.3305,1716,2758,5190,15570,"[{""grover_power"":0,""max_transpiled_quantum_depth"":1,""operation_counts_including_non_gates"":{""barrier"":1,""measure"":1,""u"":6},""qubits"":7,""transpiled_quantum_gate_count"":6},{""grover_power"":1,""max_transpiled_quantum_depth"":218,""operation_counts_including_non_gates"":{""barrier"":1,""cx"":136,""measure"":1,""u"":214},""qubits"":7,""transpiled_quantum_gate_count"":350},{""grover_power"":2,""max_transpiled_quantum_depth"":432,""operation_counts_including_non_gates"":{""barrier"":1,""cx"":272,""measure"":1,""u"":422},""qubits"":7,""transpiled_quantum_gate_count"":694},{""grover_power"":4,""max_transpiled_quantum_depth"":860,""operation_counts_including_non_gates"":{""barrier"":1,""cx"":544,""measure"":1,""u"":838},""qubits"":7,""transpiled_quantum_gate_count"":1382},{""grover_power"":8,""max_transpiled_quantum_depth"":1716,""operation_counts_including_non_gates"":{""barrier"":1,""cx"":1088,""measure"":1,""u"":1670},""qubits"":7,""transpiled_quantum_gate_count"":2758}]","[""u"",""cx""]",0,none; all-to-all analysis without a backend target or coupling map
1.0,actual_runtime_and_circuit_metrics,classical_monte_carlo,Python table MC,0,64,0.0,contiguous_prefix_visible_then_blocked,f5a5fd42d16a20302798ef6ed309979b43003d2320d9f0e8ea9831a92759fb4b,128,105,64,True,True,,,,-1,True,596631117,ok,,[],105,0,with_replacement,0.0,0.0,0.0,0.0,0.035294076929109866,0.95,wilson_score,0.037416,0.006833,0.044333,0.044333,63,31,warmup-0031,1,qiskit_then_mc,20260802,4039239741,warmup,,,,,,,,,,,,,,,,,
1.0,actual_runtime_and_circuit_metrics,classical_monte_carlo,Python table MC,64,64,1.0,contiguous_prefix_visible_then_blocked,7c8975e1e60a5c8337f28edf8c33c3b180360b7279644a9bc1af3c51e6220bf5,128,105,64,True,True,,,,-1,True,3962786240,ok,,[],105,105,with_replacement,1.0,0.0,0.0,0.9647059230708901,1.0,0.95,wilson_score,0.029792,0.0015,0.031333,0.031333,64,32,warmup-0032,0,mc_then_qiskit,20260802,4039239741,warmup,,,,,,,,,,,,,,,,,
1.0,actual_runtime_and_circuit_metrics,qiskit_statevector_mlae,Qiskit StatevectorSampler finite-shot CPU simulation of synthesized circuits; not a QPU,64,64,1.0,contiguous_prefix_visible_then_blocked,7c8975e1e60a5c8337f28edf8c33c3b180360b7279644a9bc1af3c51e6220bf5,128,105,64,True,True,"[0,1,2,4,8]",3,15,-1,True,103553454,ok,,"[""RuntimeWarning: divide by zero encountered in scalar divide""]",,,,1.0,0.0,0.0,0.998513464700856,1.0,0.95,qiskit_mlae_likelihood_ratio,692.1145,100.2515,792.86,812.94825,65,32,warmup-0032,1,mc_then_qiskit,20260802,4039239741,warmup,60,45,45,45,5,1,0.484875,0.005416,20.082417,1716,2775,5225,15675,"[{""grover_power"":0,""max_transpiled_quantum_depth"":1,""operation_counts_including_non_gates"":{""barrier"":1,""measure"":1,""u"":7},""qubits"":7,""transpiled_quantum_gate_count"":7},{""grover_power"":1,""max_transpiled_quantum_depth"":218,""operation_counts_including_non_gates"":{""barrier"":1,""cx"":136,""measure"":1,""u"":217},""qubits"":7,""transpiled_quantum_gate_count"":353},{""grover_power"":2,""max_transpiled_quantum_depth"":432,""operation_counts_including_non_gates"":{""barrier"":1,""cx"":272,""measure"":1,""u"":427},""qubits"":7,""transpiled_quantum_gate_count"":699},{""grover_power"":4,""max_transpiled_quantum_depth"":860,""operation_counts_including_non_gates"":{""barrier"":1,""cx"":544,""measure"":1,""u"":847},""qubits"":7,""transpiled_quantum_gate_count"":1391},{""grover_power"":8,""max_transpiled_quantum_depth"":1716,""operation_counts_including_non_gates"":{""barrier"":1,""cx"":1088,""measure"":1,""u"":1687},""qubits"":7,""transpiled_quantum_gate_count"":2775}]","[""u"",""cx""]",0,none; all-to-all analysis without a backend target or coupling map
1.0,actual_runtime_and_circuit_metrics,qiskit_statevector_mlae,Qiskit StatevectorSampler finite-shot CPU simulation of synthesized circuits; not a QPU,56,64,0.875,contiguous_prefix_visible_then_blocked,3c2388fcb014d41bb64b30937ecf31fd7ffb7b9790d03bc63ad567d3c56e6f33,64,35,64,True,False,"[0,1,2,4,8]",1,5,-1,True,2444894362,ok,,[],,,,0.872737027745978,-0.0022629722540220554,0.0022629722540220554,0.8277094090118451,0.910419727367599,0.95,qiskit_mlae_likelihood_ratio,9920.225208,99.40875,10023.381333,11816.666083,66,33,warmup-0033,0,qiskit_then_mc,20260802,4039239741,warmup,20,15,15,15,5,1,3.737958,0.00575,1793.280958,202724,308758,635190,635190,"[{""grover_power"":0,""max_transpiled_quantum_depth"":11828,""operation_counts_including_non_gates"":{""barrier"":1,""cx"":7616,""measure"":1,""u"":10390},""qubits"":7,""transpiled_quantum_gate_count"":18006},{""grover_power"":1,""max_transpiled_quantum_depth"":35690,""operation_counts_including_non_gates"":{""barrier"":1,""cx"":22984,""measure"":1,""u"":31366},""qubits"":7,""transpiled_quantum_gate_count"":54350},{""grover_power"":2,""max_transpiled_quantum_depth"":59552,""operation_counts_including_non_gates"":{""barrier"":1,""cx"":38352,""measure"":1,""u"":52342},""qubits"":7,""transpiled_quantum_gate_count"":90694},{""grover_power"":4,""max_transpiled_quantum_depth"":107276,""operation_counts_including_non_gates"":{""barrier"":1,""cx"":69088,""measure"":1,""u"":94294},""qubits"":7,""transpiled_quantum_gate_count"":163382},{""grover_power"":8,""max_transpiled_quantum_depth"":202724,""operation_counts_including_non_gates"":{""barrier"":1,""cx"":130560,""measure"":1,""u"":178198},""qubits"":7,""transpiled_quantum_gate_count"":308758}]","[""u"",""cx""]",0,none; all-to-all analysis without a backend target or coupling map
1.0,actual_runtime_and_circuit_metrics,classical_monte_carlo,Python table MC,56,64,0.875,contiguous_prefix_visible_then_blocked,3c2388fcb014d41bb64b30937ecf31fd7ffb7b9790d03bc63ad567d3c56e6f33,64,35,64,True,False,,,,-1,True,3396971366,ok,,[],35,34,with_replacement,0.9714285714285714,0.09642857142857142,0.09642857142857142,0.8546691276638634,0.9949385081445559,0.95,wilson_score,0.026542,0.00725,0.033834,0.033834,67,33,warmup-0033,1,qiskit_then_mc,20260802,4039239741,warmup,,,,,,,,,,,,,,,,,
1.0,actual_runtime_and_circuit_metrics,classical_monte_carlo,Python table MC,63,64,0.984375,contiguous_prefix_visible_then_blocked,4a22bb45b68e2388bce472d38b49adb1bb6b08e220e9edede71b70cc62ad2db2,1024,1015,64,True,True,,,,-1,True,3670029021,ok,,[],1015,1001,with_replacement,0.9862068965517241,0.0018318965517241104,0.0018318965517241104,0.9769811908310642,0.99176619518761,0.95,wilson_score,0.226167,0.00225,0.228458,0.228458,68,34,warmup-0034,0,mc_then_qiskit,20260802,4039239741,warmup,,,,,,,,,,,,,,,,,
1.0,actual_runtime_and_circuit_metrics,qiskit_statevector_mlae,Qiskit StatevectorSampler finite-shot CPU simulation of synthesized circuits; not a QPU,63,64,0.984375,contiguous_prefix_visible_then_blocked,4a22bb45b68e2388bce472d38b49adb1bb6b08e220e9edede71b70cc62ad2db2,1024,1015,64,True,True,"[0,1,2,4,8]",29,145,-1,True,3142146541,ok,,[],,,,0.9850817617683141,0.0007067617683140792,0.0007067617683140792,0.9829021951628741,0.9870018397407627,0.95,qiskit_mlae_likelihood_ratio,10880.590417,100.194459,10985.120959,13192.357417,69,34,warmup-0034,1,mc_then_qiskit,20260802,4039239741,warmup,580,435,435,435,5,1,4.321917,0.010583,2207.232917,227715,346651,713205,20682945,"[{""grover_power"":0,""max_transpiled_quantum_depth"":13299,""operation_counts_including_non_gates"":{""barrier"":1,""cx"":8568,""measure"":1,""u"":11667},""qubits"":7,""transpiled_quantum_gate_count"":20235},{""grover_power"":1,""max_transpiled_quantum_depth"":40101,""operation_counts_including_non_gates"":{""barrier"":1,""cx"":25840,""measure"":1,""u"":35197},""qubits"":7,""transpiled_quantum_gate_count"":61037},{""grover_power"":2,""max_transpiled_quantum_depth"":66903,""operation_counts_including_non_gates"":{""barrier"":1,""cx"":43112,""measure"":1,""u"":58727},""qubits"":7,""transpiled_quantum_gate_count"":101839},{""grover_power"":4,""max_transpiled_quantum_depth"":120507,""operation_counts_including_non_gates"":{""barrier"":1,""cx"":77656,""measure"":1,""u"":105787},""qubits"":7,""transpiled_quantum_gate_count"":183443},{""grover_power"":8,""max_transpiled_quantum_depth"":227715,""operation_counts_including_non_gates"":{""barrier"":1,""cx"":146744,""measure"":1,""u"":199907},""qubits"":7,""transpiled_quantum_gate_count"":346651}]","[""u"",""cx""]",0,none; all-to-all analysis without a backend target or coupling map
1.0,actual_runtime_and_circuit_metrics,qiskit_statevector_mlae,Qiskit StatevectorSampler finite-shot CPU simulation of synthesized circuits; not a QPU,32,64,0.5,contiguous_prefix_visible_then_blocked,037d6dfb3a369a41e01100fdd53c35ee3fb69ddec5830d61e1138d066a4c2285,512,490,64,True,True,"[0,1,2,4,8]",14,70,-1,True,1514510036,ok,,[],,,,0.48965627126661404,-0.01034372873338596,0.01034372873338596,0.4772874941191313,0.5027189249715132,0.95,qiskit_mlae_likelihood_ratio,5880.828875,99.628208,5983.054041,7015.5455,70,35,warmup-0035,0,qiskit_then_mc,20260802,4039239741,warmup,280,210,210,210,5,1,2.587041,0.006,1032.487792,117044,177926,365830,5121620,"[{""grover_power"":0,""max_transpiled_quantum_depth"":6788,""operation_counts_including_non_gates"":{""barrier"":1,""cx"":4352,""measure"":1,""u"":5958},""qubits"":7,""transpiled_quantum_gate_count"":10310},{""grover_power"":1,""max_transpiled_quantum_depth"":20570,""operation_counts_including_non_gates"":{""barrier"":1,""cx"":13192,""measure"":1,""u"":18070},""qubits"":7,""transpiled_quantum_gate_count"":31262},{""grover_power"":2,""max_transpiled_quantum_depth"":34352,""operation_counts_including_non_gates"":{""barrier"":1,""cx"":22032,""measure"":1,""u"":30182},""qubits"":7,""transpiled_quantum_gate_count"":52214},{""grover_power"":4,""max_transpiled_quantum_depth"":61916,""operation_counts_including_non_gates"":{""barrier"":1,""cx"":39712,""measure"":1,""u"":54406},""qubits"":7,""transpiled_quantum_gate_count"":94118},{""grover_power"":8,""max_transpiled_quantum_depth"":117044,""operation_counts_including_non_gates"":{""barrier"":1,""cx"":75072,""measure"":1,""u"":102854},""qubits"":7,""transpiled_quantum_gate_count"":177926}]","[""u"",""cx""]",0,none; all-to-all analysis without a backend target or coupling map
1.0,actual_runtime_and_circuit_metrics,classical_monte_carlo,Python table MC,32,64,0.5,contiguous_prefix_visible_then_blocked,037d6dfb3a369a41e01100fdd53c35ee3fb69ddec5830d61e1138d066a4c2285,512,490,64,True,True,,,,-1,True,795742267,ok,,[],490,243,with_replacement,0.4959183673469388,-0.004081632653061218,0.004081632653061218,0.45185302395516935,0.5400472105663466,0.95,wilson_score,0.124792,0.007167,0.132042,0.132042,71,35,warmup-0035,1,qiskit_then_mc,20260802,4039239741,warmup,,,,,,,,,,,,,,,,,
1.0,actual_runtime_and_circuit_metrics,classical_monte_carlo,Python table MC,64,64,1.0,contiguous_prefix_visible_then_blocked,7c8975e1e60a5c8337f28edf8c33c3b180360b7279644a9bc1af3c51e6220bf5,64,35,64,True,False,,,,-1,True,4120862401,ok,,[],35,35,with_replacement,1.0,0.0,0.0,0.9010990076755961,1.0,0.95,wilson_score,0.015459,0.001792,0.017292,0.017292,72,36,warmup-0036,0,mc_then_qiskit,20260802,4039239741,warmup,,,,,,,,,,,,,,,,,
1.0,actual_runtime_and_circuit_metrics,qiskit_statevector_mlae,Qiskit StatevectorSampler finite-shot CPU simulation of synthesized circuits; not a QPU,64,64,1.0,contiguous_prefix_visible_then_blocked,7c8975e1e60a5c8337f28edf8c33c3b180360b7279644a9bc1af3c51e6220bf5,64,35,64,True,False,"[0,1,2,4,8]",1,5,-1,True,2562910552,ok,,"[""RuntimeWarning: divide by zero encountered in scalar divide""]",,,,1.0,0.0,0.0,0.9960904965828902,1.0,0.95,qiskit_mlae_likelihood_ratio,698.588542,100.661208,799.806375,820.062125,73,36,warmup-0036,1,mc_then_qiskit,20260802,4039239741,warmup,20,15,15,15,5,1,0.546708,0.005583,20.252,1716,2775,5225,5225,"[{""grover_power"":0,""max_transpiled_quantum_depth"":1,""operation_counts_including_non_gates"":{""barrier"":1,""measure"":1,""u"":7},""qubits"":7,""transpiled_quantum_gate_count"":7},{""grover_power"":1,""max_transpiled_quantum_depth"":218,""operation_counts_including_non_gates"":{""barrier"":1,""cx"":136,""measure"":1,""u"":217},""qubits"":7,""transpiled_quantum_gate_count"":353},{""grover_power"":2,""max_transpiled_quantum_depth"":432,""operation_counts_including_non_gates"":{""barrier"":1,""cx"":272,""measure"":1,""u"":427},""qubits"":7,""transpiled_quantum_gate_count"":699},{""grover_power"":4,""max_transpiled_quantum_depth"":860,""operation_counts_including_non_gates"":{""barrier"":1,""cx"":544,""measure"":1,""u"":847},""qubits"":7,""transpiled_quantum_gate_count"":1391},{""grover_power"":8,""max_transpiled_quantum_depth"":1716,""operation_counts_including_non_gates"":{""barrier"":1,""cx"":1088,""measure"":1,""u"":1687},""qubits"":7,""transpiled_quantum_gate_count"":2775}]","[""u"",""cx""]",0,none; all-to-all analysis without a backend target or coupling map
1.0,actual_runtime_and_circuit_metrics,qiskit_statevector_mlae,Qiskit StatevectorSampler finite-shot CPU simulation of synthesized circuits; not a QPU,64,64,1.0,contiguous_prefix_visible_then_blocked,7c8975e1e60a5c8337f28edf8c33c3b180360b7279644a9bc1af3c51e6220bf5,1024,1015,64,True,True,"[0,1,2,4,8]",29,145,-1,True,3620447989,ok,,"[""RuntimeWarning: divide by zero encountered in scalar divide""]",,,,1.0,0.0,0.0,0.9998390136762528,1.0,0.95,qiskit_mlae_likelihood_ratio,690.305583,99.797584,790.55675,810.3805,74,37,warmup-0037,0,qiskit_then_mc,20260802,4039239741,warmup,580,435,435,435,5,1,0.443667,0.005792,19.820667,1716,2775,5225,151525,"[{""grover_power"":0,""max_transpiled_quantum_depth"":1,""operation_counts_including_non_gates"":{""barrier"":1,""measure"":1,""u"":7},""qubits"":7,""transpiled_quantum_gate_count"":7},{""grover_power"":1,""max_transpiled_quantum_depth"":218,""operation_counts_including_non_gates"":{""barrier"":1,""cx"":136,""measure"":1,""u"":217},""qubits"":7,""transpiled_quantum_gate_count"":353},{""grover_power"":2,""max_transpiled_quantum_depth"":432,""operation_counts_including_non_gates"":{""barrier"":1,""cx"":272,""measure"":1,""u"":427},""qubits"":7,""transpiled_quantum_gate_count"":699},{""grover_power"":4,""max_transpiled_quantum_depth"":860,""operation_counts_including_non_gates"":{""barrier"":1,""cx"":544,""measure"":1,""u"":847},""qubits"":7,""transpiled_quantum_gate_count"":1391},{""grover_power"":8,""max_transpiled_quantum_depth"":1716,""operation_counts_including_non_gates"":{""barrier"":1,""cx"":1088,""measure"":1,""u"":1687},""qubits"":7,""transpiled_quantum_gate_count"":2775}]","[""u"",""cx""]",0,none; all-to-all analysis without a backend target or coupling map
1.0,actual_runtime_and_circuit_metrics,classical_monte_carlo,Python table MC,64,64,1.0,contiguous_prefix_visible_then_blocked,7c8975e1e60a5c8337f28edf8c33c3b180360b7279644a9bc1af3c51e6220bf5,1024,1015,64,True,True,,,,-1,True,3417799586,ok,,[],1015,1015,with_replacement,1.0,0.0,0.0,0.9962295813667217,1.0,0.95,wilson_score,0.230916,0.008791,0.239791,0.239791,75,37,warmup-0037,1,qiskit_then_mc,20260802,4039239741,warmup,,,,,,,,,,,,,,,,,
1.0,actual_runtime_and_circuit_metrics,classical_monte_carlo,Python table MC,8,64,0.125,contiguous_prefix_visible_then_blocked,407b84e032b28972b59fe5732c4e37776624a39308e563a5604359ca2b16ec23,256,245,64,True,True,,,,-1,True,2235223071,ok,,[],245,35,with_replacement,0.14285714285714285,0.01785714285714285,0.01785714285714285,0.10454483889504237,0.19219614297607548,0.95,wilson_score,0.058667,0.001833,0.060542,0.060542,76,38,warmup-0038,0,mc_then_qiskit,20260802,4039239741,warmup,,,,,,,,,,,,,,,,,
1.0,actual_runtime_and_circuit_metrics,qiskit_statevector_mlae,Qiskit StatevectorSampler finite-shot CPU simulation of synthesized circuits; not a QPU,8,64,0.125,contiguous_prefix_visible_then_blocked,407b84e032b28972b59fe5732c4e37776624a39308e563a5604359ca2b16ec23,256,245,64,True,True,"[0,1,2,4,8]",7,35,-1,True,129257403,ok,,[],,,,0.12726297225402192,0.0022629722540219166,0.0022629722540219166,0.11087495864112647,0.14478210669982142,0.95,qiskit_mlae_likelihood_ratio,2007.768292,100.643167,2109.379583,2380.491541,77,38,warmup-0038,1,mc_then_qiskit,20260802,4039239741,warmup,140,105,105,105,5,1,0.95925,0.005291,271.108708,30548,46822,95910,671370,"[{""grover_power"":0,""max_transpiled_quantum_depth"":1700,""operation_counts_including_non_gates"":{""barrier"":1,""cx"":1088,""measure"":1,""u"":1510},""qubits"":7,""transpiled_quantum_gate_count"":2598},{""grover_power"":1,""max_transpiled_quantum_depth"":5306,""operation_counts_including_non_gates"":{""barrier"":1,""cx"":3400,""measure"":1,""u"":4726},""qubits"":7,""transpiled_quantum_gate_count"":8126},{""grover_power"":2,""max_transpiled_quantum_depth"":8912,""operation_counts_including_non_gates"":{""barrier"":1,""cx"":5712,""measure"":1,""u"":7942},""qubits"":7,""transpiled_quantum_gate_count"":13654},{""grover_power"":4,""max_transpiled_quantum_depth"":16124,""operation_counts_including_non_gates"":{""barrier"":1,""cx"":10336,""measure"":1,""u"":14374},""qubits"":7,""transpiled_quantum_gate_count"":24710},{""grover_power"":8,""max_transpiled_quantum_depth"":30548,""operation_counts_including_non_gates"":{""barrier"":1,""cx"":19584,""measure"":1,""u"":27238},""qubits"":7,""transpiled_quantum_gate_count"":46822}]","[""u"",""cx""]",0,none; all-to-all analysis without a backend target or coupling map
1.0,actual_runtime_and_circuit_metrics,qiskit_statevector_mlae,Qiskit StatevectorSampler finite-shot CPU simulation of synthesized circuits; not a QPU,0,64,0.0,contiguous_prefix_visible_then_blocked,f5a5fd42d16a20302798ef6ed309979b43003d2320d9f0e8ea9831a92759fb4b,1024,1015,64,True,True,"[0,1,2,4,8]",29,145,-1,True,199830851,ok,,[],,,,1e-30,1e-30,1e-30,1e-30,0.0001609863237472779,0.95,qiskit_mlae_likelihood_ratio,681.275625,106.387709,788.107834,806.663875,78,39,warmup-0039,0,qiskit_then_mc,20260802,4039239741,warmup,580,435,435,435,5,1,0.434583,0.006,18.55225,1716,2758,5190,150510,"[{""grover_power"":0,""max_transpiled_quantum_depth"":1,""operation_counts_including_non_gates"":{""barrier"":1,""measure"":1,""u"":6},""qubits"":7,""transpiled_quantum_gate_count"":6},{""grover_power"":1,""max_transpiled_quantum_depth"":218,""operation_counts_including_non_gates"":{""barrier"":1,""cx"":136,""measure"":1,""u"":214},""qubits"":7,""transpiled_quantum_gate_count"":350},{""grover_power"":2,""max_transpiled_quantum_depth"":432,""operation_counts_including_non_gates"":{""barrier"":1,""cx"":272,""measure"":1,""u"":422},""qubits"":7,""transpiled_quantum_gate_count"":694},{""grover_power"":4,""max_transpiled_quantum_depth"":860,""operation_counts_including_non_gates"":{""barrier"":1,""cx"":544,""measure"":1,""u"":838},""qubits"":7,""transpiled_quantum_gate_count"":1382},{""grover_power"":8,""max_transpiled_quantum_depth"":1716,""operation_counts_including_non_gates"":{""barrier"":1,""cx"":1088,""measure"":1,""u"":1670},""qubits"":7,""transpiled_quantum_gate_count"":2758}]","[""u"",""cx""]",0,none; all-to-all analysis without a backend target or coupling map
1.0,actual_runtime_and_circuit_metrics,classical_monte_carlo,Python table MC,0,64,0.0,contiguous_prefix_visible_then_blocked,f5a5fd42d16a20302798ef6ed309979b43003d2320d9f0e8ea9831a92759fb4b,1024,1015,64,True,True,,,,-1,True,193151660,ok,,[],1015,0,with_replacement,0.0,0.0,0.0,0.0,0.0037704186332784295,0.95,wilson_score,0.237834,0.005792,0.243792,0.243792,79,39,warmup-0039,1,qiskit_then_mc,20260802,4039239741,warmup,,,,,,,,,,,,,,,,,
1.0,actual_runtime_and_circuit_metrics,classical_monte_carlo,Python table MC,8,64,0.125,contiguous_prefix_visible_then_blocked,407b84e032b28972b59fe5732c4e37776624a39308e563a5604359ca2b16ec23,32,18,64,False,False,,,,-1,True,2182317834,ok,,[],18,1,with_replacement,0.05555555555555555,-0.06944444444444445,0.06944444444444445,0.009875190978303083,0.25757300781872583,0.95,wilson_score,0.011625,0.001625,0.013333,0.013333,80,40,warmup-0040,0,mc_then_qiskit,20260802,4039239741,warmup,,,,,,,,,,,,,,,,,
1.0,actual_runtime_and_circuit_metrics,qiskit_statevector_mlae,Qiskit StatevectorSampler finite-shot CPU simulation of synthesized circuits; not a QPU,8,64,0.125,contiguous_prefix_visible_then_blocked,407b84e032b28972b59fe5732c4e37776624a39308e563a5604359ca2b16ec23,32,18,64,False,False,"[0,1,2,4]",1,4,-1,True,2579156764,ok,,[],,,,0.08933742034942527,-0.03566257965057473,0.03566257965057473,0.0020806501500250556,0.8119403411361432,0.95,qiskit_mlae_likelihood_ratio,957.891542,40.200875,999.098917,1137.02825,81,40,warmup-0040,1,mc_then_qiskit,20260802,4039239741,warmup,11,7,7,7,4,1,0.998,0.004708,137.925458,16124,24710,49088,49088,"[{""grover_power"":0,""max_transpiled_quantum_depth"":1700,""operation_counts_including_non_gates"":{""barrier"":1,""cx"":1088,""measure"":1,""u"":1510},""qubits"":7,""transpiled_quantum_gate_count"":2598},{""grover_power"":1,""max_transpiled_quantum_depth"":5306,""operation_counts_including_non_gates"":{""barrier"":1,""cx"":3400,""measure"":1,""u"":4726},""qubits"":7,""transpiled_quantum_gate_count"":8126},{""grover_power"":2,""max_transpiled_quantum_depth"":8912,""operation_counts_including_non_gates"":{""barrier"":1,""cx"":5712,""measure"":1,""u"":7942},""qubits"":7,""transpiled_quantum_gate_count"":13654},{""grover_power"":4,""max_transpiled_quantum_depth"":16124,""operation_counts_including_non_gates"":{""barrier"":1,""cx"":10336,""measure"":1,""u"":14374},""qubits"":7,""transpiled_quantum_gate_count"":24710}]","[""u"",""cx""]",0,none; all-to-all analysis without a backend target or coupling map
1.0,actual_runtime_and_circuit_metrics,qiskit_statevector_mlae,Qiskit StatevectorSampler finite-shot CPU simulation of synthesized circuits; not a QPU,1,64,0.015625,contiguous_prefix_visible_then_blocked,16abab341fb7f370e27e4dadcf81766dd0dfd0ae64469477bb2cf6614938b2af,1024,1015,64,True,True,"[0,1,2,4,8]",29,145,-1,True,2959153136,ok,,[],,,,0.014963735151625211,-0.0006612648483747888,0.0006612648483747888,0.012786627918868967,0.0173743904845868,0.95,qiskit_mlae_likelihood_ratio,852.65475,100.06075,953.357333,1005.297416,82,41,warmup-0041,0,qiskit_then_mc,20260802,4039239741,warmup,580,435,435,435,5,1,0.632625,0.005625,51.936208,5320,8317,16635,482415,"[{""grover_power"":0,""max_transpiled_quantum_depth"":216,""operation_counts_including_non_gates"":{""barrier"":1,""cx"":136,""measure"":1,""u"":197},""qubits"":7,""transpiled_quantum_gate_count"":333},{""grover_power"":1,""max_transpiled_quantum_depth"":854,""operation_counts_including_non_gates"":{""barrier"":1,""cx"":544,""measure"":1,""u"":787},""qubits"":7,""transpiled_quantum_gate_count"":1331},{""grover_power"":2,""max_transpiled_quantum_depth"":1492,""operation_counts_including_non_gates"":{""barrier"":1,""cx"":952,""measure"":1,""u"":1377},""qubits"":7,""transpiled_quantum_gate_count"":2329},{""grover_power"":4,""max_transpiled_quantum_depth"":2768,""operation_counts_including_non_gates"":{""barrier"":1,""cx"":1768,""measure"":1,""u"":2557},""qubits"":7,""transpiled_quantum_gate_count"":4325},{""grover_power"":8,""max_transpiled_quantum_depth"":5320,""operation_counts_including_non_gates"":{""barrier"":1,""cx"":3400,""measure"":1,""u"":4917},""qubits"":7,""transpiled_quantum_gate_count"":8317}]","[""u"",""cx""]",0,none; all-to-all analysis without a backend target or coupling map
1.0,actual_runtime_and_circuit_metrics,classical_monte_carlo,Python table MC,1,64,0.015625,contiguous_prefix_visible_then_blocked,16abab341fb7f370e27e4dadcf81766dd0dfd0ae64469477bb2cf6614938b2af,1024,1015,64,True,True,,,,-1,True,2674197167,ok,,[],1015,7,with_replacement,0.006896551724137931,-0.008728448275862069,0.008728448275862069,0.003344639469168237,0.014166876838133937,0.95,wilson_score,0.235,0.007458,0.2425,0.2425,83,41,warmup-0041,1,qiskit_then_mc,20260802,4039239741,warmup,,,,,,,,,,,,,,,,,
1.0,actual_runtime_and_circuit_metrics,qiskit_statevector_mlae,Qiskit StatevectorSampler finite-shot CPU simulation of synthesized circuits; not a QPU,1,64,0.015625,contiguous_prefix_visible_then_blocked,16abab341fb7f370e27e4dadcf81766dd0dfd0ae64469477bb2cf6614938b2af,256,245,64,True,True,"[0,1,2,4,8]",7,35,2,False,1009989861,ok,,[],,,,0.015360898666014785,-0.00026410133398521544,0.00026410133398521544,0.01144680720283022,0.020295156600314425,0.95,qiskit_mlae_likelihood_ratio,857.183917,100.346083,958.17825,1009.625375,84,0,measured-0000,0,qiskit_then_mc,20260802,3841747339,measured,140,105,105,105,5,1,0.638291,0.005833,51.443375,5320,8317,16635,116445,"[{""grover_power"":0,""max_transpiled_quantum_depth"":216,""operation_counts_including_non_gates"":{""barrier"":1,""cx"":136,""measure"":1,""u"":197},""qubits"":7,""transpiled_quantum_gate_count"":333},{""grover_power"":1,""max_transpiled_quantum_depth"":854,""operation_counts_including_non_gates"":{""barrier"":1,""cx"":544,""measure"":1,""u"":787},""qubits"":7,""transpiled_quantum_gate_count"":1331},{""grover_power"":2,""max_transpiled_quantum_depth"":1492,""operation_counts_including_non_gates"":{""barrier"":1,""cx"":952,""measure"":1,""u"":1377},""qubits"":7,""transpiled_quantum_gate_count"":2329},{""grover_power"":4,""max_transpiled_quantum_depth"":2768,""operation_counts_including_non_gates"":{""barrier"":1,""cx"":1768,""measure"":1,""u"":2557},""qubits"":7,""transpiled_quantum_gate_count"":4325},{""grover_power"":8,""max_transpiled_quantum_depth"":5320,""operation_counts_including_non_gates"":{""barrier"":1,""cx"":3400,""measure"":1,""u"":4917},""qubits"":7,""transpiled_quantum_gate_count"":8317}]","[""u"",""cx""]",0,none; all-to-all analysis without a backend target or coupling map
1.0,actual_runtime_and_circuit_metrics,classical_monte_carlo,Python table MC,1,64,0.015625,contiguous_prefix_visible_then_blocked,16abab341fb7f370e27e4dadcf81766dd0dfd0ae64469477bb2cf6614938b2af,256,245,64,True,True,,,,2,False,2860579205,ok,,[],245,3,with_replacement,0.012244897959183673,-0.003380102040816327,0.003380102040816327,0.00417294767497374,0.035376164709010116,0.95,wilson_score,0.066291,0.007167,0.0735,0.0735,85,0,measured-0000,1,qiskit_then_mc,20260802,3841747339,measured,,,,,,,,,,,,,,,,,
1.0,actual_runtime_and_circuit_metrics,classical_monte_carlo,Python table MC,1,64,0.015625,contiguous_prefix_visible_then_blocked,16abab341fb7f370e27e4dadcf81766dd0dfd0ae64469477bb2cf6614938b2af,512,490,64,True,True,,,,4,False,69807074,ok,,[],490,10,with_replacement,0.02040816326530612,0.004783163265306121,0.004783163265306121,0.011122355077865659,0.03715520120027293,0.95,wilson_score,0.11175,0.002042,0.113833,0.113833,86,1,measured-0001,0,mc_then_qiskit,20260802,3841747339,measured,,,,,,,,,,,,,,,,,
1.0,actual_runtime_and_circuit_metrics,qiskit_statevector_mlae,Qiskit StatevectorSampler finite-shot CPU simulation of synthesized circuits; not a QPU,1,64,0.015625,contiguous_prefix_visible_then_blocked,16abab341fb7f370e27e4dadcf81766dd0dfd0ae64469477bb2cf6614938b2af,512,490,64,True,True,"[0,1,2,4,8]",14,70,4,False,3216485130,ok,,[],,,,0.014601670423337655,-0.0010233295766623445,0.0010233295766623445,0.011795131920183338,0.017934099492903685,0.95,qiskit_mlae_likelihood_ratio,850.254916,101.740125,952.581833,1006.991875,87,1,measured-0001,1,mc_then_qiskit,20260802,3841747339,measured,280,210,210,210,5,1,0.577667,0.005541,54.406083,5320,8317,16635,232890,"[{""grover_power"":0,""max_transpiled_quantum_depth"":216,""operation_counts_including_non_gates"":{""barrier"":1,""cx"":136,""measure"":1,""u"":197},""qubits"":7,""transpiled_quantum_gate_count"":333},{""grover_power"":1,""max_transpiled_quantum_depth"":854,""operation_counts_including_non_gates"":{""barrier"":1,""cx"":544,""measure"":1,""u"":787},""qubits"":7,""transpiled_quantum_gate_count"":1331},{""grover_power"":2,""max_transpiled_quantum_depth"":1492,""operation_counts_including_non_gates"":{""barrier"":1,""cx"":952,""measure"":1,""u"":1377},""qubits"":7,""transpiled_quantum_gate_count"":2329},{""grover_power"":4,""max_transpiled_quantum_depth"":2768,""operation_counts_including_non_gates"":{""barrier"":1,""cx"":1768,""measure"":1,""u"":2557},""qubits"":7,""transpiled_quantum_gate_count"":4325},{""grover_power"":8,""max_transpiled_quantum_depth"":5320,""operation_counts_including_non_gates"":{""barrier"":1,""cx"":3400,""measure"":1,""u"":4917},""qubits"":7,""transpiled_quantum_gate_count"":8317}]","[""u"",""cx""]",0,none; all-to-all analysis without a backend target or coupling map
1.0,actual_runtime_and_circuit_metrics,qiskit_statevector_mlae,Qiskit StatevectorSampler finite-shot CPU simulation of synthesized circuits; not a QPU,1,64,0.015625,contiguous_prefix_visible_then_blocked,16abab341fb7f370e27e4dadcf81766dd0dfd0ae64469477bb2cf6614938b2af,512,490,64,True,True,"[0,1,2,4,8]",14,70,1,False,1503782382,ok,,[],,,,0.015161676682153739,-0.0004633233178462613,0.0004633233178462613,0.012451739721887465,0.018351206627260752,0.95,qiskit_mlae_likelihood_ratio,854.06425,100.293958,955.055375,1009.1355,88,2,measured-0002,0,qiskit_then_mc,20260802,3841747339,measured,280,210,210,210,5,1,0.685209,0.008042,54.076542,5320,8317,16635,232890,"[{""grover_power"":0,""max_transpiled_quantum_depth"":216,""operation_counts_including_non_gates"":{""barrier"":1,""cx"":136,""measure"":1,""u"":197},""qubits"":7,""transpiled_quantum_gate_count"":333},{""grover_power"":1,""max_transpiled_quantum_depth"":854,""operation_counts_including_non_gates"":{""barrier"":1,""cx"":544,""measure"":1,""u"":787},""qubits"":7,""transpiled_quantum_gate_count"":1331},{""grover_power"":2,""max_transpiled_quantum_depth"":1492,""operation_counts_including_non_gates"":{""barrier"":1,""cx"":952,""measure"":1,""u"":1377},""qubits"":7,""transpiled_quantum_gate_count"":2329},{""grover_power"":4,""max_transpiled_quantum_depth"":2768,""operation_counts_including_non_gates"":{""barrier"":1,""cx"":1768,""measure"":1,""u"":2557},""qubits"":7,""transpiled_quantum_gate_count"":4325},{""grover_power"":8,""max_transpiled_quantum_depth"":5320,""operation_counts_including_non_gates"":{""barrier"":1,""cx"":3400,""measure"":1,""u"":4917},""qubits"":7,""transpiled_quantum_gate_count"":8317}]","[""u"",""cx""]",0,none; all-to-all analysis without a backend target or coupling map
1.0,actual_runtime_and_circuit_metrics,classical_monte_carlo,Python table MC,1,64,0.015625,contiguous_prefix_visible_then_blocked,16abab341fb7f370e27e4dadcf81766dd0dfd0ae64469477bb2cf6614938b2af,512,490,64,True,True,,,,1,False,2795033933,ok,,[],490,12,with_replacement,0.024489795918367346,0.008864795918367346,0.008864795918367346,0.014063654986336896,0.04231366677028562,0.95,wilson_score,0.128,0.006958,0.135041,0.135041,89,2,measured-0002,1,qiskit_then_mc,20260802,3841747339,measured,,,,,,,,,,,,,,,,,
1.0,actual_runtime_and_circuit_metrics,classical_monte_carlo,Python table MC,64,64,1.0,contiguous_prefix_visible_then_blocked,7c8975e1e60a5c8337f28edf8c33c3b180360b7279644a9bc1af3c51e6220bf5,256,245,64,True,True,,,,3,False,4234580828,ok,,[],245,245,with_replacement,1.0,0.0,0.0,0.984562625380435,1.0,0.95,wilson_score,0.061291,0.0025,0.063833,0.063833,90,3,measured-0003,0,mc_then_qiskit,20260802,3841747339,measured,,,,,,,,,,,,,,,,,
1.0,actual_runtime_and_circuit_metrics,qiskit_statevector_mlae,Qiskit StatevectorSampler finite-shot CPU simulation of synthesized circuits; not a QPU,64,64,1.0,contiguous_prefix_visible_then_blocked,7c8975e1e60a5c8337f28edf8c33c3b180360b7279644a9bc1af3c51e6220bf5,256,245,64,True,True,"[0,1,2,4,8]",7,35,3,False,1583227635,ok,,"[""RuntimeWarning: divide by zero encountered in scalar divide""]",,,,1.0,0.0,0.0,0.9993402060644846,1.0,0.95,qiskit_mlae_likelihood_ratio,695.193584,98.646875,794.384208,814.288958,91,3,measured-0003,1,mc_then_qiskit,20260802,3841747339,measured,140,105,105,105,5,1,0.533166,0.0065,19.901208,1716,2775,5225,36575,"[{""grover_power"":0,""max_transpiled_quantum_depth"":1,""operation_counts_including_non_gates"":{""barrier"":1,""measure"":1,""u"":7},""qubits"":7,""transpiled_quantum_gate_count"":7},{""grover_power"":1,""max_transpiled_quantum_depth"":218,""operation_counts_including_non_gates"":{""barrier"":1,""cx"":136,""measure"":1,""u"":217},""qubits"":7,""transpiled_quantum_gate_count"":353},{""grover_power"":2,""max_transpiled_quantum_depth"":432,""operation_counts_including_non_gates"":{""barrier"":1,""cx"":272,""measure"":1,""u"":427},""qubits"":7,""transpiled_quantum_gate_count"":699},{""grover_power"":4,""max_transpiled_quantum_depth"":860,""operation_counts_including_non_gates"":{""barrier"":1,""cx"":544,""measure"":1,""u"":847},""qubits"":7,""transpiled_quantum_gate_count"":1391},{""grover_power"":8,""max_transpiled_quantum_depth"":1716,""operation_counts_including_non_gates"":{""barrier"":1,""cx"":1088,""measure"":1,""u"":1687},""qubits"":7,""transpiled_quantum_gate_count"":2775}]","[""u"",""cx""]",0,none; all-to-all analysis without a backend target or coupling map
1.0,actual_runtime_and_circuit_metrics,qiskit_statevector_mlae,Qiskit StatevectorSampler finite-shot CPU simulation of synthesized circuits; not a QPU,0,64,0.0,contiguous_prefix_visible_then_blocked,f5a5fd42d16a20302798ef6ed309979b43003d2320d9f0e8ea9831a92759fb4b,128,105,64,True,True,"[0,1,2,4,8]",3,15,3,False,46602868,ok,,[],,,,1e-30,1e-30,1e-30,1e-30,0.0014865352991439325,0.95,qiskit_mlae_likelihood_ratio,684.588541,100.572167,785.4625,803.801667,92,4,measured-0004,0,qiskit_then_mc,20260802,3841747339,measured,60,45,45,45,5,1,0.2935,0.0045,18.335459,1716,2758,5190,15570,"[{""grover_power"":0,""max_transpiled_quantum_depth"":1,""operation_counts_including_non_gates"":{""barrier"":1,""measure"":1,""u"":6},""qubits"":7,""transpiled_quantum_gate_count"":6},{""grover_power"":1,""max_transpiled_quantum_depth"":218,""operation_counts_including_non_gates"":{""barrier"":1,""cx"":136,""measure"":1,""u"":214},""qubits"":7,""transpiled_quantum_gate_count"":350},{""grover_power"":2,""max_transpiled_quantum_depth"":432,""operation_counts_including_non_gates"":{""barrier"":1,""cx"":272,""measure"":1,""u"":422},""qubits"":7,""transpiled_quantum_gate_count"":694},{""grover_power"":4,""max_transpiled_quantum_depth"":860,""operation_counts_including_non_gates"":{""barrier"":1,""cx"":544,""measure"":1,""u"":838},""qubits"":7,""transpiled_quantum_gate_count"":1382},{""grover_power"":8,""max_transpiled_quantum_depth"":1716,""operation_counts_including_non_gates"":{""barrier"":1,""cx"":1088,""measure"":1,""u"":1670},""qubits"":7,""transpiled_quantum_gate_count"":2758}]","[""u"",""cx""]",0,none; all-to-all analysis without a backend target or coupling map
1.0,actual_runtime_and_circuit_metrics,classical_monte_carlo,Python table MC,0,64,0.0,contiguous_prefix_visible_then_blocked,f5a5fd42d16a20302798ef6ed309979b43003d2320d9f0e8ea9831a92759fb4b,128,105,64,True,True,,,,3,False,3770246309,ok,,[],105,0,with_replacement,0.0,0.0,0.0,0.0,0.035294076929109866,0.95,wilson_score,0.038875,0.006375,0.045334,0.045334,93,4,measured-0004,1,qiskit_then_mc,20260802,3841747339,measured,,,,,,,,,,,,,,,,,
1.0,actual_runtime_and_circuit_metrics,classical_monte_carlo,Python table MC,1,64,0.015625,contiguous_prefix_visible_then_blocked,16abab341fb7f370e27e4dadcf81766dd0dfd0ae64469477bb2cf6614938b2af,256,245,64,True,True,,,,1,False,4185562752,ok,,[],245,5,with_replacement,0.02040816326530612,0.004783163265306121,0.004783163265306121,0.008747889362498967,0.04687571486443076,0.95,wilson_score,0.062625,0.001458,0.064166,0.064166,94,5,measured-0005,0,mc_then_qiskit,20260802,3841747339,measured,,,,,,,,,,,,,,,,,
1.0,actual_runtime_and_circuit_metrics,qiskit_statevector_mlae,Qiskit StatevectorSampler finite-shot CPU simulation of synthesized circuits; not a QPU,1,64,0.015625,contiguous_prefix_visible_then_blocked,16abab341fb7f370e27e4dadcf81766dd0dfd0ae64469477bb2cf6614938b2af,256,245,64,True,True,"[0,1,2,4,8]",7,35,1,False,1920732325,ok,,[],,,,0.01119552584236051,-0.004429474157639489,0.004429474157639489,0.006750754156207276,0.016647006814538484,0.95,qiskit_mlae_likelihood_ratio,854.64625,100.326416,955.461041,1007.558125,95,5,measured-0005,1,mc_then_qiskit,20260802,3841747339,measured,140,105,105,105,5,1,0.479792,0.004709,52.093334,5320,8317,16635,116445,"[{""grover_power"":0,""max_transpiled_quantum_depth"":216,""operation_counts_including_non_gates"":{""barrier"":1,""cx"":136,""measure"":1,""u"":197},""qubits"":7,""transpiled_quantum_gate_count"":333},{""grover_power"":1,""max_transpiled_quantum_depth"":854,""operation_counts_including_non_gates"":{""barrier"":1,""cx"":544,""measure"":1,""u"":787},""qubits"":7,""transpiled_quantum_gate_count"":1331},{""grover_power"":2,""max_transpiled_quantum_depth"":1492,""operation_counts_including_non_gates"":{""barrier"":1,""cx"":952,""measure"":1,""u"":1377},""qubits"":7,""transpiled_quantum_gate_count"":2329},{""grover_power"":4,""max_transpiled_quantum_depth"":2768,""operation_counts_including_non_gates"":{""barrier"":1,""cx"":1768,""measure"":1,""u"":2557},""qubits"":7,""transpiled_quantum_gate_count"":4325},{""grover_power"":8,""max_transpiled_quantum_depth"":5320,""operation_counts_including_non_gates"":{""barrier"":1,""cx"":3400,""measure"":1,""u"":4917},""qubits"":7,""transpiled_quantum_gate_count"":8317}]","[""u"",""cx""]",0,none; all-to-all analysis without a backend target or coupling map
1.0,actual_runtime_and_circuit_metrics,qiskit_statevector_mlae,Qiskit StatevectorSampler finite-shot CPU simulation of synthesized circuits; not a QPU,0,64,0.0,contiguous_prefix_visible_then_blocked,f5a5fd42d16a20302798ef6ed309979b43003d2320d9f0e8ea9831a92759fb4b,256,245,64,True,True,"[0,1,2,4,8]",7,35,1,False,2318215907,ok,,[],,,,1e-30,1e-30,1e-30,1e-30,0.0006597939355153962,0.95,qiskit_mlae_likelihood_ratio,684.094042,101.578042,786.047458,803.873208,96,6,measured-0006,0,qiskit_then_mc,20260802,3841747339,measured,140,105,105,105,5,1,0.366334,0.00525,17.822125,1716,2758,5190,36330,"[{""grover_power"":0,""max_transpiled_quantum_depth"":1,""operation_counts_including_non_gates"":{""barrier"":1,""measure"":1,""u"":6},""qubits"":7,""transpiled_quantum_gate_count"":6},{""grover_power"":1,""max_transpiled_quantum_depth"":218,""operation_counts_including_non_gates"":{""barrier"":1,""cx"":136,""measure"":1,""u"":214},""qubits"":7,""transpiled_quantum_gate_count"":350},{""grover_power"":2,""max_transpiled_quantum_depth"":432,""operation_counts_including_non_gates"":{""barrier"":1,""cx"":272,""measure"":1,""u"":422},""qubits"":7,""transpiled_quantum_gate_count"":694},{""grover_power"":4,""max_transpiled_quantum_depth"":860,""operation_counts_including_non_gates"":{""barrier"":1,""cx"":544,""measure"":1,""u"":838},""qubits"":7,""transpiled_quantum_gate_count"":1382},{""grover_power"":8,""max_transpiled_quantum_depth"":1716,""operation_counts_including_non_gates"":{""barrier"":1,""cx"":1088,""measure"":1,""u"":1670},""qubits"":7,""transpiled_quantum_gate_count"":2758}]","[""u"",""cx""]",0,none; all-to-all analysis without a backend target or coupling map
1.0,actual_runtime_and_circuit_metrics,classical_monte_carlo,Python table MC,0,64,0.0,contiguous_prefix_visible_then_blocked,f5a5fd42d16a20302798ef6ed309979b43003d2320d9f0e8ea9831a92759fb4b,256,245,64,True,True,,,,1,False,515510027,ok,,[],245,0,with_replacement,0.0,0.0,0.0,0.0,0.015437374619565042,0.95,wilson_score,0.065709,0.00675,0.0725,0.0725,97,6,measured-0006,1,qiskit_then_mc,20260802,3841747339,measured,,,,,,,,,,,,,,,,,
1.0,actual_runtime_and_circuit_metrics,classical_monte_carlo,Python table MC,0,64,0.0,contiguous_prefix_visible_then_blocked,f5a5fd42d16a20302798ef6ed309979b43003d2320d9f0e8ea9831a92759fb4b,64,35,64,True,False,,,,1,False,53050081,ok,,[],35,0,with_replacement,0.0,0.0,0.0,0.0,0.09890099232440398,0.95,wilson_score,0.015375,0.001666,0.017083,0.017083,98,7,measured-0007,0,mc_then_qiskit,20260802,3841747339,measured,,,,,,,,,,,,,,,,,
1.0,actual_runtime_and_circuit_metrics,qiskit_statevector_mlae,Qiskit StatevectorSampler finite-shot CPU simulation of synthesized circuits; not a QPU,0,64,0.0,contiguous_prefix_visible_then_blocked,f5a5fd42d16a20302798ef6ed309979b43003d2320d9f0e8ea9831a92759fb4b,64,35,64,True,False,"[0,1,2,4,8]",1,5,1,False,538455176,ok,,[],,,,1e-30,1e-30,1e-30,1e-30,0.00390950341710986,0.95,qiskit_mlae_likelihood_ratio,682.706958,99.582292,782.585709,800.63175,99,7,measured-0007,1,mc_then_qiskit,20260802,3841747339,measured,20,15,15,15,5,1,0.2875,0.004916,18.042125,1716,2758,5190,5190,"[{""grover_power"":0,""max_transpiled_quantum_depth"":1,""operation_counts_including_non_gates"":{""barrier"":1,""measure"":1,""u"":6},""qubits"":7,""transpiled_quantum_gate_count"":6},{""grover_power"":1,""max_transpiled_quantum_depth"":218,""operation_counts_including_non_gates"":{""barrier"":1,""cx"":136,""measure"":1,""u"":214},""qubits"":7,""transpiled_quantum_gate_count"":350},{""grover_power"":2,""max_transpiled_quantum_depth"":432,""operation_counts_including_non_gates"":{""barrier"":1,""cx"":272,""measure"":1,""u"":422},""qubits"":7,""transpiled_quantum_gate_count"":694},{""grover_power"":4,""max_transpiled_quantum_depth"":860,""operation_counts_including_non_gates"":{""barrier"":1,""cx"":544,""measure"":1,""u"":838},""qubits"":7,""transpiled_quantum_gate_count"":1382},{""grover_power"":8,""max_transpiled_quantum_depth"":1716,""operation_counts_including_non_gates"":{""barrier"":1,""cx"":1088,""measure"":1,""u"":1670},""qubits"":7,""transpiled_quantum_gate_count"":2758}]","[""u"",""cx""]",0,none; all-to-all analysis without a backend target or coupling map
1.0,actual_runtime_and_circuit_metrics,qiskit_statevector_mlae,Qiskit StatevectorSampler finite-shot CPU simulation of synthesized circuits; not a QPU,56,64,0.875,contiguous_prefix_visible_then_blocked,3c2388fcb014d41bb64b30937ecf31fd7ffb7b9790d03bc63ad567d3c56e6f33,32,18,64,False,False,"[0,1,2,4]",1,4,4,False,2586095247,ok,,[],,,,0.8804140436254039,0.005414043625403875,0.005414043625403875,0.7969687646163968,0.9453186612726312,0.95,qiskit_mlae_likelihood_ratio,5145.227833,40.557625,5189.507542,6108.468875,100,8,measured-0008,0,qiskit_then_mc,20260802,3841747339,measured,11,7,7,7,4,1,3.713792,0.004666,918.95775,107276,163382,326432,326432,"[{""grover_power"":0,""max_transpiled_quantum_depth"":11828,""operation_counts_including_non_gates"":{""barrier"":1,""cx"":7616,""measure"":1,""u"":10390},""qubits"":7,""transpiled_quantum_gate_count"":18006},{""grover_power"":1,""max_transpiled_quantum_depth"":35690,""operation_counts_including_non_gates"":{""barrier"":1,""cx"":22984,""measure"":1,""u"":31366},""qubits"":7,""transpiled_quantum_gate_count"":54350},{""grover_power"":2,""max_transpiled_quantum_depth"":59552,""operation_counts_including_non_gates"":{""barrier"":1,""cx"":38352,""measure"":1,""u"":52342},""qubits"":7,""transpiled_quantum_gate_count"":90694},{""grover_power"":4,""max_transpiled_quantum_depth"":107276,""operation_counts_including_non_gates"":{""barrier"":1,""cx"":69088,""measure"":1,""u"":94294},""qubits"":7,""transpiled_quantum_gate_count"":163382}]","[""u"",""cx""]",0,none; all-to-all analysis without a backend target or coupling map
1.0,actual_runtime_and_circuit_metrics,classical_monte_carlo,Python table MC,56,64,0.875,contiguous_prefix_visible_then_blocked,3c2388fcb014d41bb64b30937ecf31fd7ffb7b9790d03bc63ad567d3c56e6f33,32,18,64,False,False,,,,4,False,3248893981,ok,,[],18,15,with_replacement,0.8333333333333334,-0.04166666666666663,0.04166666666666663,0.6077796189608429,0.9416342319413855,0.95,wilson_score,0.021208,0.006792,0.028042,0.028042,101,8,measured-0008,1,qiskit_then_mc,20260802,3841747339,measured,,,,,,,,,,,,,,,,,
1.0,actual_runtime_and_circuit_metrics,classical_monte_carlo,Python table MC,64,64,1.0,contiguous_prefix_visible_then_blocked,7c8975e1e60a5c8337f28edf8c33c3b180360b7279644a9bc1af3c51e6220bf5,64,35,64,True,False,,,,2,False,663693845,ok,,[],35,35,with_replacement,1.0,0.0,0.0,0.9010990076755961,1.0,0.95,wilson_score,0.014833,0.001708,0.016583,0.016583,102,9,measured-0009,0,mc_then_qiskit,20260802,3841747339,measured,,,,,,,,,,,,,,,,,
1.0,actual_runtime_and_circuit_metrics,qiskit_statevector_mlae,Qiskit StatevectorSampler finite-shot CPU simulation of synthesized circuits; not a QPU,64,64,1.0,contiguous_prefix_visible_then_blocked,7c8975e1e60a5c8337f28edf8c33c3b180360b7279644a9bc1af3c51e6220bf5,64,35,64,True,False,"[0,1,2,4,8]",1,5,2,False,3740626384,ok,,"[""RuntimeWarning: divide by zero encountered in scalar divide""]",,,,1.0,0.0,0.0,0.9960904965828902,1.0,0.95,qiskit_mlae_likelihood_ratio,695.476667,100.939542,796.951209,817.4605,103,9,measured-0009,1,mc_then_qiskit,20260802,3841747339,measured,20,15,15,15,5,1,0.52575,0.005333,20.506041,1716,2775,5225,5225,"[{""grover_power"":0,""max_transpiled_quantum_depth"":1,""operation_counts_including_non_gates"":{""barrier"":1,""measure"":1,""u"":7},""qubits"":7,""transpiled_quantum_gate_count"":7},{""grover_power"":1,""max_transpiled_quantum_depth"":218,""operation_counts_including_non_gates"":{""barrier"":1,""cx"":136,""measure"":1,""u"":217},""qubits"":7,""transpiled_quantum_gate_count"":353},{""grover_power"":2,""max_transpiled_quantum_depth"":432,""operation_counts_including_non_gates"":{""barrier"":1,""cx"":272,""measure"":1,""u"":427},""qubits"":7,""transpiled_quantum_gate_count"":699},{""grover_power"":4,""max_transpiled_quantum_depth"":860,""operation_counts_including_non_gates"":{""barrier"":1,""cx"":544,""measure"":1,""u"":847},""qubits"":7,""transpiled_quantum_gate_count"":1391},{""grover_power"":8,""max_transpiled_quantum_depth"":1716,""operation_counts_including_non_gates"":{""barrier"":1,""cx"":1088,""measure"":1,""u"":1687},""qubits"":7,""transpiled_quantum_gate_count"":2775}]","[""u"",""cx""]",0,none; all-to-all analysis without a backend target or coupling map
1.0,actual_runtime_and_circuit_metrics,qiskit_statevector_mlae,Qiskit StatevectorSampler finite-shot CPU simulation of synthesized circuits; not a QPU,63,64,0.984375,contiguous_prefix_visible_then_blocked,4a22bb45b68e2388bce472d38b49adb1bb6b08e220e9edede71b70cc62ad2db2,256,245,64,True,True,"[0,1,2,4,8]",7,35,1,False,1311762100,ok,,[],,,,0.9840807314614639,-0.00029426853853609103,0.00029426853853609103,0.47241834577917297,0.9880559471625656,0.95,qiskit_mlae_likelihood_ratio,11084.763417,99.790875,11189.10775,13217.96875,104,10,measured-0010,0,qiskit_then_mc,20260802,3841747339,measured,140,105,105,105,5,1,4.543542,0.00625,2028.857167,227715,346651,713205,4992435,"[{""grover_power"":0,""max_transpiled_quantum_depth"":13299,""operation_counts_including_non_gates"":{""barrier"":1,""cx"":8568,""measure"":1,""u"":11667},""qubits"":7,""transpiled_quantum_gate_count"":20235},{""grover_power"":1,""max_transpiled_quantum_depth"":40101,""operation_counts_including_non_gates"":{""barrier"":1,""cx"":25840,""measure"":1,""u"":35197},""qubits"":7,""transpiled_quantum_gate_count"":61037},{""grover_power"":2,""max_transpiled_quantum_depth"":66903,""operation_counts_including_non_gates"":{""barrier"":1,""cx"":43112,""measure"":1,""u"":58727},""qubits"":7,""transpiled_quantum_gate_count"":101839},{""grover_power"":4,""max_transpiled_quantum_depth"":120507,""operation_counts_including_non_gates"":{""barrier"":1,""cx"":77656,""measure"":1,""u"":105787},""qubits"":7,""transpiled_quantum_gate_count"":183443},{""grover_power"":8,""max_transpiled_quantum_depth"":227715,""operation_counts_including_non_gates"":{""barrier"":1,""cx"":146744,""measure"":1,""u"":199907},""qubits"":7,""transpiled_quantum_gate_count"":346651}]","[""u"",""cx""]",0,none; all-to-all analysis without a backend target or coupling map
1.0,actual_runtime_and_circuit_metrics,classical_monte_carlo,Python table MC,63,64,0.984375,contiguous_prefix_visible_then_blocked,4a22bb45b68e2388bce472d38b49adb1bb6b08e220e9edede71b70cc62ad2db2,256,245,64,True,True,,,,1,False,340409524,ok,,[],245,242,with_replacement,0.9877551020408163,0.0033801020408162907,0.0033801020408162907,0.9646238352909898,0.9958270523250262,0.95,wilson_score,0.067042,0.0065,0.073584,0.073584,105,10,measured-0010,1,qiskit_then_mc,20260802,3841747339,measured,,,,,,,,,,,,,,,,,
1.0,actual_runtime_and_circuit_metrics,classical_monte_carlo,Python table MC,1,64,0.015625,contiguous_prefix_visible_then_blocked,16abab341fb7f370e27e4dadcf81766dd0dfd0ae64469477bb2cf6614938b2af,512,490,64,True,True,,,,0,False,1689095225,ok,,[],490,8,with_replacement,0.0163265306122449,0.0007015306122448994,0.0007015306122448994,0.008295610008883075,0.03188218079077159,0.95,wilson_score,0.110625,0.00175,0.112375,0.112375,106,11,measured-0011,0,mc_then_qiskit,20260802,3841747339,measured,,,,,,,,,,,,,,,,,
1.0,actual_runtime_and_circuit_metrics,qiskit_statevector_mlae,Qiskit StatevectorSampler finite-shot CPU simulation of synthesized circuits; not a QPU,1,64,0.015625,contiguous_prefix_visible_then_blocked,16abab341fb7f370e27e4dadcf81766dd0dfd0ae64469477bb2cf6614938b2af,512,490,64,True,True,"[0,1,2,4,8]",14,70,0,False,197152759,ok,,[],,,,0.016439720389017153,0.0008147203890171532,0.0008147203890171532,0.013225682130388366,0.020154378714195217,0.95,qiskit_mlae_likelihood_ratio,860.723292,99.377792,960.703333,1013.111625,107,11,measured-0011,1,mc_then_qiskit,20260802,3841747339,measured,280,210,210,210,5,1,0.593042,0.0055,52.404334,5320,8317,16635,232890,"[{""grover_power"":0,""max_transpiled_quantum_depth"":216,""operation_counts_including_non_gates"":{""barrier"":1,""cx"":136,""measure"":1,""u"":197},""qubits"":7,""transpiled_quantum_gate_count"":333},{""grover_power"":1,""max_transpiled_quantum_depth"":854,""operation_counts_including_non_gates"":{""barrier"":1,""cx"":544,""measure"":1,""u"":787},""qubits"":7,""transpiled_quantum_gate_count"":1331},{""grover_power"":2,""max_transpiled_quantum_depth"":1492,""operation_counts_including_non_gates"":{""barrier"":1,""cx"":952,""measure"":1,""u"":1377},""qubits"":7,""transpiled_quantum_gate_count"":2329},{""grover_power"":4,""max_transpiled_quantum_depth"":2768,""operation_counts_including_non_gates"":{""barrier"":1,""cx"":1768,""measure"":1,""u"":2557},""qubits"":7,""transpiled_quantum_gate_count"":4325},{""grover_power"":8,""max_transpiled_quantum_depth"":5320,""operation_counts_including_non_gates"":{""barrier"":1,""cx"":3400,""measure"":1,""u"":4917},""qubits"":7,""transpiled_quantum_gate_count"":8317}]","[""u"",""cx""]",0,none; all-to-all analysis without a backend target or coupling map
1.0,actual_runtime_and_circuit_metrics,qiskit_statevector_mlae,Qiskit StatevectorSampler finite-shot CPU simulation of synthesized circuits; not a QPU,32,64,0.5,contiguous_prefix_visible_then_blocked,037d6dfb3a369a41e01100fdd53c35ee3fb69ddec5830d61e1138d066a4c2285,32,18,64,False,False,"[0,1,2,4]",1,4,4,False,4222399874,ok,,"[""RuntimeWarning: divide by zero encountered in scalar divide""]",,,,1.0,0.5,0.5,0.9863123486604318,1.0,0.95,qiskit_mlae_likelihood_ratio,2971.320083,41.361,3016.319542,3554.469375,108,12,measured-0012,0,qiskit_then_mc,20260802,3841747339,measured,11,7,7,7,4,1,3.6235,0.006334,538.14675,61916,94118,187904,187904,"[{""grover_power"":0,""max_transpiled_quantum_depth"":6788,""operation_counts_including_non_gates"":{""barrier"":1,""cx"":4352,""measure"":1,""u"":5958},""qubits"":7,""transpiled_quantum_gate_count"":10310},{""grover_power"":1,""max_transpiled_quantum_depth"":20570,""operation_counts_including_non_gates"":{""barrier"":1,""cx"":13192,""measure"":1,""u"":18070},""qubits"":7,""transpiled_quantum_gate_count"":31262},{""grover_power"":2,""max_transpiled_quantum_depth"":34352,""operation_counts_including_non_gates"":{""barrier"":1,""cx"":22032,""measure"":1,""u"":30182},""qubits"":7,""transpiled_quantum_gate_count"":52214},{""grover_power"":4,""max_transpiled_quantum_depth"":61916,""operation_counts_including_non_gates"":{""barrier"":1,""cx"":39712,""measure"":1,""u"":54406},""qubits"":7,""transpiled_quantum_gate_count"":94118}]","[""u"",""cx""]",0,none; all-to-all analysis without a backend target or coupling map
1.0,actual_runtime_and_circuit_metrics,classical_monte_carlo,Python table MC,32,64,0.5,contiguous_prefix_visible_then_blocked,037d6dfb3a369a41e01100fdd53c35ee3fb69ddec5830d61e1138d066a4c2285,32,18,64,False,False,,,,4,False,4269675251,ok,,[],18,11,with_replacement,0.6111111111111112,0.11111111111111116,0.11111111111111116,0.38619041602237913,0.7969475342783637,0.95,wilson_score,0.020833,0.006458,0.027333,0.027333,109,12,measured-0012,1,qiskit_then_mc,20260802,3841747339,measured,,,,,,,,,,,,,,,,,
1.0,actual_runtime_and_circuit_metrics,classical_monte_carlo,Python table MC,56,64,0.875,contiguous_prefix_visible_then_blocked,3c2388fcb014d41bb64b30937ecf31fd7ffb7b9790d03bc63ad567d3c56e6f33,32,18,64,False,False,,,,0,False,1219858547,ok,,[],18,18,with_replacement,1.0,0.125,0.125,0.8241207763533426,1.0,0.95,wilson_score,0.01175,0.001625,0.013458,0.013458,110,13,measured-0013,0,mc_then_qiskit,20260802,3841747339,measured,,,,,,,,,,,,,,,,,
1.0,actual_runtime_and_circuit_metrics,qiskit_statevector_mlae,Qiskit StatevectorSampler finite-shot CPU simulation of synthesized circuits; not a QPU,56,64,0.875,contiguous_prefix_visible_then_blocked,3c2388fcb014d41bb64b30937ecf31fd7ffb7b9790d03bc63ad567d3c56e6f33,32,18,64,False,False,"[0,1,2,4]",1,4,0,False,3418713717,ok,,[],,,,0.8804140436254039,0.005414043625403875,0.005414043625403875,0.7969687646163968,0.9453186612726312,0.95,qiskit_mlae_likelihood_ratio,4939.584958,40.498459,4985.94475,5921.806583,111,13,measured-0013,1,mc_then_qiskit,20260802,3841747339,measured,11,7,7,7,4,1,5.848958,0.006375,935.85825,107276,163382,326432,326432,"[{""grover_power"":0,""max_transpiled_quantum_depth"":11828,""operation_counts_including_non_gates"":{""barrier"":1,""cx"":7616,""measure"":1,""u"":10390},""qubits"":7,""transpiled_quantum_gate_count"":18006},{""grover_power"":1,""max_transpiled_quantum_depth"":35690,""operation_counts_including_non_gates"":{""barrier"":1,""cx"":22984,""measure"":1,""u"":31366},""qubits"":7,""transpiled_quantum_gate_count"":54350},{""grover_power"":2,""max_transpiled_quantum_depth"":59552,""operation_counts_including_non_gates"":{""barrier"":1,""cx"":38352,""measure"":1,""u"":52342},""qubits"":7,""transpiled_quantum_gate_count"":90694},{""grover_power"":4,""max_transpiled_quantum_depth"":107276,""operation_counts_including_non_gates"":{""barrier"":1,""cx"":69088,""measure"":1,""u"":94294},""qubits"":7,""transpiled_quantum_gate_count"":163382}]","[""u"",""cx""]",0,none; all-to-all analysis without a backend target or coupling map
1.0,actual_runtime_and_circuit_metrics,qiskit_statevector_mlae,Qiskit StatevectorSampler finite-shot CPU simulation of synthesized circuits; not a QPU,1,64,0.015625,contiguous_prefix_visible_then_blocked,16abab341fb7f370e27e4dadcf81766dd0dfd0ae64469477bb2cf6614938b2af,256,245,64,True,True,"[0,1,2,4,8]",7,35,3,False,297722148,ok,,[],,,,0.004507995373647738,-0.011117004626352261,0.011117004626352261,0.0024795768568736387,0.017785093310754504,0.95,qiskit_mlae_likelihood_ratio,861.268791,101.398792,963.328167,1014.280584,112,14,measured-0014,0,qiskit_then_mc,20260802,3841747339,measured,140,105,105,105,5,1,0.649916,0.006583,50.948375,5320,8317,16635,116445,"[{""grover_power"":0,""max_transpiled_quantum_depth"":216,""operation_counts_including_non_gates"":{""barrier"":1,""cx"":136,""measure"":1,""u"":197},""qubits"":7,""transpiled_quantum_gate_count"":333},{""grover_power"":1,""max_transpiled_quantum_depth"":854,""operation_counts_including_non_gates"":{""barrier"":1,""cx"":544,""measure"":1,""u"":787},""qubits"":7,""transpiled_quantum_gate_count"":1331},{""grover_power"":2,""max_transpiled_quantum_depth"":1492,""operation_counts_including_non_gates"":{""barrier"":1,""cx"":952,""measure"":1,""u"":1377},""qubits"":7,""transpiled_quantum_gate_count"":2329},{""grover_power"":4,""max_transpiled_quantum_depth"":2768,""operation_counts_including_non_gates"":{""barrier"":1,""cx"":1768,""measure"":1,""u"":2557},""qubits"":7,""transpiled_quantum_gate_count"":4325},{""grover_power"":8,""max_transpiled_quantum_depth"":5320,""operation_counts_including_non_gates"":{""barrier"":1,""cx"":3400,""measure"":1,""u"":4917},""qubits"":7,""transpiled_quantum_gate_count"":8317}]","[""u"",""cx""]",0,none; all-to-all analysis without a backend target or coupling map
1.0,actual_runtime_and_circuit_metrics,classical_monte_carlo,Python table MC,1,64,0.015625,contiguous_prefix_visible_then_blocked,16abab341fb7f370e27e4dadcf81766dd0dfd0ae64469477bb2cf6614938b2af,256,245,64,True,True,,,,3,False,2418943762,ok,,[],245,5,with_replacement,0.02040816326530612,0.004783163265306121,0.004783163265306121,0.008747889362498967,0.04687571486443076,0.95,wilson_score,0.070375,0.006417,0.076833,0.076833,113,14,measured-0014,1,qiskit_then_mc,20260802,3841747339,measured,,,,,,,,,,,,,,,,,
1.0,actual_runtime_and_circuit_metrics,classical_monte_carlo,Python table MC,56,64,0.875,contiguous_prefix_visible_then_blocked,3c2388fcb014d41bb64b30937ecf31fd7ffb7b9790d03bc63ad567d3c56e6f33,512,490,64,True,True,,,,3,False,335421594,ok,,[],490,422,with_replacement,0.8612244897959184,-0.013775510204081631,0.013775510204081631,0.827794618048717,0.8890346267971105,0.95,wilson_score,0.112916,0.001875,0.114833,0.114833,114,15,measured-0015,0,mc_then_qiskit,20260802,3841747339,measured,,,,,,,,,,,,,,,,,
1.0,actual_runtime_and_circuit_metrics,qiskit_statevector_mlae,Qiskit StatevectorSampler finite-shot CPU simulation of synthesized circuits; not a QPU,56,64,0.875,contiguous_prefix_visible_then_blocked,3c2388fcb014d41bb64b30937ecf31fd7ffb7b9790d03bc63ad567d3c56e6f33,512,490,64,True,True,"[0,1,2,4,8]",14,70,3,False,3853258100,ok,,[],,,,0.8736936956988837,-0.0013063043011163344,0.0013063043011163344,0.8618395696815833,0.8848108144036737,0.95,qiskit_mlae_likelihood_ratio,9975.752417,99.410875,10079.728917,11880.318542,115,15,measured-0015,1,mc_then_qiskit,20260802,3841747339,measured,280,210,210,210,5,1,4.552916,0.008375,1800.585792,202724,308758,635190,8892660,"[{""grover_power"":0,""max_transpiled_quantum_depth"":11828,""operation_counts_including_non_gates"":{""barrier"":1,""cx"":7616,""measure"":1,""u"":10390},""qubits"":7,""transpiled_quantum_gate_count"":18006},{""grover_power"":1,""max_transpiled_quantum_depth"":35690,""operation_counts_including_non_gates"":{""barrier"":1,""cx"":22984,""measure"":1,""u"":31366},""qubits"":7,""transpiled_quantum_gate_count"":54350},{""grover_power"":2,""max_transpiled_quantum_depth"":59552,""operation_counts_including_non_gates"":{""barrier"":1,""cx"":38352,""measure"":1,""u"":52342},""qubits"":7,""transpiled_quantum_gate_count"":90694},{""grover_power"":4,""max_transpiled_quantum_depth"":107276,""operation_counts_including_non_gates"":{""barrier"":1,""cx"":69088,""measure"":1,""u"":94294},""qubits"":7,""transpiled_quantum_gate_count"":163382},{""grover_power"":8,""max_transpiled_quantum_depth"":202724,""operation_counts_including_non_gates"":{""barrier"":1,""cx"":130560,""measure"":1,""u"":178198},""qubits"":7,""transpiled_quantum_gate_count"":308758}]","[""u"",""cx""]",0,none; all-to-all analysis without a backend target or coupling map
1.0,actual_runtime_and_circuit_metrics,qiskit_statevector_mlae,Qiskit StatevectorSampler finite-shot CPU simulation of synthesized circuits; not a QPU,63,64,0.984375,contiguous_prefix_visible_then_blocked,4a22bb45b68e2388bce472d38b49adb1bb6b08e220e9edede71b70cc62ad2db2,1024,1015,64,True,True,"[0,1,2,4,8]",29,145,3,False,426613842,ok,,[],,,,0.9841120093183063,-0.00026299068169366446,0.00026299068169366446,0.9817660577347659,0.9862698258854149,0.95,qiskit_mlae_likelihood_ratio,11103.336417,100.322875,11211.907708,13262.581875,116,16,measured-0016,0,qiskit_then_mc,20260802,3841747339,measured,580,435,435,435,5,1,8.238417,0.006125,2050.670125,227715,346651,713205,20682945,"[{""grover_power"":0,""max_transpiled_quantum_depth"":13299,""operation_counts_including_non_gates"":{""barrier"":1,""cx"":8568,""measure"":1,""u"":11667},""qubits"":7,""transpiled_quantum_gate_count"":20235},{""grover_power"":1,""max_transpiled_quantum_depth"":40101,""operation_counts_including_non_gates"":{""barrier"":1,""cx"":25840,""measure"":1,""u"":35197},""qubits"":7,""transpiled_quantum_gate_count"":61037},{""grover_power"":2,""max_transpiled_quantum_depth"":66903,""operation_counts_including_non_gates"":{""barrier"":1,""cx"":43112,""measure"":1,""u"":58727},""qubits"":7,""transpiled_quantum_gate_count"":101839},{""grover_power"":4,""max_transpiled_quantum_depth"":120507,""operation_counts_including_non_gates"":{""barrier"":1,""cx"":77656,""measure"":1,""u"":105787},""qubits"":7,""transpiled_quantum_gate_count"":183443},{""grover_power"":8,""max_transpiled_quantum_depth"":227715,""operation_counts_including_non_gates"":{""barrier"":1,""cx"":146744,""measure"":1,""u"":199907},""qubits"":7,""transpiled_quantum_gate_count"":346651}]","[""u"",""cx""]",0,none; all-to-all analysis without a backend target or coupling map
1.0,actual_runtime_and_circuit_metrics,classical_monte_carlo,Python table MC,63,64,0.984375,contiguous_prefix_visible_then_blocked,4a22bb45b68e2388bce472d38b49adb1bb6b08e220e9edede71b70cc62ad2db2,1024,1015,64,True,True,,,,3,False,1574529265,ok,,[],1015,1002,with_replacement,0.987192118226601,0.002817118226601023,0.002817118226601023,0.9782104929717368,0.9924999070003695,0.95,wilson_score,0.236417,0.007041,0.2435,0.2435,117,16,measured-0016,1,qiskit_then_mc,20260802,3841747339,measured,,,,,,,,,,,,,,,,,
1.0,actual_runtime_and_circuit_metrics,classical_monte_carlo,Python table MC,1,64,0.015625,contiguous_prefix_visible_then_blocked,16abab341fb7f370e27e4dadcf81766dd0dfd0ae64469477bb2cf6614938b2af,1024,1015,64,True,True,,,,0,False,2177245750,ok,,[],1015,16,with_replacement,0.015763546798029555,0.00013854679802955544,0.00013854679802955544,0.009726006584774285,0.025452635303415565,0.95,wilson_score,0.224875,0.002208,0.227125,0.227125,118,17,measured-0017,0,mc_then_qiskit,20260802,3841747339,measured,,,,,,,,,,,,,,,,,
1.0,actual_runtime_and_circuit_metrics,qiskit_statevector_mlae,Qiskit StatevectorSampler finite-shot CPU simulation of synthesized circuits; not a QPU,1,64,0.015625,contiguous_prefix_visible_then_blocked,16abab341fb7f370e27e4dadcf81766dd0dfd0ae64469477bb2cf6614938b2af,1024,1015,64,True,True,"[0,1,2,4,8]",29,145,0,False,885457336,ok,,[],,,,0.015841130636778143,0.0002161306367781425,0.0002161306367781425,0.01383218987760671,0.018033775958865888,0.95,qiskit_mlae_likelihood_ratio,867.241292,98.19675,966.10225,1017.33525,119,17,measured-0017,1,mc_then_qiskit,20260802,3841747339,measured,580,435,435,435,5,1,0.654667,0.00575,51.229375,5320,8317,16635,482415,"[{""grover_power"":0,""max_transpiled_quantum_depth"":216,""operation_counts_including_non_gates"":{""barrier"":1,""cx"":136,""measure"":1,""u"":197},""qubits"":7,""transpiled_quantum_gate_count"":333},{""grover_power"":1,""max_transpiled_quantum_depth"":854,""operation_counts_including_non_gates"":{""barrier"":1,""cx"":544,""measure"":1,""u"":787},""qubits"":7,""transpiled_quantum_gate_count"":1331},{""grover_power"":2,""max_transpiled_quantum_depth"":1492,""operation_counts_including_non_gates"":{""barrier"":1,""cx"":952,""measure"":1,""u"":1377},""qubits"":7,""transpiled_quantum_gate_count"":2329},{""grover_power"":4,""max_transpiled_quantum_depth"":2768,""operation_counts_including_non_gates"":{""barrier"":1,""cx"":1768,""measure"":1,""u"":2557},""qubits"":7,""transpiled_quantum_gate_count"":4325},{""grover_power"":8,""max_transpiled_quantum_depth"":5320,""operation_counts_including_non_gates"":{""barrier"":1,""cx"":3400,""measure"":1,""u"":4917},""qubits"":7,""transpiled_quantum_gate_count"":8317}]","[""u"",""cx""]",0,none; all-to-all analysis without a backend target or coupling map
1.0,actual_runtime_and_circuit_metrics,qiskit_statevector_mlae,Qiskit StatevectorSampler finite-shot CPU simulation of synthesized circuits; not a QPU,0,64,0.0,contiguous_prefix_visible_then_blocked,f5a5fd42d16a20302798ef6ed309979b43003d2320d9f0e8ea9831a92759fb4b,512,490,64,True,True,"[0,1,2,4,8]",14,70,4,False,3829513016,ok,,[],,,,1e-30,1e-30,1e-30,1e-30,0.00033307166931279903,0.95,qiskit_mlae_likelihood_ratio,685.073625,99.754334,785.183542,803.703667,120,18,measured-0018,0,qiskit_then_mc,20260802,3841747339,measured,280,210,210,210,5,1,0.343167,0.005708,18.516292,1716,2758,5190,72660,"[{""grover_power"":0,""max_transpiled_quantum_depth"":1,""operation_counts_including_non_gates"":{""barrier"":1,""measure"":1,""u"":6},""qubits"":7,""transpiled_quantum_gate_count"":6},{""grover_power"":1,""max_transpiled_quantum_depth"":218,""operation_counts_including_non_gates"":{""barrier"":1,""cx"":136,""measure"":1,""u"":214},""qubits"":7,""transpiled_quantum_gate_count"":350},{""grover_power"":2,""max_transpiled_quantum_depth"":432,""operation_counts_including_non_gates"":{""barrier"":1,""cx"":272,""measure"":1,""u"":422},""qubits"":7,""transpiled_quantum_gate_count"":694},{""grover_power"":4,""max_transpiled_quantum_depth"":860,""operation_counts_including_non_gates"":{""barrier"":1,""cx"":544,""measure"":1,""u"":838},""qubits"":7,""transpiled_quantum_gate_count"":1382},{""grover_power"":8,""max_transpiled_quantum_depth"":1716,""operation_counts_including_non_gates"":{""barrier"":1,""cx"":1088,""measure"":1,""u"":1670},""qubits"":7,""transpiled_quantum_gate_count"":2758}]","[""u"",""cx""]",0,none; all-to-all analysis without a backend target or coupling map
1.0,actual_runtime_and_circuit_metrics,classical_monte_carlo,Python table MC,0,64,0.0,contiguous_prefix_visible_then_blocked,f5a5fd42d16a20302798ef6ed309979b43003d2320d9f0e8ea9831a92759fb4b,512,490,64,True,True,,,,4,False,4279611929,ok,,[],490,0,with_replacement,0.0,0.0,0.0,0.0,0.007778728885718958,0.95,wilson_score,0.119083,0.007,0.126125,0.126125,121,18,measured-0018,1,qiskit_then_mc,20260802,3841747339,measured,,,,,,,,,,,,,,,,,
1.0,actual_runtime_and_circuit_metrics,classical_monte_carlo,Python table MC,64,64,1.0,contiguous_prefix_visible_then_blocked,7c8975e1e60a5c8337f28edf8c33c3b180360b7279644a9bc1af3c51e6220bf5,128,105,64,True,True,,,,0,False,3018383394,ok,,[],105,105,with_replacement,1.0,0.0,0.0,0.9647059230708901,1.0,0.95,wilson_score,0.030583,0.001666,0.032291,0.032291,122,19,measured-0019,0,mc_then_qiskit,20260802,3841747339,measured,,,,,,,,,,,,,,,,,
1.0,actual_runtime_and_circuit_metrics,qiskit_statevector_mlae,Qiskit StatevectorSampler finite-shot CPU simulation of synthesized circuits; not a QPU,64,64,1.0,contiguous_prefix_visible_then_blocked,7c8975e1e60a5c8337f28edf8c33c3b180360b7279644a9bc1af3c51e6220bf5,128,105,64,True,True,"[0,1,2,4,8]",3,15,0,False,2310564798,ok,,"[""RuntimeWarning: divide by zero encountered in scalar divide""]",,,,1.0,0.0,0.0,0.998513464700856,1.0,0.95,qiskit_mlae_likelihood_ratio,688.269833,101.082625,789.773459,811.001292,123,19,measured-0019,1,mc_then_qiskit,20260802,3841747339,measured,60,45,45,45,5,1,0.412417,0.004708,21.223833,1716,2775,5225,15675,"[{""grover_power"":0,""max_transpiled_quantum_depth"":1,""operation_counts_including_non_gates"":{""barrier"":1,""measure"":1,""u"":7},""qubits"":7,""transpiled_quantum_gate_count"":7},{""grover_power"":1,""max_transpiled_quantum_depth"":218,""operation_counts_including_non_gates"":{""barrier"":1,""cx"":136,""measure"":1,""u"":217},""qubits"":7,""transpiled_quantum_gate_count"":353},{""grover_power"":2,""max_transpiled_quantum_depth"":432,""operation_counts_including_non_gates"":{""barrier"":1,""cx"":272,""measure"":1,""u"":427},""qubits"":7,""transpiled_quantum_gate_count"":699},{""grover_power"":4,""max_transpiled_quantum_depth"":860,""operation_counts_including_non_gates"":{""barrier"":1,""cx"":544,""measure"":1,""u"":847},""qubits"":7,""transpiled_quantum_gate_count"":1391},{""grover_power"":8,""max_transpiled_quantum_depth"":1716,""operation_counts_including_non_gates"":{""barrier"":1,""cx"":1088,""measure"":1,""u"":1687},""qubits"":7,""transpiled_quantum_gate_count"":2775}]","[""u"",""cx""]",0,none; all-to-all analysis without a backend target or coupling map
1.0,actual_runtime_and_circuit_metrics,qiskit_statevector_mlae,Qiskit StatevectorSampler finite-shot CPU simulation of synthesized circuits; not a QPU,64,64,1.0,contiguous_prefix_visible_then_blocked,7c8975e1e60a5c8337f28edf8c33c3b180360b7279644a9bc1af3c51e6220bf5,512,490,64,True,True,"[0,1,2,4,8]",14,70,4,False,2943803963,ok,,"[""RuntimeWarning: divide by zero encountered in scalar divide""]",,,,1.0,0.0,0.0,0.9996669283306872,1.0,0.95,qiskit_mlae_likelihood_ratio,697.558042,99.403416,797.467625,818.071584,124,20,measured-0020,0,qiskit_then_mc,20260802,3841747339,measured,280,210,210,210,5,1,0.496541,0.005459,20.600667,1716,2775,5225,73150,"[{""grover_power"":0,""max_transpiled_quantum_depth"":1,""operation_counts_including_non_gates"":{""barrier"":1,""measure"":1,""u"":7},""qubits"":7,""transpiled_quantum_gate_count"":7},{""grover_power"":1,""max_transpiled_quantum_depth"":218,""operation_counts_including_non_gates"":{""barrier"":1,""cx"":136,""measure"":1,""u"":217},""qubits"":7,""transpiled_quantum_gate_count"":353},{""grover_power"":2,""max_transpiled_quantum_depth"":432,""operation_counts_including_non_gates"":{""barrier"":1,""cx"":272,""measure"":1,""u"":427},""qubits"":7,""transpiled_quantum_gate_count"":699},{""grover_power"":4,""max_transpiled_quantum_depth"":860,""operation_counts_including_non_gates"":{""barrier"":1,""cx"":544,""measure"":1,""u"":847},""qubits"":7,""transpiled_quantum_gate_count"":1391},{""grover_power"":8,""max_transpiled_quantum_depth"":1716,""operation_counts_including_non_gates"":{""barrier"":1,""cx"":1088,""measure"":1,""u"":1687},""qubits"":7,""transpiled_quantum_gate_count"":2775}]","[""u"",""cx""]",0,none; all-to-all analysis without a backend target or coupling map
1.0,actual_runtime_and_circuit_metrics,classical_monte_carlo,Python table MC,64,64,1.0,contiguous_prefix_visible_then_blocked,7c8975e1e60a5c8337f28edf8c33c3b180360b7279644a9bc1af3c51e6220bf5,512,490,64,True,True,,,,4,False,3504641686,ok,,[],490,490,with_replacement,1.0,0.0,0.0,0.9922212711142809,1.0,0.95,wilson_score,0.125333,0.007083,0.1325,0.1325,125,20,measured-0020,1,qiskit_then_mc,20260802,3841747339,measured,,,,,,,,,,,,,,,,,
1.0,actual_runtime_and_circuit_metrics,classical_monte_carlo,Python table MC,32,64,0.5,contiguous_prefix_visible_then_blocked,037d6dfb3a369a41e01100fdd53c35ee3fb69ddec5830d61e1138d066a4c2285,512,490,64,True,True,,,,0,False,3862360388,ok,,[],490,249,with_replacement,0.5081632653061224,0.008163265306122436,0.008163265306122436,0.4640070462641063,0.5521924846928615,0.95,wilson_score,0.111708,0.00175,0.1135,0.1135,126,21,measured-0021,0,mc_then_qiskit,20260802,3841747339,measured,,,,,,,,,,,,,,,,,
1.0,actual_runtime_and_circuit_metrics,qiskit_statevector_mlae,Qiskit StatevectorSampler finite-shot CPU simulation of synthesized circuits; not a QPU,32,64,0.5,contiguous_prefix_visible_then_blocked,037d6dfb3a369a41e01100fdd53c35ee3fb69ddec5830d61e1138d066a4c2285,512,490,64,True,True,"[0,1,2,4,8]",14,70,0,False,488178649,ok,,[],,,,0.5051565158453707,0.0051565158453706905,0.0051565158453706905,0.49215602832156674,0.5177787334855793,0.95,qiskit_mlae_likelihood_ratio,5946.438375,100.424542,6049.60475,7077.3665,127,21,measured-0021,1,mc_then_qiskit,20260802,3841747339,measured,280,210,210,210,5,1,2.732625,0.005667,1027.758167,117044,177926,365830,5121620,"[{""grover_power"":0,""max_transpiled_quantum_depth"":6788,""operation_counts_including_non_gates"":{""barrier"":1,""cx"":4352,""measure"":1,""u"":5958},""qubits"":7,""transpiled_quantum_gate_count"":10310},{""grover_power"":1,""max_transpiled_quantum_depth"":20570,""operation_counts_including_non_gates"":{""barrier"":1,""cx"":13192,""measure"":1,""u"":18070},""qubits"":7,""transpiled_quantum_gate_count"":31262},{""grover_power"":2,""max_transpiled_quantum_depth"":34352,""operation_counts_including_non_gates"":{""barrier"":1,""cx"":22032,""measure"":1,""u"":30182},""qubits"":7,""transpiled_quantum_gate_count"":52214},{""grover_power"":4,""max_transpiled_quantum_depth"":61916,""operation_counts_including_non_gates"":{""barrier"":1,""cx"":39712,""measure"":1,""u"":54406},""qubits"":7,""transpiled_quantum_gate_count"":94118},{""grover_power"":8,""max_transpiled_quantum_depth"":117044,""operation_counts_including_non_gates"":{""barrier"":1,""cx"":75072,""measure"":1,""u"":102854},""qubits"":7,""transpiled_quantum_gate_count"":177926}]","[""u"",""cx""]",0,none; all-to-all analysis without a backend target or coupling map
1.0,actual_runtime_and_circuit_metrics,qiskit_statevector_mlae,Qiskit StatevectorSampler finite-shot CPU simulation of synthesized circuits; not a QPU,32,64,0.5,contiguous_prefix_visible_then_blocked,037d6dfb3a369a41e01100fdd53c35ee3fb69ddec5830d61e1138d066a4c2285,64,35,64,True,False,"[0,1,2,4,8]",1,5,4,False,1481408971,ok,,[],,,,1e-30,-0.5,0.5,1e-30,0.00390950341710986,0.95,qiskit_mlae_likelihood_ratio,6051.700125,101.081708,6158.470541,7187.150041,128,22,measured-0022,0,qiskit_then_mc,20260802,3841747339,measured,20,15,15,15,5,1,5.677792,0.006792,1028.673541,117044,177926,365830,365830,"[{""grover_power"":0,""max_transpiled_quantum_depth"":6788,""operation_counts_including_non_gates"":{""barrier"":1,""cx"":4352,""measure"":1,""u"":5958},""qubits"":7,""transpiled_quantum_gate_count"":10310},{""grover_power"":1,""max_transpiled_quantum_depth"":20570,""operation_counts_including_non_gates"":{""barrier"":1,""cx"":13192,""measure"":1,""u"":18070},""qubits"":7,""transpiled_quantum_gate_count"":31262},{""grover_power"":2,""max_transpiled_quantum_depth"":34352,""operation_counts_including_non_gates"":{""barrier"":1,""cx"":22032,""measure"":1,""u"":30182},""qubits"":7,""transpiled_quantum_gate_count"":52214},{""grover_power"":4,""max_transpiled_quantum_depth"":61916,""operation_counts_including_non_gates"":{""barrier"":1,""cx"":39712,""measure"":1,""u"":54406},""qubits"":7,""transpiled_quantum_gate_count"":94118},{""grover_power"":8,""max_transpiled_quantum_depth"":117044,""operation_counts_including_non_gates"":{""barrier"":1,""cx"":75072,""measure"":1,""u"":102854},""qubits"":7,""transpiled_quantum_gate_count"":177926}]","[""u"",""cx""]",0,none; all-to-all analysis without a backend target or coupling map
1.0,actual_runtime_and_circuit_metrics,classical_monte_carlo,Python table MC,32,64,0.5,contiguous_prefix_visible_then_blocked,037d6dfb3a369a41e01100fdd53c35ee3fb69ddec5830d61e1138d066a4c2285,64,35,64,True,False,,,,4,False,3168064834,ok,,[],35,15,with_replacement,0.42857142857142855,-0.07142857142857145,0.07142857142857145,0.2798456817718069,0.5914258885602508,0.95,wilson_score,0.024917,0.006708,0.031667,0.031667,129,22,measured-0022,1,qiskit_then_mc,20260802,3841747339,measured,,,,,,,,,,,,,,,,,
1.0,actual_runtime_and_circuit_metrics,classical_monte_carlo,Python table MC,8,64,0.125,contiguous_prefix_visible_then_blocked,407b84e032b28972b59fe5732c4e37776624a39308e563a5604359ca2b16ec23,256,245,64,True,True,,,,4,False,3569447946,ok,,[],245,35,with_replacement,0.14285714285714285,0.01785714285714285,0.01785714285714285,0.10454483889504237,0.19219614297607548,0.95,wilson_score,0.058875,0.001625,0.060542,0.060542,130,23,measured-0023,0,mc_then_qiskit,20260802,3841747339,measured,,,,,,,,,,,,,,,,,
1.0,actual_runtime_and_circuit_metrics,qiskit_statevector_mlae,Qiskit StatevectorSampler finite-shot CPU simulation of synthesized circuits; not a QPU,8,64,0.125,contiguous_prefix_visible_then_blocked,407b84e032b28972b59fe5732c4e37776624a39308e563a5604359ca2b16ec23,256,245,64,True,True,"[0,1,2,4,8]",7,35,4,False,3188848535,ok,,[],,,,0.12692986829076205,0.0019298682907620546,0.0019298682907620546,0.11071800780193276,0.14429857277280586,0.95,qiskit_mlae_likelihood_ratio,2005.671916,100.315042,2107.119542,2378.237417,131,23,measured-0023,1,mc_then_qiskit,20260802,3841747339,measured,140,105,105,105,5,1,1.123917,0.005209,271.114208,30548,46822,95910,671370,"[{""grover_power"":0,""max_transpiled_quantum_depth"":1700,""operation_counts_including_non_gates"":{""barrier"":1,""cx"":1088,""measure"":1,""u"":1510},""qubits"":7,""transpiled_quantum_gate_count"":2598},{""grover_power"":1,""max_transpiled_quantum_depth"":5306,""operation_counts_including_non_gates"":{""barrier"":1,""cx"":3400,""measure"":1,""u"":4726},""qubits"":7,""transpiled_quantum_gate_count"":8126},{""grover_power"":2,""max_transpiled_quantum_depth"":8912,""operation_counts_including_non_gates"":{""barrier"":1,""cx"":5712,""measure"":1,""u"":7942},""qubits"":7,""transpiled_quantum_gate_count"":13654},{""grover_power"":4,""max_transpiled_quantum_depth"":16124,""operation_counts_including_non_gates"":{""barrier"":1,""cx"":10336,""measure"":1,""u"":14374},""qubits"":7,""transpiled_quantum_gate_count"":24710},{""grover_power"":8,""max_transpiled_quantum_depth"":30548,""operation_counts_including_non_gates"":{""barrier"":1,""cx"":19584,""measure"":1,""u"":27238},""qubits"":7,""transpiled_quantum_gate_count"":46822}]","[""u"",""cx""]",0,none; all-to-all analysis without a backend target or coupling map
1.0,actual_runtime_and_circuit_metrics,qiskit_statevector_mlae,Qiskit StatevectorSampler finite-shot CPU simulation of synthesized circuits; not a QPU,56,64,0.875,contiguous_prefix_visible_then_blocked,3c2388fcb014d41bb64b30937ecf31fd7ffb7b9790d03bc63ad567d3c56e6f33,128,105,64,True,True,"[0,1,2,4,8]",3,15,2,False,1591888334,ok,,[],,,,0.8765862523562283,0.0015862523562283348,0.0015862523562283348,0.8502119548256212,0.8996115964231117,0.95,qiskit_mlae_likelihood_ratio,9749.561584,100.381291,9855.542,11851.2975,132,24,measured-0024,0,qiskit_then_mc,20260802,3841747339,measured,60,45,45,45,5,1,5.586041,0.006291,1995.750833,202724,308758,635190,1905570,"[{""grover_power"":0,""max_transpiled_quantum_depth"":11828,""operation_counts_including_non_gates"":{""barrier"":1,""cx"":7616,""measure"":1,""u"":10390},""qubits"":7,""transpiled_quantum_gate_count"":18006},{""grover_power"":1,""max_transpiled_quantum_depth"":35690,""operation_counts_including_non_gates"":{""barrier"":1,""cx"":22984,""measure"":1,""u"":31366},""qubits"":7,""transpiled_quantum_gate_count"":54350},{""grover_power"":2,""max_transpiled_quantum_depth"":59552,""operation_counts_including_non_gates"":{""barrier"":1,""cx"":38352,""measure"":1,""u"":52342},""qubits"":7,""transpiled_quantum_gate_count"":90694},{""grover_power"":4,""max_transpiled_quantum_depth"":107276,""operation_counts_including_non_gates"":{""barrier"":1,""cx"":69088,""measure"":1,""u"":94294},""qubits"":7,""transpiled_quantum_gate_count"":163382},{""grover_power"":8,""max_transpiled_quantum_depth"":202724,""operation_counts_including_non_gates"":{""barrier"":1,""cx"":130560,""measure"":1,""u"":178198},""qubits"":7,""transpiled_quantum_gate_count"":308758}]","[""u"",""cx""]",0,none; all-to-all analysis without a backend target or coupling map
1.0,actual_runtime_and_circuit_metrics,classical_monte_carlo,Python table MC,56,64,0.875,contiguous_prefix_visible_then_blocked,3c2388fcb014d41bb64b30937ecf31fd7ffb7b9790d03bc63ad567d3c56e6f33,128,105,64,True,True,,,,2,False,2608251781,ok,,[],105,99,with_replacement,0.9428571428571428,0.06785714285714284,0.06785714285714284,0.8809034520143957,0.9735503655626783,0.95,wilson_score,0.038791,0.006833,0.045708,0.045708,133,24,measured-0024,1,qiskit_then_mc,20260802,3841747339,measured,,,,,,,,,,,,,,,,,
1.0,actual_runtime_and_circuit_metrics,classical_monte_carlo,Python table MC,0,64,0.0,contiguous_prefix_visible_then_blocked,f5a5fd42d16a20302798ef6ed309979b43003d2320d9f0e8ea9831a92759fb4b,64,35,64,True,False,,,,0,False,2300475657,ok,,[],35,0,with_replacement,0.0,0.0,0.0,0.0,0.09890099232440398,0.95,wilson_score,0.014583,0.00125,0.015875,0.015875,134,25,measured-0025,0,mc_then_qiskit,20260802,3841747339,measured,,,,,,,,,,,,,,,,,
1.0,actual_runtime_and_circuit_metrics,qiskit_statevector_mlae,Qiskit StatevectorSampler finite-shot CPU simulation of synthesized circuits; not a QPU,0,64,0.0,contiguous_prefix_visible_then_blocked,f5a5fd42d16a20302798ef6ed309979b43003d2320d9f0e8ea9831a92759fb4b,64,35,64,True,False,"[0,1,2,4,8]",1,5,0,False,685376498,ok,,[],,,,1e-30,1e-30,1e-30,1e-30,0.00390950341710986,0.95,qiskit_mlae_likelihood_ratio,696.791375,99.888042,797.068959,815.602792,135,25,measured-0025,1,mc_then_qiskit,20260802,3841747339,measured,20,15,15,15,5,1,0.380208,0.005292,18.529458,1716,2758,5190,5190,"[{""grover_power"":0,""max_transpiled_quantum_depth"":1,""operation_counts_including_non_gates"":{""barrier"":1,""measure"":1,""u"":6},""qubits"":7,""transpiled_quantum_gate_count"":6},{""grover_power"":1,""max_transpiled_quantum_depth"":218,""operation_counts_including_non_gates"":{""barrier"":1,""cx"":136,""measure"":1,""u"":214},""qubits"":7,""transpiled_quantum_gate_count"":350},{""grover_power"":2,""max_transpiled_quantum_depth"":432,""operation_counts_including_non_gates"":{""barrier"":1,""cx"":272,""measure"":1,""u"":422},""qubits"":7,""transpiled_quantum_gate_count"":694},{""grover_power"":4,""max_transpiled_quantum_depth"":860,""operation_counts_including_non_gates"":{""barrier"":1,""cx"":544,""measure"":1,""u"":838},""qubits"":7,""transpiled_quantum_gate_count"":1382},{""grover_power"":8,""max_transpiled_quantum_depth"":1716,""operation_counts_including_non_gates"":{""barrier"":1,""cx"":1088,""measure"":1,""u"":1670},""qubits"":7,""transpiled_quantum_gate_count"":2758}]","[""u"",""cx""]",0,none; all-to-all analysis without a backend target or coupling map
1.0,actual_runtime_and_circuit_metrics,qiskit_statevector_mlae,Qiskit StatevectorSampler finite-shot CPU simulation of synthesized circuits; not a QPU,63,64,0.984375,contiguous_prefix_visible_then_blocked,4a22bb45b68e2388bce472d38b49adb1bb6b08e220e9edede71b70cc62ad2db2,64,35,64,True,False,"[0,1,2,4,8]",1,5,1,False,268202146,ok,,[],,,,0.9389626612950345,-0.04541233870496553,0.04541233870496553,0.2863663708206186,0.9951941609094183,0.95,qiskit_mlae_likelihood_ratio,10909.866875,99.559084,11013.742375,13045.365416,136,26,measured-0026,0,qiskit_then_mc,20260802,3841747339,measured,20,15,15,15,5,1,4.305959,0.006083,2031.619291,227715,346651,713205,713205,"[{""grover_power"":0,""max_transpiled_quantum_depth"":13299,""operation_counts_including_non_gates"":{""barrier"":1,""cx"":8568,""measure"":1,""u"":11667},""qubits"":7,""transpiled_quantum_gate_count"":20235},{""grover_power"":1,""max_transpiled_quantum_depth"":40101,""operation_counts_including_non_gates"":{""barrier"":1,""cx"":25840,""measure"":1,""u"":35197},""qubits"":7,""transpiled_quantum_gate_count"":61037},{""grover_power"":2,""max_transpiled_quantum_depth"":66903,""operation_counts_including_non_gates"":{""barrier"":1,""cx"":43112,""measure"":1,""u"":58727},""qubits"":7,""transpiled_quantum_gate_count"":101839},{""grover_power"":4,""max_transpiled_quantum_depth"":120507,""operation_counts_including_non_gates"":{""barrier"":1,""cx"":77656,""measure"":1,""u"":105787},""qubits"":7,""transpiled_quantum_gate_count"":183443},{""grover_power"":8,""max_transpiled_quantum_depth"":227715,""operation_counts_including_non_gates"":{""barrier"":1,""cx"":146744,""measure"":1,""u"":199907},""qubits"":7,""transpiled_quantum_gate_count"":346651}]","[""u"",""cx""]",0,none; all-to-all analysis without a backend target or coupling map
1.0,actual_runtime_and_circuit_metrics,classical_monte_carlo,Python table MC,63,64,0.984375,contiguous_prefix_visible_then_blocked,4a22bb45b68e2388bce472d38b49adb1bb6b08e220e9edede71b70cc62ad2db2,64,35,64,True,False,,,,1,False,2636569812,ok,,[],35,35,with_replacement,1.0,0.015625,0.015625,0.9010990076755961,1.0,0.95,wilson_score,0.024291,0.00675,0.031083,0.031083,137,26,measured-0026,1,qiskit_then_mc,20260802,3841747339,measured,,,,,,,,,,,,,,,,,
1.0,actual_runtime_and_circuit_metrics,classical_monte_carlo,Python table MC,32,64,0.5,contiguous_prefix_visible_then_blocked,037d6dfb3a369a41e01100fdd53c35ee3fb69ddec5830d61e1138d066a4c2285,128,105,64,True,True,,,,3,False,4189826996,ok,,[],105,46,with_replacement,0.4380952380952381,-0.06190476190476191,0.06190476190476191,0.3470436416061139,0.5335165774422521,0.95,wilson_score,0.029708,0.002,0.031792,0.031792,138,27,measured-0027,0,mc_then_qiskit,20260802,3841747339,measured,,,,,,,,,,,,,,,,,
1.0,actual_runtime_and_circuit_metrics,qiskit_statevector_mlae,Qiskit StatevectorSampler finite-shot CPU simulation of synthesized circuits; not a QPU,32,64,0.5,contiguous_prefix_visible_then_blocked,037d6dfb3a369a41e01100fdd53c35ee3fb69ddec5830d61e1138d066a4c2285,128,105,64,True,True,"[0,1,2,4,8]",3,15,3,False,2726378898,ok,,[],,,,0.48790659149346066,-0.012093408506539338,0.012093408506539338,0.463872753944933,0.5157172494974035,0.95,qiskit_mlae_likelihood_ratio,6094.405792,100.332667,6197.316917,7227.184083,139,27,measured-0027,1,mc_then_qiskit,20260802,3841747339,measured,60,45,45,45,5,1,2.569666,0.005208,1029.863458,117044,177926,365830,1097490,"[{""grover_power"":0,""max_transpiled_quantum_depth"":6788,""operation_counts_including_non_gates"":{""barrier"":1,""cx"":4352,""measure"":1,""u"":5958},""qubits"":7,""transpiled_quantum_gate_count"":10310},{""grover_power"":1,""max_transpiled_quantum_depth"":20570,""operation_counts_including_non_gates"":{""barrier"":1,""cx"":13192,""measure"":1,""u"":18070},""qubits"":7,""transpiled_quantum_gate_count"":31262},{""grover_power"":2,""max_transpiled_quantum_depth"":34352,""operation_counts_including_non_gates"":{""barrier"":1,""cx"":22032,""measure"":1,""u"":30182},""qubits"":7,""transpiled_quantum_gate_count"":52214},{""grover_power"":4,""max_transpiled_quantum_depth"":61916,""operation_counts_including_non_gates"":{""barrier"":1,""cx"":39712,""measure"":1,""u"":54406},""qubits"":7,""transpiled_quantum_gate_count"":94118},{""grover_power"":8,""max_transpiled_quantum_depth"":117044,""operation_counts_including_non_gates"":{""barrier"":1,""cx"":75072,""measure"":1,""u"":102854},""qubits"":7,""transpiled_quantum_gate_count"":177926}]","[""u"",""cx""]",0,none; all-to-all analysis without a backend target or coupling map
1.0,actual_runtime_and_circuit_metrics,qiskit_statevector_mlae,Qiskit StatevectorSampler finite-shot CPU simulation of synthesized circuits; not a QPU,1,64,0.015625,contiguous_prefix_visible_then_blocked,16abab341fb7f370e27e4dadcf81766dd0dfd0ae64469477bb2cf6614938b2af,256,245,64,True,True,"[0,1,2,4,8]",7,35,0,False,2743763782,ok,,[],,,,0.0027606551164304593,-0.01286434488356954,0.01286434488356954,0.001264333457405141,0.004745511792199473,0.95,qiskit_mlae_likelihood_ratio,862.763833,100.569125,963.956708,1016.734041,140,28,measured-0028,0,qiskit_then_mc,20260802,3841747339,measured,140,105,105,105,5,1,0.614333,0.005542,52.7735,5320,8317,16635,116445,"[{""grover_power"":0,""max_transpiled_quantum_depth"":216,""operation_counts_including_non_gates"":{""barrier"":1,""cx"":136,""measure"":1,""u"":197},""qubits"":7,""transpiled_quantum_gate_count"":333},{""grover_power"":1,""max_transpiled_quantum_depth"":854,""operation_counts_including_non_gates"":{""barrier"":1,""cx"":544,""measure"":1,""u"":787},""qubits"":7,""transpiled_quantum_gate_count"":1331},{""grover_power"":2,""max_transpiled_quantum_depth"":1492,""operation_counts_including_non_gates"":{""barrier"":1,""cx"":952,""measure"":1,""u"":1377},""qubits"":7,""transpiled_quantum_gate_count"":2329},{""grover_power"":4,""max_transpiled_quantum_depth"":2768,""operation_counts_including_non_gates"":{""barrier"":1,""cx"":1768,""measure"":1,""u"":2557},""qubits"":7,""transpiled_quantum_gate_count"":4325},{""grover_power"":8,""max_transpiled_quantum_depth"":5320,""operation_counts_including_non_gates"":{""barrier"":1,""cx"":3400,""measure"":1,""u"":4917},""qubits"":7,""transpiled_quantum_gate_count"":8317}]","[""u"",""cx""]",0,none; all-to-all analysis without a backend target or coupling map
1.0,actual_runtime_and_circuit_metrics,classical_monte_carlo,Python table MC,1,64,0.015625,contiguous_prefix_visible_then_blocked,16abab341fb7f370e27e4dadcf81766dd0dfd0ae64469477bb2cf6614938b2af,256,245,64,True,True,,,,0,False,2519996603,ok,,[],245,2,with_replacement,0.00816326530612245,-0.00746173469387755,0.00746173469387755,0.0022415238397857067,0.029270342622725216,0.95,wilson_score,0.071834,0.006625,0.078542,0.078542,141,28,measured-0028,1,qiskit_then_mc,20260802,3841747339,measured,,,,,,,,,,,,,,,,,
1.0,actual_runtime_and_circuit_metrics,classical_monte_carlo,Python table MC,63,64,0.984375,contiguous_prefix_visible_then_blocked,4a22bb45b68e2388bce472d38b49adb1bb6b08e220e9edede71b70cc62ad2db2,64,35,64,True,False,,,,3,False,1252760874,ok,,[],35,35,with_replacement,1.0,0.015625,0.015625,0.9010990076755961,1.0,0.95,wilson_score,0.016,0.001583,0.017625,0.017625,142,29,measured-0029,0,mc_then_qiskit,20260802,3841747339,measured,,,,,,,,,,,,,,,,,
1.0,actual_runtime_and_circuit_metrics,qiskit_statevector_mlae,Qiskit StatevectorSampler finite-shot CPU simulation of synthesized circuits; not a QPU,63,64,0.984375,contiguous_prefix_visible_then_blocked,4a22bb45b68e2388bce472d38b49adb1bb6b08e220e9edede71b70cc62ad2db2,64,35,64,True,False,"[0,1,2,4,8]",1,5,3,False,4204745626,ok,,[],,,,0.9895290465121926,0.005154046512192645,0.005154046512192645,0.11166117147246961,0.998108681344,0.95,qiskit_mlae_likelihood_ratio,10878.86575,99.752166,10982.949333,13031.406542,143,29,measured-0029,1,mc_then_qiskit,20260802,3841747339,measured,20,15,15,15,5,1,4.322791,0.005083,2048.453292,227715,346651,713205,713205,"[{""grover_power"":0,""max_transpiled_quantum_depth"":13299,""operation_counts_including_non_gates"":{""barrier"":1,""cx"":8568,""measure"":1,""u"":11667},""qubits"":7,""transpiled_quantum_gate_count"":20235},{""grover_power"":1,""max_transpiled_quantum_depth"":40101,""operation_counts_including_non_gates"":{""barrier"":1,""cx"":25840,""measure"":1,""u"":35197},""qubits"":7,""transpiled_quantum_gate_count"":61037},{""grover_power"":2,""max_transpiled_quantum_depth"":66903,""operation_counts_including_non_gates"":{""barrier"":1,""cx"":43112,""measure"":1,""u"":58727},""qubits"":7,""transpiled_quantum_gate_count"":101839},{""grover_power"":4,""max_transpiled_quantum_depth"":120507,""operation_counts_including_non_gates"":{""barrier"":1,""cx"":77656,""measure"":1,""u"":105787},""qubits"":7,""transpiled_quantum_gate_count"":183443},{""grover_power"":8,""max_transpiled_quantum_depth"":227715,""operation_counts_including_non_gates"":{""barrier"":1,""cx"":146744,""measure"":1,""u"":199907},""qubits"":7,""transpiled_quantum_gate_count"":346651}]","[""u"",""cx""]",0,none; all-to-all analysis without a backend target or coupling map
1.0,actual_runtime_and_circuit_metrics,qiskit_statevector_mlae,Qiskit StatevectorSampler finite-shot CPU simulation of synthesized circuits; not a QPU,0,64,0.0,contiguous_prefix_visible_then_blocked,f5a5fd42d16a20302798ef6ed309979b43003d2320d9f0e8ea9831a92759fb4b,1024,1015,64,True,True,"[0,1,2,4,8]",29,145,4,False,3976237539,ok,,[],,,,1e-30,1e-30,1e-30,1e-30,0.0001609863237472779,0.95,qiskit_mlae_likelihood_ratio,690.442792,101.793291,792.701708,812.554333,144,30,measured-0030,0,qiskit_then_mc,20260802,3841747339,measured,580,435,435,435,5,1,0.455792,0.005792,19.848958,1716,2758,5190,150510,"[{""grover_power"":0,""max_transpiled_quantum_depth"":1,""operation_counts_including_non_gates"":{""barrier"":1,""measure"":1,""u"":6},""qubits"":7,""transpiled_quantum_gate_count"":6},{""grover_power"":1,""max_transpiled_quantum_depth"":218,""operation_counts_including_non_gates"":{""barrier"":1,""cx"":136,""measure"":1,""u"":214},""qubits"":7,""transpiled_quantum_gate_count"":350},{""grover_power"":2,""max_transpiled_quantum_depth"":432,""operation_counts_including_non_gates"":{""barrier"":1,""cx"":272,""measure"":1,""u"":422},""qubits"":7,""transpiled_quantum_gate_count"":694},{""grover_power"":4,""max_transpiled_quantum_depth"":860,""operation_counts_including_non_gates"":{""barrier"":1,""cx"":544,""measure"":1,""u"":838},""qubits"":7,""transpiled_quantum_gate_count"":1382},{""grover_power"":8,""max_transpiled_quantum_depth"":1716,""operation_counts_including_non_gates"":{""barrier"":1,""cx"":1088,""measure"":1,""u"":1670},""qubits"":7,""transpiled_quantum_gate_count"":2758}]","[""u"",""cx""]",0,none; all-to-all analysis without a backend target or coupling map
1.0,actual_runtime_and_circuit_metrics,classical_monte_carlo,Python table MC,0,64,0.0,contiguous_prefix_visible_then_blocked,f5a5fd42d16a20302798ef6ed309979b43003d2320d9f0e8ea9831a92759fb4b,1024,1015,64,True,True,,,,4,False,3755425930,ok,,[],1015,0,with_replacement,0.0,0.0,0.0,0.0,0.0037704186332784295,0.95,wilson_score,0.231167,0.006375,0.237625,0.237625,145,30,measured-0030,1,qiskit_then_mc,20260802,3841747339,measured,,,,,,,,,,,,,,,,,
1.0,actual_runtime_and_circuit_metrics,classical_monte_carlo,Python table MC,32,64,0.5,contiguous_prefix_visible_then_blocked,037d6dfb3a369a41e01100fdd53c35ee3fb69ddec5830d61e1138d066a4c2285,256,245,64,True,True,,,,3,False,2778603331,ok,,[],245,117,with_replacement,0.4775510204081633,-0.022448979591836726,0.022448979591836726,0.4158356370240251,0.5399595104078737,0.95,wilson_score,0.0575,0.00175,0.059292,0.059292,146,31,measured-0031,0,mc_then_qiskit,20260802,3841747339,measured,,,,,,,,,,,,,,,,,
1.0,actual_runtime_and_circuit_metrics,qiskit_statevector_mlae,Qiskit StatevectorSampler finite-shot CPU simulation of synthesized circuits; not a QPU,32,64,0.5,contiguous_prefix_visible_then_blocked,037d6dfb3a369a41e01100fdd53c35ee3fb69ddec5830d61e1138d066a4c2285,256,245,64,True,True,"[0,1,2,4,8]",7,35,3,False,2169273985,ok,,[],,,,0.5051565158453707,0.0051565158453706905,0.0051565158453706905,0.4869693226267672,0.5226500658931931,0.95,qiskit_mlae_likelihood_ratio,6084.672875,100.734417,6188.066292,7215.722208,147,31,measured-0031,1,mc_then_qiskit,20260802,3841747339,measured,140,105,105,105,5,1,2.648541,0.006292,1027.651708,117044,177926,365830,2560810,"[{""grover_power"":0,""max_transpiled_quantum_depth"":6788,""operation_counts_including_non_gates"":{""barrier"":1,""cx"":4352,""measure"":1,""u"":5958},""qubits"":7,""transpiled_quantum_gate_count"":10310},{""grover_power"":1,""max_transpiled_quantum_depth"":20570,""operation_counts_including_non_gates"":{""barrier"":1,""cx"":13192,""measure"":1,""u"":18070},""qubits"":7,""transpiled_quantum_gate_count"":31262},{""grover_power"":2,""max_transpiled_quantum_depth"":34352,""operation_counts_including_non_gates"":{""barrier"":1,""cx"":22032,""measure"":1,""u"":30182},""qubits"":7,""transpiled_quantum_gate_count"":52214},{""grover_power"":4,""max_transpiled_quantum_depth"":61916,""operation_counts_including_non_gates"":{""barrier"":1,""cx"":39712,""measure"":1,""u"":54406},""qubits"":7,""transpiled_quantum_gate_count"":94118},{""grover_power"":8,""max_transpiled_quantum_depth"":117044,""operation_counts_including_non_gates"":{""barrier"":1,""cx"":75072,""measure"":1,""u"":102854},""qubits"":7,""transpiled_quantum_gate_count"":177926}]","[""u"",""cx""]",0,none; all-to-all analysis without a backend target or coupling map
1.0,actual_runtime_and_circuit_metrics,qiskit_statevector_mlae,Qiskit StatevectorSampler finite-shot CPU simulation of synthesized circuits; not a QPU,63,64,0.984375,contiguous_prefix_visible_then_blocked,4a22bb45b68e2388bce472d38b49adb1bb6b08e220e9edede71b70cc62ad2db2,64,35,64,True,False,"[0,1,2,4,8]",1,5,0,False,3906660852,ok,,[],,,,0.7994420595265855,-0.18493294047341446,0.18493294047341446,0.40891142981709994,0.9557706746848198,0.95,qiskit_mlae_likelihood_ratio,10917.95475,100.149834,11022.389917,13247.302917,148,32,measured-0032,0,qiskit_then_mc,20260802,3841747339,measured,20,15,15,15,5,1,4.276375,0.005542,2224.908959,227715,346651,713205,713205,"[{""grover_power"":0,""max_transpiled_quantum_depth"":13299,""operation_counts_including_non_gates"":{""barrier"":1,""cx"":8568,""measure"":1,""u"":11667},""qubits"":7,""transpiled_quantum_gate_count"":20235},{""grover_power"":1,""max_transpiled_quantum_depth"":40101,""operation_counts_including_non_gates"":{""barrier"":1,""cx"":25840,""measure"":1,""u"":35197},""qubits"":7,""transpiled_quantum_gate_count"":61037},{""grover_power"":2,""max_transpiled_quantum_depth"":66903,""operation_counts_including_non_gates"":{""barrier"":1,""cx"":43112,""measure"":1,""u"":58727},""qubits"":7,""transpiled_quantum_gate_count"":101839},{""grover_power"":4,""max_transpiled_quantum_depth"":120507,""operation_counts_including_non_gates"":{""barrier"":1,""cx"":77656,""measure"":1,""u"":105787},""qubits"":7,""transpiled_quantum_gate_count"":183443},{""grover_power"":8,""max_transpiled_quantum_depth"":227715,""operation_counts_including_non_gates"":{""barrier"":1,""cx"":146744,""measure"":1,""u"":199907},""qubits"":7,""transpiled_quantum_gate_count"":346651}]","[""u"",""cx""]",0,none; all-to-all analysis without a backend target or coupling map
1.0,actual_runtime_and_circuit_metrics,classical_monte_carlo,Python table MC,63,64,0.984375,contiguous_prefix_visible_then_blocked,4a22bb45b68e2388bce472d38b49adb1bb6b08e220e9edede71b70cc62ad2db2,64,35,64,True,False,,,,0,False,1991107243,ok,,[],35,35,with_replacement,1.0,0.015625,0.015625,0.9010990076755961,1.0,0.95,wilson_score,0.024459,0.008667,0.033209,0.033209,149,32,measured-0032,1,qiskit_then_mc,20260802,3841747339,measured,,,,,,,,,,,,,,,,,
1.0,actual_runtime_and_circuit_metrics,classical_monte_carlo,Python table MC,56,64,0.875,contiguous_prefix_visible_then_blocked,3c2388fcb014d41bb64b30937ecf31fd7ffb7b9790d03bc63ad567d3c56e6f33,64,35,64,True,False,,,,4,False,271962425,ok,,[],35,31,with_replacement,0.8857142857142857,0.010714285714285676,0.010714285714285676,0.7404853135378618,0.9546482066690264,0.95,wilson_score,0.014875,0.001583,0.016541,0.016541,150,33,measured-0033,0,mc_then_qiskit,20260802,3841747339,measured,,,,,,,,,,,,,,,,,
1.0,actual_runtime_and_circuit_metrics,qiskit_statevector_mlae,Qiskit StatevectorSampler finite-shot CPU simulation of synthesized circuits; not a QPU,56,64,0.875,contiguous_prefix_visible_then_blocked,3c2388fcb014d41bb64b30937ecf31fd7ffb7b9790d03bc63ad567d3c56e6f33,64,35,64,True,False,"[0,1,2,4,8]",1,5,4,False,2576051537,ok,,[],,,,0.872737027745978,-0.0022629722540220554,0.0022629722540220554,0.8277094090118451,0.910419727367599,0.95,qiskit_mlae_likelihood_ratio,9797.507709,101.867459,9903.412584,11715.866834,151,33,measured-0033,1,mc_then_qiskit,20260802,3841747339,measured,20,15,15,15,5,1,4.023792,0.009583,1812.45075,202724,308758,635190,635190,"[{""grover_power"":0,""max_transpiled_quantum_depth"":11828,""operation_counts_including_non_gates"":{""barrier"":1,""cx"":7616,""measure"":1,""u"":10390},""qubits"":7,""transpiled_quantum_gate_count"":18006},{""grover_power"":1,""max_transpiled_quantum_depth"":35690,""operation_counts_including_non_gates"":{""barrier"":1,""cx"":22984,""measure"":1,""u"":31366},""qubits"":7,""transpiled_quantum_gate_count"":54350},{""grover_power"":2,""max_transpiled_quantum_depth"":59552,""operation_counts_including_non_gates"":{""barrier"":1,""cx"":38352,""measure"":1,""u"":52342},""qubits"":7,""transpiled_quantum_gate_count"":90694},{""grover_power"":4,""max_transpiled_quantum_depth"":107276,""operation_counts_including_non_gates"":{""barrier"":1,""cx"":69088,""measure"":1,""u"":94294},""qubits"":7,""transpiled_quantum_gate_count"":163382},{""grover_power"":8,""max_transpiled_quantum_depth"":202724,""operation_counts_including_non_gates"":{""barrier"":1,""cx"":130560,""measure"":1,""u"":178198},""qubits"":7,""transpiled_quantum_gate_count"":308758}]","[""u"",""cx""]",0,none; all-to-all analysis without a backend target or coupling map
1.0,actual_runtime_and_circuit_metrics,qiskit_statevector_mlae,Qiskit StatevectorSampler finite-shot CPU simulation of synthesized circuits; not a QPU,0,64,0.0,contiguous_prefix_visible_then_blocked,f5a5fd42d16a20302798ef6ed309979b43003d2320d9f0e8ea9831a92759fb4b,1024,1015,64,True,True,"[0,1,2,4,8]",29,145,2,False,228739111,ok,,[],,,,1e-30,1e-30,1e-30,1e-30,0.0001609863237472779,0.95,qiskit_mlae_likelihood_ratio,689.83975,104.798292,795.076125,813.470166,152,34,measured-0034,0,qiskit_then_mc,20260802,3841747339,measured,580,435,435,435,5,1,0.428542,0.005333,18.390125,1716,2758,5190,150510,"[{""grover_power"":0,""max_transpiled_quantum_depth"":1,""operation_counts_including_non_gates"":{""barrier"":1,""measure"":1,""u"":6},""qubits"":7,""transpiled_quantum_gate_count"":6},{""grover_power"":1,""max_transpiled_quantum_depth"":218,""operation_counts_including_non_gates"":{""barrier"":1,""cx"":136,""measure"":1,""u"":214},""qubits"":7,""transpiled_quantum_gate_count"":350},{""grover_power"":2,""max_transpiled_quantum_depth"":432,""operation_counts_including_non_gates"":{""barrier"":1,""cx"":272,""measure"":1,""u"":422},""qubits"":7,""transpiled_quantum_gate_count"":694},{""grover_power"":4,""max_transpiled_quantum_depth"":860,""operation_counts_including_non_gates"":{""barrier"":1,""cx"":544,""measure"":1,""u"":838},""qubits"":7,""transpiled_quantum_gate_count"":1382},{""grover_power"":8,""max_transpiled_quantum_depth"":1716,""operation_counts_including_non_gates"":{""barrier"":1,""cx"":1088,""measure"":1,""u"":1670},""qubits"":7,""transpiled_quantum_gate_count"":2758}]","[""u"",""cx""]",0,none; all-to-all analysis without a backend target or coupling map
1.0,actual_runtime_and_circuit_metrics,classical_monte_carlo,Python table MC,0,64,0.0,contiguous_prefix_visible_then_blocked,f5a5fd42d16a20302798ef6ed309979b43003d2320d9f0e8ea9831a92759fb4b,1024,1015,64,True,True,,,,2,False,1972221796,ok,,[],1015,0,with_replacement,0.0,0.0,0.0,0.0,0.0037704186332784295,0.95,wilson_score,0.239583,0.008458,0.248083,0.248083,153,34,measured-0034,1,qiskit_then_mc,20260802,3841747339,measured,,,,,,,,,,,,,,,,,
1.0,actual_runtime_and_circuit_metrics,classical_monte_carlo,Python table MC,63,64,0.984375,contiguous_prefix_visible_then_blocked,4a22bb45b68e2388bce472d38b49adb1bb6b08e220e9edede71b70cc62ad2db2,256,245,64,True,True,,,,4,False,1142830676,ok,,[],245,241,with_replacement,0.9836734693877551,-0.0007015306122448717,0.0007015306122448717,0.9587805564442594,0.9936330852502838,0.95,wilson_score,0.060333,0.001708,0.062083,0.062083,154,35,measured-0035,0,mc_then_qiskit,20260802,3841747339,measured,,,,,,,,,,,,,,,,,
1.0,actual_runtime_and_circuit_metrics,qiskit_statevector_mlae,Qiskit StatevectorSampler finite-shot CPU simulation of synthesized circuits; not a QPU,63,64,0.984375,contiguous_prefix_visible_then_blocked,4a22bb45b68e2388bce472d38b49adb1bb6b08e220e9edede71b70cc62ad2db2,256,245,64,True,True,"[0,1,2,4,8]",7,35,4,False,3769151665,ok,,[],,,,0.9856075164940371,0.0012325164940371058,0.0012325164940371058,0.9810398957336516,0.9891049672694949,0.95,qiskit_mlae_likelihood_ratio,11157.163666,98.637167,11259.934833,13287.21525,155,35,measured-0035,1,mc_then_qiskit,20260802,3841747339,measured,140,105,105,105,5,1,4.123084,0.004667,2027.276334,227715,346651,713205,4992435,"[{""grover_power"":0,""max_transpiled_quantum_depth"":13299,""operation_counts_including_non_gates"":{""barrier"":1,""cx"":8568,""measure"":1,""u"":11667},""qubits"":7,""transpiled_quantum_gate_count"":20235},{""grover_power"":1,""max_transpiled_quantum_depth"":40101,""operation_counts_including_non_gates"":{""barrier"":1,""cx"":25840,""measure"":1,""u"":35197},""qubits"":7,""transpiled_quantum_gate_count"":61037},{""grover_power"":2,""max_transpiled_quantum_depth"":66903,""operation_counts_including_non_gates"":{""barrier"":1,""cx"":43112,""measure"":1,""u"":58727},""qubits"":7,""transpiled_quantum_gate_count"":101839},{""grover_power"":4,""max_transpiled_quantum_depth"":120507,""operation_counts_including_non_gates"":{""barrier"":1,""cx"":77656,""measure"":1,""u"":105787},""qubits"":7,""transpiled_quantum_gate_count"":183443},{""grover_power"":8,""max_transpiled_quantum_depth"":227715,""operation_counts_including_non_gates"":{""barrier"":1,""cx"":146744,""measure"":1,""u"":199907},""qubits"":7,""transpiled_quantum_gate_count"":346651}]","[""u"",""cx""]",0,none; all-to-all analysis without a backend target or coupling map
1.0,actual_runtime_and_circuit_metrics,qiskit_statevector_mlae,Qiskit StatevectorSampler finite-shot CPU simulation of synthesized circuits; not a QPU,64,64,1.0,contiguous_prefix_visible_then_blocked,7c8975e1e60a5c8337f28edf8c33c3b180360b7279644a9bc1af3c51e6220bf5,512,490,64,True,True,"[0,1,2,4,8]",14,70,2,False,818614583,ok,,"[""RuntimeWarning: divide by zero encountered in scalar divide""]",,,,1.0,0.0,0.0,0.9996669283306872,1.0,0.95,qiskit_mlae_likelihood_ratio,699.221125,98.795917,798.552167,818.302834,156,36,measured-0036,0,qiskit_then_mc,20260802,3841747339,measured,280,210,210,210,5,1,0.526125,0.004958,19.747209,1716,2775,5225,73150,"[{""grover_power"":0,""max_transpiled_quantum_depth"":1,""operation_counts_including_non_gates"":{""barrier"":1,""measure"":1,""u"":7},""qubits"":7,""transpiled_quantum_gate_count"":7},{""grover_power"":1,""max_transpiled_quantum_depth"":218,""operation_counts_including_non_gates"":{""barrier"":1,""cx"":136,""measure"":1,""u"":217},""qubits"":7,""transpiled_quantum_gate_count"":353},{""grover_power"":2,""max_transpiled_quantum_depth"":432,""operation_counts_including_non_gates"":{""barrier"":1,""cx"":272,""measure"":1,""u"":427},""qubits"":7,""transpiled_quantum_gate_count"":699},{""grover_power"":4,""max_transpiled_quantum_depth"":860,""operation_counts_including_non_gates"":{""barrier"":1,""cx"":544,""measure"":1,""u"":847},""qubits"":7,""transpiled_quantum_gate_count"":1391},{""grover_power"":8,""max_transpiled_quantum_depth"":1716,""operation_counts_including_non_gates"":{""barrier"":1,""cx"":1088,""measure"":1,""u"":1687},""qubits"":7,""transpiled_quantum_gate_count"":2775}]","[""u"",""cx""]",0,none; all-to-all analysis without a backend target or coupling map
1.0,actual_runtime_and_circuit_metrics,classical_monte_carlo,Python table MC,64,64,1.0,contiguous_prefix_visible_then_blocked,7c8975e1e60a5c8337f28edf8c33c3b180360b7279644a9bc1af3c51e6220bf5,512,490,64,True,True,,,,2,False,423171545,ok,,[],490,490,with_replacement,1.0,0.0,0.0,0.9922212711142809,1.0,0.95,wilson_score,0.11425,0.00775,0.122,0.122,157,36,measured-0036,1,qiskit_then_mc,20260802,3841747339,measured,,,,,,,,,,,,,,,,,
1.0,actual_runtime_and_circuit_metrics,classical_monte_carlo,Python table MC,64,64,1.0,contiguous_prefix_visible_then_blocked,7c8975e1e60a5c8337f28edf8c33c3b180360b7279644a9bc1af3c51e6220bf5,128,105,64,True,True,,,,4,False,1914533045,ok,,[],105,105,with_replacement,1.0,0.0,0.0,0.9647059230708901,1.0,0.95,wilson_score,0.030458,0.001666,0.032166,0.032166,158,37,measured-0037,0,mc_then_qiskit,20260802,3841747339,measured,,,,,,,,,,,,,,,,,
1.0,actual_runtime_and_circuit_metrics,qiskit_statevector_mlae,Qiskit StatevectorSampler finite-shot CPU simulation of synthesized circuits; not a QPU,64,64,1.0,contiguous_prefix_visible_then_blocked,7c8975e1e60a5c8337f28edf8c33c3b180360b7279644a9bc1af3c51e6220bf5,128,105,64,True,True,"[0,1,2,4,8]",3,15,4,False,2439173969,ok,,"[""RuntimeWarning: divide by zero encountered in scalar divide""]",,,,1.0,0.0,0.0,0.998513464700856,1.0,0.95,qiskit_mlae_likelihood_ratio,694.780875,101.176125,796.316416,817.011791,159,37,measured-0037,1,mc_then_qiskit,20260802,3841747339,measured,60,45,45,45,5,1,0.351292,0.0045,20.69225,1716,2775,5225,15675,"[{""grover_power"":0,""max_transpiled_quantum_depth"":1,""operation_counts_including_non_gates"":{""barrier"":1,""measure"":1,""u"":7},""qubits"":7,""transpiled_quantum_gate_count"":7},{""grover_power"":1,""max_transpiled_quantum_depth"":218,""operation_counts_including_non_gates"":{""barrier"":1,""cx"":136,""measure"":1,""u"":217},""qubits"":7,""transpiled_quantum_gate_count"":353},{""grover_power"":2,""max_transpiled_quantum_depth"":432,""operation_counts_including_non_gates"":{""barrier"":1,""cx"":272,""measure"":1,""u"":427},""qubits"":7,""transpiled_quantum_gate_count"":699},{""grover_power"":4,""max_transpiled_quantum_depth"":860,""operation_counts_including_non_gates"":{""barrier"":1,""cx"":544,""measure"":1,""u"":847},""qubits"":7,""transpiled_quantum_gate_count"":1391},{""grover_power"":8,""max_transpiled_quantum_depth"":1716,""operation_counts_including_non_gates"":{""barrier"":1,""cx"":1088,""measure"":1,""u"":1687},""qubits"":7,""transpiled_quantum_gate_count"":2775}]","[""u"",""cx""]",0,none; all-to-all analysis without a backend target or coupling map
1.0,actual_runtime_and_circuit_metrics,qiskit_statevector_mlae,Qiskit StatevectorSampler finite-shot CPU simulation of synthesized circuits; not a QPU,64,64,1.0,contiguous_prefix_visible_then_blocked,7c8975e1e60a5c8337f28edf8c33c3b180360b7279644a9bc1af3c51e6220bf5,1024,1015,64,True,True,"[0,1,2,4,8]",29,145,1,False,3328767590,ok,,"[""RuntimeWarning: divide by zero encountered in scalar divide""]",,,,1.0,0.0,0.0,0.9998390136762528,1.0,0.95,qiskit_mlae_likelihood_ratio,696.384083,101.6905,798.522541,818.836333,160,38,measured-0038,0,qiskit_then_mc,20260802,3841747339,measured,580,435,435,435,5,1,0.438333,0.005375,20.308542,1716,2775,5225,151525,"[{""grover_power"":0,""max_transpiled_quantum_depth"":1,""operation_counts_including_non_gates"":{""barrier"":1,""measure"":1,""u"":7},""qubits"":7,""transpiled_quantum_gate_count"":7},{""grover_power"":1,""max_transpiled_quantum_depth"":218,""operation_counts_including_non_gates"":{""barrier"":1,""cx"":136,""measure"":1,""u"":217},""qubits"":7,""transpiled_quantum_gate_count"":353},{""grover_power"":2,""max_transpiled_quantum_depth"":432,""operation_counts_including_non_gates"":{""barrier"":1,""cx"":272,""measure"":1,""u"":427},""qubits"":7,""transpiled_quantum_gate_count"":699},{""grover_power"":4,""max_transpiled_quantum_depth"":860,""operation_counts_including_non_gates"":{""barrier"":1,""cx"":544,""measure"":1,""u"":847},""qubits"":7,""transpiled_quantum_gate_count"":1391},{""grover_power"":8,""max_transpiled_quantum_depth"":1716,""operation_counts_including_non_gates"":{""barrier"":1,""cx"":1088,""measure"":1,""u"":1687},""qubits"":7,""transpiled_quantum_gate_count"":2775}]","[""u"",""cx""]",0,none; all-to-all analysis without a backend target or coupling map
1.0,actual_runtime_and_circuit_metrics,classical_monte_carlo,Python table MC,64,64,1.0,contiguous_prefix_visible_then_blocked,7c8975e1e60a5c8337f28edf8c33c3b180360b7279644a9bc1af3c51e6220bf5,1024,1015,64,True,True,,,,1,False,2055348881,ok,,[],1015,1015,with_replacement,1.0,0.0,0.0,0.9962295813667217,1.0,0.95,wilson_score,0.238,0.0065,0.2445,0.2445,161,38,measured-0038,1,qiskit_then_mc,20260802,3841747339,measured,,,,,,,,,,,,,,,,,
1.0,actual_runtime_and_circuit_metrics,classical_monte_carlo,Python table MC,8,64,0.125,contiguous_prefix_visible_then_blocked,407b84e032b28972b59fe5732c4e37776624a39308e563a5604359ca2b16ec23,64,35,64,True,False,,,,0,False,3436654033,ok,,[],35,5,with_replacement,0.14285714285714285,0.01785714285714285,0.01785714285714285,0.06260231079433715,0.2937555408659514,0.95,wilson_score,0.014833,0.001833,0.016708,0.016708,162,39,measured-0039,0,mc_then_qiskit,20260802,3841747339,measured,,,,,,,,,,,,,,,,,
1.0,actual_runtime_and_circuit_metrics,qiskit_statevector_mlae,Qiskit StatevectorSampler finite-shot CPU simulation of synthesized circuits; not a QPU,8,64,0.125,contiguous_prefix_visible_then_blocked,407b84e032b28972b59fe5732c4e37776624a39308e563a5604359ca2b16ec23,64,35,64,True,False,"[0,1,2,4,8]",1,5,0,False,676555403,ok,,[],,,,0.12726297225402192,0.0022629722540219166,0.0022629722540219166,0.08958027263240104,0.17229059098815494,0.95,qiskit_mlae_likelihood_ratio,2007.073208,99.271625,2107.340834,2388.747667,163,39,measured-0039,1,mc_then_qiskit,20260802,3841747339,measured,20,15,15,15,5,1,0.988333,0.004334,281.403292,30548,46822,95910,95910,"[{""grover_power"":0,""max_transpiled_quantum_depth"":1700,""operation_counts_including_non_gates"":{""barrier"":1,""cx"":1088,""measure"":1,""u"":1510},""qubits"":7,""transpiled_quantum_gate_count"":2598},{""grover_power"":1,""max_transpiled_quantum_depth"":5306,""operation_counts_including_non_gates"":{""barrier"":1,""cx"":3400,""measure"":1,""u"":4726},""qubits"":7,""transpiled_quantum_gate_count"":8126},{""grover_power"":2,""max_transpiled_quantum_depth"":8912,""operation_counts_including_non_gates"":{""barrier"":1,""cx"":5712,""measure"":1,""u"":7942},""qubits"":7,""transpiled_quantum_gate_count"":13654},{""grover_power"":4,""max_transpiled_quantum_depth"":16124,""operation_counts_including_non_gates"":{""barrier"":1,""cx"":10336,""measure"":1,""u"":14374},""qubits"":7,""transpiled_quantum_gate_count"":24710},{""grover_power"":8,""max_transpiled_quantum_depth"":30548,""operation_counts_including_non_gates"":{""barrier"":1,""cx"":19584,""measure"":1,""u"":27238},""qubits"":7,""transpiled_quantum_gate_count"":46822}]","[""u"",""cx""]",0,none; all-to-all analysis without a backend target or coupling map
1.0,actual_runtime_and_circuit_metrics,qiskit_statevector_mlae,Qiskit StatevectorSampler finite-shot CPU simulation of synthesized circuits; not a QPU,63,64,0.984375,contiguous_prefix_visible_then_blocked,4a22bb45b68e2388bce472d38b49adb1bb6b08e220e9edede71b70cc62ad2db2,64,35,64,True,False,"[0,1,2,4,8]",1,5,4,False,260406942,ok,,[],,,,0.9895290465121926,0.005154046512192645,0.005154046512192645,0.11166117147246961,0.998108681344,0.95,qiskit_mlae_likelihood_ratio,11145.601833,103.402625,11255.073208,13288.894958,164,40,measured-0040,0,qiskit_then_mc,20260802,3841747339,measured,20,15,15,15,5,1,6.056917,0.007875,2033.813917,227715,346651,713205,713205,"[{""grover_power"":0,""max_transpiled_quantum_depth"":13299,""operation_counts_including_non_gates"":{""barrier"":1,""cx"":8568,""measure"":1,""u"":11667},""qubits"":7,""transpiled_quantum_gate_count"":20235},{""grover_power"":1,""max_transpiled_quantum_depth"":40101,""operation_counts_including_non_gates"":{""barrier"":1,""cx"":25840,""measure"":1,""u"":35197},""qubits"":7,""transpiled_quantum_gate_count"":61037},{""grover_power"":2,""max_transpiled_quantum_depth"":66903,""operation_counts_including_non_gates"":{""barrier"":1,""cx"":43112,""measure"":1,""u"":58727},""qubits"":7,""transpiled_quantum_gate_count"":101839},{""grover_power"":4,""max_transpiled_quantum_depth"":120507,""operation_counts_including_non_gates"":{""barrier"":1,""cx"":77656,""measure"":1,""u"":105787},""qubits"":7,""transpiled_quantum_gate_count"":183443},{""grover_power"":8,""max_transpiled_quantum_depth"":227715,""operation_counts_including_non_gates"":{""barrier"":1,""cx"":146744,""measure"":1,""u"":199907},""qubits"":7,""transpiled_quantum_gate_count"":346651}]","[""u"",""cx""]",0,none; all-to-all analysis without a backend target or coupling map
1.0,actual_runtime_and_circuit_metrics,classical_monte_carlo,Python table MC,63,64,0.984375,contiguous_prefix_visible_then_blocked,4a22bb45b68e2388bce472d38b49adb1bb6b08e220e9edede71b70cc62ad2db2,64,35,64,True,False,,,,4,False,705016435,ok,,[],35,35,with_replacement,1.0,0.015625,0.015625,0.9010990076755961,1.0,0.95,wilson_score,0.044709,0.038708,0.0835,0.0835,165,40,measured-0040,1,qiskit_then_mc,20260802,3841747339,measured,,,,,,,,,,,,,,,,,
1.0,actual_runtime_and_circuit_metrics,classical_monte_carlo,Python table MC,1,64,0.015625,contiguous_prefix_visible_then_blocked,16abab341fb7f370e27e4dadcf81766dd0dfd0ae64469477bb2cf6614938b2af,64,35,64,True,False,,,,4,False,3504018248,ok,,[],35,0,with_replacement,0.0,-0.015625,0.015625,0.0,0.09890099232440398,0.95,wilson_score,0.015625,0.006333,0.022,0.022,166,41,measured-0041,0,mc_then_qiskit,20260802,3841747339,measured,,,,,,,,,,,,,,,,,
1.0,actual_runtime_and_circuit_metrics,qiskit_statevector_mlae,Qiskit StatevectorSampler finite-shot CPU simulation of synthesized circuits; not a QPU,1,64,0.015625,contiguous_prefix_visible_then_blocked,16abab341fb7f370e27e4dadcf81766dd0dfd0ae64469477bb2cf6614938b2af,64,35,64,True,False,"[0,1,2,4,8]",1,5,4,False,3330022877,ok,,[],,,,1e-30,-0.015625,0.015625,1e-30,0.00390950341710986,0.95,qiskit_mlae_likelihood_ratio,860.220042,98.482333,959.595583,1011.679333,167,41,measured-0041,1,mc_then_qiskit,20260802,3841747339,measured,20,15,15,15,5,1,0.867667,0.019333,52.079666,5320,8317,16635,16635,"[{""grover_power"":0,""max_transpiled_quantum_depth"":216,""operation_counts_including_non_gates"":{""barrier"":1,""cx"":136,""measure"":1,""u"":197},""qubits"":7,""transpiled_quantum_gate_count"":333},{""grover_power"":1,""max_transpiled_quantum_depth"":854,""operation_counts_including_non_gates"":{""barrier"":1,""cx"":544,""measure"":1,""u"":787},""qubits"":7,""transpiled_quantum_gate_count"":1331},{""grover_power"":2,""max_transpiled_quantum_depth"":1492,""operation_counts_including_non_gates"":{""barrier"":1,""cx"":952,""measure"":1,""u"":1377},""qubits"":7,""transpiled_quantum_gate_count"":2329},{""grover_power"":4,""max_transpiled_quantum_depth"":2768,""operation_counts_including_non_gates"":{""barrier"":1,""cx"":1768,""measure"":1,""u"":2557},""qubits"":7,""transpiled_quantum_gate_count"":4325},{""grover_power"":8,""max_transpiled_quantum_depth"":5320,""operation_counts_including_non_gates"":{""barrier"":1,""cx"":3400,""measure"":1,""u"":4917},""qubits"":7,""transpiled_quantum_gate_count"":8317}]","[""u"",""cx""]",0,none; all-to-all analysis without a backend target or coupling map
1.0,actual_runtime_and_circuit_metrics,qiskit_statevector_mlae,Qiskit StatevectorSampler finite-shot CPU simulation of synthesized circuits; not a QPU,32,64,0.5,contiguous_prefix_visible_then_blocked,037d6dfb3a369a41e01100fdd53c35ee3fb69ddec5830d61e1138d066a4c2285,1024,1015,64,True,True,"[0,1,2,4,8]",29,145,3,False,2459204681,ok,,[],,,,0.5062190205095846,0.006219020509584561,0.006219020509584561,0.49715606830228604,0.515030026996417,0.95,qiskit_mlae_likelihood_ratio,5878.128917,100.350041,5981.686416,7021.625208,168,42,measured-0042,0,qiskit_then_mc,20260802,3841747339,measured,580,435,435,435,5,1,3.195833,0.00525,1039.935,117044,177926,365830,10609070,"[{""grover_power"":0,""max_transpiled_quantum_depth"":6788,""operation_counts_including_non_gates"":{""barrier"":1,""cx"":4352,""measure"":1,""u"":5958},""qubits"":7,""transpiled_quantum_gate_count"":10310},{""grover_power"":1,""max_transpiled_quantum_depth"":20570,""operation_counts_including_non_gates"":{""barrier"":1,""cx"":13192,""measure"":1,""u"":18070},""qubits"":7,""transpiled_quantum_gate_count"":31262},{""grover_power"":2,""max_transpiled_quantum_depth"":34352,""operation_counts_including_non_gates"":{""barrier"":1,""cx"":22032,""measure"":1,""u"":30182},""qubits"":7,""transpiled_quantum_gate_count"":52214},{""grover_power"":4,""max_transpiled_quantum_depth"":61916,""operation_counts_including_non_gates"":{""barrier"":1,""cx"":39712,""measure"":1,""u"":54406},""qubits"":7,""transpiled_quantum_gate_count"":94118},{""grover_power"":8,""max_transpiled_quantum_depth"":117044,""operation_counts_including_non_gates"":{""barrier"":1,""cx"":75072,""measure"":1,""u"":102854},""qubits"":7,""transpiled_quantum_gate_count"":177926}]","[""u"",""cx""]",0,none; all-to-all analysis without a backend target or coupling map
1.0,actual_runtime_and_circuit_metrics,classical_monte_carlo,Python table MC,32,64,0.5,contiguous_prefix_visible_then_blocked,037d6dfb3a369a41e01100fdd53c35ee3fb69ddec5830d61e1138d066a4c2285,1024,1015,64,True,True,,,,3,False,2896773463,ok,,[],1015,525,with_replacement,0.5172413793103449,0.017241379310344862,0.017241379310344862,0.48649269450724486,0.5478600496778147,0.95,wilson_score,0.241291,0.007458,0.248791,0.248791,169,42,measured-0042,1,qiskit_then_mc,20260802,3841747339,measured,,,,,,,,,,,,,,,,,
1.0,actual_runtime_and_circuit_metrics,classical_monte_carlo,Python table MC,1,64,0.015625,contiguous_prefix_visible_then_blocked,16abab341fb7f370e27e4dadcf81766dd0dfd0ae64469477bb2cf6614938b2af,256,245,64,True,True,,,,4,False,843281263,ok,,[],245,5,with_replacement,0.02040816326530612,0.004783163265306121,0.004783163265306121,0.008747889362498967,0.04687571486443076,0.95,wilson_score,0.059708,0.001791,0.061541,0.061541,170,43,measured-0043,0,mc_then_qiskit,20260802,3841747339,measured,,,,,,,,,,,,,,,,,
1.0,actual_runtime_and_circuit_metrics,qiskit_statevector_mlae,Qiskit StatevectorSampler finite-shot CPU simulation of synthesized circuits; not a QPU,1,64,0.015625,contiguous_prefix_visible_then_blocked,16abab341fb7f370e27e4dadcf81766dd0dfd0ae64469477bb2cf6614938b2af,256,245,64,True,True,"[0,1,2,4,8]",7,35,4,False,325265248,ok,,[],,,,0.016233711041527234,0.0006087110415272344,0.0006087110415272344,0.012066583660702205,0.0212038880251741,0.95,qiskit_mlae_likelihood_ratio,857.517542,104.866042,963.061958,1015.439541,171,43,measured-0043,1,mc_then_qiskit,20260802,3841747339,measured,140,105,105,105,5,1,0.668375,0.006208,52.373708,5320,8317,16635,116445,"[{""grover_power"":0,""max_transpiled_quantum_depth"":216,""operation_counts_including_non_gates"":{""barrier"":1,""cx"":136,""measure"":1,""u"":197},""qubits"":7,""transpiled_quantum_gate_count"":333},{""grover_power"":1,""max_transpiled_quantum_depth"":854,""operation_counts_including_non_gates"":{""barrier"":1,""cx"":544,""measure"":1,""u"":787},""qubits"":7,""transpiled_quantum_gate_count"":1331},{""grover_power"":2,""max_transpiled_quantum_depth"":1492,""operation_counts_including_non_gates"":{""barrier"":1,""cx"":952,""measure"":1,""u"":1377},""qubits"":7,""transpiled_quantum_gate_count"":2329},{""grover_power"":4,""max_transpiled_quantum_depth"":2768,""operation_counts_including_non_gates"":{""barrier"":1,""cx"":1768,""measure"":1,""u"":2557},""qubits"":7,""transpiled_quantum_gate_count"":4325},{""grover_power"":8,""max_transpiled_quantum_depth"":5320,""operation_counts_including_non_gates"":{""barrier"":1,""cx"":3400,""measure"":1,""u"":4917},""qubits"":7,""transpiled_quantum_gate_count"":8317}]","[""u"",""cx""]",0,none; all-to-all analysis without a backend target or coupling map
1.0,actual_runtime_and_circuit_metrics,qiskit_statevector_mlae,Qiskit StatevectorSampler finite-shot CPU simulation of synthesized circuits; not a QPU,1,64,0.015625,contiguous_prefix_visible_then_blocked,16abab341fb7f370e27e4dadcf81766dd0dfd0ae64469477bb2cf6614938b2af,1024,1015,64,True,True,"[0,1,2,4,8]",29,145,2,False,867853640,ok,,[],,,,0.014736932856523043,-0.0008880671434769571,0.0008880671434769571,0.01259074331331736,0.017130231153283104,0.95,qiskit_mlae_likelihood_ratio,856.101833,101.781083,958.592041,1013.680416,172,44,measured-0044,0,qiskit_then_mc,20260802,3841747339,measured,580,435,435,435,5,1,0.700416,0.004958,55.084291,5320,8317,16635,482415,"[{""grover_power"":0,""max_transpiled_quantum_depth"":216,""operation_counts_including_non_gates"":{""barrier"":1,""cx"":136,""measure"":1,""u"":197},""qubits"":7,""transpiled_quantum_gate_count"":333},{""grover_power"":1,""max_transpiled_quantum_depth"":854,""operation_counts_including_non_gates"":{""barrier"":1,""cx"":544,""measure"":1,""u"":787},""qubits"":7,""transpiled_quantum_gate_count"":1331},{""grover_power"":2,""max_transpiled_quantum_depth"":1492,""operation_counts_including_non_gates"":{""barrier"":1,""cx"":952,""measure"":1,""u"":1377},""qubits"":7,""transpiled_quantum_gate_count"":2329},{""grover_power"":4,""max_transpiled_quantum_depth"":2768,""operation_counts_including_non_gates"":{""barrier"":1,""cx"":1768,""measure"":1,""u"":2557},""qubits"":7,""transpiled_quantum_gate_count"":4325},{""grover_power"":8,""max_transpiled_quantum_depth"":5320,""operation_counts_including_non_gates"":{""barrier"":1,""cx"":3400,""measure"":1,""u"":4917},""qubits"":7,""transpiled_quantum_gate_count"":8317}]","[""u"",""cx""]",0,none; all-to-all analysis without a backend target or coupling map
1.0,actual_runtime_and_circuit_metrics,classical_monte_carlo,Python table MC,1,64,0.015625,contiguous_prefix_visible_then_blocked,16abab341fb7f370e27e4dadcf81766dd0dfd0ae64469477bb2cf6614938b2af,1024,1015,64,True,True,,,,2,False,2423412306,ok,,[],1015,13,with_replacement,0.012807881773399015,-0.002817118226600985,0.002817118226600985,0.007500092999630598,0.021789507028263363,0.95,wilson_score,0.247667,0.006875,0.254584,0.254584,173,44,measured-0044,1,qiskit_then_mc,20260802,3841747339,measured,,,,,,,,,,,,,,,,,
1.0,actual_runtime_and_circuit_metrics,classical_monte_carlo,Python table MC,8,64,0.125,contiguous_prefix_visible_then_blocked,407b84e032b28972b59fe5732c4e37776624a39308e563a5604359ca2b16ec23,512,490,64,True,True,,,,3,False,147243263,ok,,[],490,69,with_replacement,0.14081632653061224,0.01581632653061224,0.01581632653061224,0.11280557652946999,0.1744150613639444,0.95,wilson_score,0.111958,0.005083,0.117083,0.117083,174,45,measured-0045,0,mc_then_qiskit,20260802,3841747339,measured,,,,,,,,,,,,,,,,,
1.0,actual_runtime_and_circuit_metrics,qiskit_statevector_mlae,Qiskit StatevectorSampler finite-shot CPU simulation of synthesized circuits; not a QPU,8,64,0.125,contiguous_prefix_visible_then_blocked,407b84e032b28972b59fe5732c4e37776624a39308e563a5604359ca2b16ec23,512,490,64,True,True,"[0,1,2,4,8]",14,70,3,False,1412970733,ok,,[],,,,0.1282227215362424,0.0032227215362423955,0.0032227215362423955,0.11687066103346877,0.14019408073545211,0.95,qiskit_mlae_likelihood_ratio,1986.376125,99.9875,2087.602333,2357.741791,175,45,measured-0045,1,mc_then_qiskit,20260802,3841747339,measured,280,210,210,210,5,1,1.229834,0.005208,270.130583,30548,46822,95910,1342740,"[{""grover_power"":0,""max_transpiled_quantum_depth"":1700,""operation_counts_including_non_gates"":{""barrier"":1,""cx"":1088,""measure"":1,""u"":1510},""qubits"":7,""transpiled_quantum_gate_count"":2598},{""grover_power"":1,""max_transpiled_quantum_depth"":5306,""operation_counts_including_non_gates"":{""barrier"":1,""cx"":3400,""measure"":1,""u"":4726},""qubits"":7,""transpiled_quantum_gate_count"":8126},{""grover_power"":2,""max_transpiled_quantum_depth"":8912,""operation_counts_including_non_gates"":{""barrier"":1,""cx"":5712,""measure"":1,""u"":7942},""qubits"":7,""transpiled_quantum_gate_count"":13654},{""grover_power"":4,""max_transpiled_quantum_depth"":16124,""operation_counts_including_non_gates"":{""barrier"":1,""cx"":10336,""measure"":1,""u"":14374},""qubits"":7,""transpiled_quantum_gate_count"":24710},{""grover_power"":8,""max_transpiled_quantum_depth"":30548,""operation_counts_including_non_gates"":{""barrier"":1,""cx"":19584,""measure"":1,""u"":27238},""qubits"":7,""transpiled_quantum_gate_count"":46822}]","[""u"",""cx""]",0,none; all-to-all analysis without a backend target or coupling map
1.0,actual_runtime_and_circuit_metrics,qiskit_statevector_mlae,Qiskit StatevectorSampler finite-shot CPU simulation of synthesized circuits; not a QPU,63,64,0.984375,contiguous_prefix_visible_then_blocked,4a22bb45b68e2388bce472d38b49adb1bb6b08e220e9edede71b70cc62ad2db2,512,490,64,True,True,"[0,1,2,4,8]",14,70,3,False,729556850,ok,,[],,,,0.9851120551464043,0.0007370551464043196,0.0007370551464043196,0.9818162009655862,0.9878924354735842,0.95,qiskit_mlae_likelihood_ratio,11161.773458,99.595417,11265.699125,13287.832042,176,46,measured-0046,0,qiskit_then_mc,20260802,3841747339,measured,280,210,210,210,5,1,4.321125,0.005208,2022.128542,227715,346651,713205,9984870,"[{""grover_power"":0,""max_transpiled_quantum_depth"":13299,""operation_counts_including_non_gates"":{""barrier"":1,""cx"":8568,""measure"":1,""u"":11667},""qubits"":7,""transpiled_quantum_gate_count"":20235},{""grover_power"":1,""max_transpiled_quantum_depth"":40101,""operation_counts_including_non_gates"":{""barrier"":1,""cx"":25840,""measure"":1,""u"":35197},""qubits"":7,""transpiled_quantum_gate_count"":61037},{""grover_power"":2,""max_transpiled_quantum_depth"":66903,""operation_counts_including_non_gates"":{""barrier"":1,""cx"":43112,""measure"":1,""u"":58727},""qubits"":7,""transpiled_quantum_gate_count"":101839},{""grover_power"":4,""max_transpiled_quantum_depth"":120507,""operation_counts_including_non_gates"":{""barrier"":1,""cx"":77656,""measure"":1,""u"":105787},""qubits"":7,""transpiled_quantum_gate_count"":183443},{""grover_power"":8,""max_transpiled_quantum_depth"":227715,""operation_counts_including_non_gates"":{""barrier"":1,""cx"":146744,""measure"":1,""u"":199907},""qubits"":7,""transpiled_quantum_gate_count"":346651}]","[""u"",""cx""]",0,none; all-to-all analysis without a backend target or coupling map
1.0,actual_runtime_and_circuit_metrics,classical_monte_carlo,Python table MC,63,64,0.984375,contiguous_prefix_visible_then_blocked,4a22bb45b68e2388bce472d38b49adb1bb6b08e220e9edede71b70cc62ad2db2,512,490,64,True,True,,,,3,False,3181491856,ok,,[],490,485,with_replacement,0.9897959183673469,0.0054209183673469274,0.0054209183673469274,0.9763380865169448,0.9956337709011264,0.95,wilson_score,0.122333,0.006417,0.128833,0.128833,177,46,measured-0046,1,qiskit_then_mc,20260802,3841747339,measured,,,,,,,,,,,,,,,,,
1.0,actual_runtime_and_circuit_metrics,classical_monte_carlo,Python table MC,8,64,0.125,contiguous_prefix_visible_then_blocked,407b84e032b28972b59fe5732c4e37776624a39308e563a5604359ca2b16ec23,128,105,64,True,True,,,,1,False,23537718,ok,,[],105,19,with_replacement,0.18095238095238095,0.05595238095238095,0.05595238095238095,0.11901666335076501,0.26540908097542887,0.95,wilson_score,0.030208,0.002125,0.032375,0.032375,178,47,measured-0047,0,mc_then_qiskit,20260802,3841747339,measured,,,,,,,,,,,,,,,,,
1.0,actual_runtime_and_circuit_metrics,qiskit_statevector_mlae,Qiskit StatevectorSampler finite-shot CPU simulation of synthesized circuits; not a QPU,8,64,0.125,contiguous_prefix_visible_then_blocked,407b84e032b28972b59fe5732c4e37776624a39308e563a5604359ca2b16ec23,128,105,64,True,True,"[0,1,2,4,8]",3,15,1,False,2310337212,ok,,[],,,,0.12498042872693974,-1.957127306026485e-05,1.957127306026485e-05,0.10163151958051264,0.15130797902508714,0.95,qiskit_mlae_likelihood_ratio,2001.508792,99.462333,2102.130375,2375.223125,179,47,measured-0047,1,mc_then_qiskit,20260802,3841747339,measured,60,45,45,45,5,1,1.150667,0.005083,273.089042,30548,46822,95910,287730,"[{""grover_power"":0,""max_transpiled_quantum_depth"":1700,""operation_counts_including_non_gates"":{""barrier"":1,""cx"":1088,""measure"":1,""u"":1510},""qubits"":7,""transpiled_quantum_gate_count"":2598},{""grover_power"":1,""max_transpiled_quantum_depth"":5306,""operation_counts_including_non_gates"":{""barrier"":1,""cx"":3400,""measure"":1,""u"":4726},""qubits"":7,""transpiled_quantum_gate_count"":8126},{""grover_power"":2,""max_transpiled_quantum_depth"":8912,""operation_counts_including_non_gates"":{""barrier"":1,""cx"":5712,""measure"":1,""u"":7942},""qubits"":7,""transpiled_quantum_gate_count"":13654},{""grover_power"":4,""max_transpiled_quantum_depth"":16124,""operation_counts_including_non_gates"":{""barrier"":1,""cx"":10336,""measure"":1,""u"":14374},""qubits"":7,""transpiled_quantum_gate_count"":24710},{""grover_power"":8,""max_transpiled_quantum_depth"":30548,""operation_counts_including_non_gates"":{""barrier"":1,""cx"":19584,""measure"":1,""u"":27238},""qubits"":7,""transpiled_quantum_gate_count"":46822}]","[""u"",""cx""]",0,none; all-to-all analysis without a backend target or coupling map
1.0,actual_runtime_and_circuit_metrics,qiskit_statevector_mlae,Qiskit StatevectorSampler finite-shot CPU simulation of synthesized circuits; not a QPU,32,64,0.5,contiguous_prefix_visible_then_blocked,037d6dfb3a369a41e01100fdd53c35ee3fb69ddec5830d61e1138d066a4c2285,32,18,64,False,False,"[0,1,2,4]",1,4,1,False,49658789,ok,,"[""RuntimeWarning: divide by zero encountered in scalar divide""]",,,,1.0,0.5,0.5,0.9863123486604318,1.0,0.95,qiskit_mlae_likelihood_ratio,3057.376708,41.830041,3101.793458,3643.787583,180,48,measured-0048,0,qiskit_then_mc,20260802,3841747339,measured,11,7,7,7,4,1,2.577,0.005708,541.990375,61916,94118,187904,187904,"[{""grover_power"":0,""max_transpiled_quantum_depth"":6788,""operation_counts_including_non_gates"":{""barrier"":1,""cx"":4352,""measure"":1,""u"":5958},""qubits"":7,""transpiled_quantum_gate_count"":10310},{""grover_power"":1,""max_transpiled_quantum_depth"":20570,""operation_counts_including_non_gates"":{""barrier"":1,""cx"":13192,""measure"":1,""u"":18070},""qubits"":7,""transpiled_quantum_gate_count"":31262},{""grover_power"":2,""max_transpiled_quantum_depth"":34352,""operation_counts_including_non_gates"":{""barrier"":1,""cx"":22032,""measure"":1,""u"":30182},""qubits"":7,""transpiled_quantum_gate_count"":52214},{""grover_power"":4,""max_transpiled_quantum_depth"":61916,""operation_counts_including_non_gates"":{""barrier"":1,""cx"":39712,""measure"":1,""u"":54406},""qubits"":7,""transpiled_quantum_gate_count"":94118}]","[""u"",""cx""]",0,none; all-to-all analysis without a backend target or coupling map
1.0,actual_runtime_and_circuit_metrics,classical_monte_carlo,Python table MC,32,64,0.5,contiguous_prefix_visible_then_blocked,037d6dfb3a369a41e01100fdd53c35ee3fb69ddec5830d61e1138d066a4c2285,32,18,64,False,False,,,,1,False,1651742704,ok,,[],18,11,with_replacement,0.6111111111111112,0.11111111111111116,0.11111111111111116,0.38619041602237913,0.7969475342783637,0.95,wilson_score,0.021209,0.006708,0.028042,0.028042,181,48,measured-0048,1,qiskit_then_mc,20260802,3841747339,measured,,,,,,,,,,,,,,,,,
1.0,actual_runtime_and_circuit_metrics,classical_monte_carlo,Python table MC,32,64,0.5,contiguous_prefix_visible_then_blocked,037d6dfb3a369a41e01100fdd53c35ee3fb69ddec5830d61e1138d066a4c2285,256,245,64,True,True,,,,1,False,3757108152,ok,,[],245,127,with_replacement,0.5183673469387755,0.01836734693877551,0.01836734693877551,0.4560014700237701,0.5801661366228582,0.95,wilson_score,0.061333,0.001542,0.062958,0.062958,182,49,measured-0049,0,mc_then_qiskit,20260802,3841747339,measured,,,,,,,,,,,,,,,,,
1.0,actual_runtime_and_circuit_metrics,qiskit_statevector_mlae,Qiskit StatevectorSampler finite-shot CPU simulation of synthesized circuits; not a QPU,32,64,0.5,contiguous_prefix_visible_then_blocked,037d6dfb3a369a41e01100fdd53c35ee3fb69ddec5830d61e1138d066a4c2285,256,245,64,True,True,"[0,1,2,4,8]",7,35,1,False,1340868616,ok,,[],,,,0.5157172494974035,0.015717249497403496,0.015717249497403496,0.49715606830228604,0.532198685903668,0.95,qiskit_mlae_likelihood_ratio,6349.802459,100.137917,6452.712875,7483.734375,183,49,measured-0049,1,mc_then_qiskit,20260802,3841747339,measured,140,105,105,105,5,1,2.75675,0.00725,1031.017958,117044,177926,365830,2560810,"[{""grover_power"":0,""max_transpiled_quantum_depth"":6788,""operation_counts_including_non_gates"":{""barrier"":1,""cx"":4352,""measure"":1,""u"":5958},""qubits"":7,""transpiled_quantum_gate_count"":10310},{""grover_power"":1,""max_transpiled_quantum_depth"":20570,""operation_counts_including_non_gates"":{""barrier"":1,""cx"":13192,""measure"":1,""u"":18070},""qubits"":7,""transpiled_quantum_gate_count"":31262},{""grover_power"":2,""max_transpiled_quantum_depth"":34352,""operation_counts_including_non_gates"":{""barrier"":1,""cx"":22032,""measure"":1,""u"":30182},""qubits"":7,""transpiled_quantum_gate_count"":52214},{""grover_power"":4,""max_transpiled_quantum_depth"":61916,""operation_counts_including_non_gates"":{""barrier"":1,""cx"":39712,""measure"":1,""u"":54406},""qubits"":7,""transpiled_quantum_gate_count"":94118},{""grover_power"":8,""max_transpiled_quantum_depth"":117044,""operation_counts_including_non_gates"":{""barrier"":1,""cx"":75072,""measure"":1,""u"":102854},""qubits"":7,""transpiled_quantum_gate_count"":177926}]","[""u"",""cx""]",0,none; all-to-all analysis without a backend target or coupling map
1.0,actual_runtime_and_circuit_metrics,qiskit_statevector_mlae,Qiskit StatevectorSampler finite-shot CPU simulation of synthesized circuits; not a QPU,8,64,0.125,contiguous_prefix_visible_then_blocked,407b84e032b28972b59fe5732c4e37776624a39308e563a5604359ca2b16ec23,128,105,64,True,True,"[0,1,2,4,8]",3,15,3,False,120925661,ok,,[],,,,0.13285518655752487,0.007855186557524874,0.007855186557524874,0.1112677613176907,0.46487028087762683,0.95,qiskit_mlae_likelihood_ratio,2030.365458,100.499875,2132.050083,2404.891208,184,50,measured-0050,0,qiskit_then_mc,20260802,3841747339,measured,60,45,45,45,5,1,1.175,0.005583,272.837292,30548,46822,95910,287730,"[{""grover_power"":0,""max_transpiled_quantum_depth"":1700,""operation_counts_including_non_gates"":{""barrier"":1,""cx"":1088,""measure"":1,""u"":1510},""qubits"":7,""transpiled_quantum_gate_count"":2598},{""grover_power"":1,""max_transpiled_quantum_depth"":5306,""operation_counts_including_non_gates"":{""barrier"":1,""cx"":3400,""measure"":1,""u"":4726},""qubits"":7,""transpiled_quantum_gate_count"":8126},{""grover_power"":2,""max_transpiled_quantum_depth"":8912,""operation_counts_including_non_gates"":{""barrier"":1,""cx"":5712,""measure"":1,""u"":7942},""qubits"":7,""transpiled_quantum_gate_count"":13654},{""grover_power"":4,""max_transpiled_quantum_depth"":16124,""operation_counts_including_non_gates"":{""barrier"":1,""cx"":10336,""measure"":1,""u"":14374},""qubits"":7,""transpiled_quantum_gate_count"":24710},{""grover_power"":8,""max_transpiled_quantum_depth"":30548,""operation_counts_including_non_gates"":{""barrier"":1,""cx"":19584,""measure"":1,""u"":27238},""qubits"":7,""transpiled_quantum_gate_count"":46822}]","[""u"",""cx""]",0,none; all-to-all analysis without a backend target or coupling map
1.0,actual_runtime_and_circuit_metrics,classical_monte_carlo,Python table MC,8,64,0.125,contiguous_prefix_visible_then_blocked,407b84e032b28972b59fe5732c4e37776624a39308e563a5604359ca2b16ec23,128,105,64,True,True,,,,3,False,2051282221,ok,,[],105,12,with_replacement,0.11428571428571428,-0.010714285714285718,0.010714285714285718,0.06659702003579052,0.1892012678809514,0.95,wilson_score,0.038209,0.006542,0.044792,0.044792,185,50,measured-0050,1,qiskit_then_mc,20260802,3841747339,measured,,,,,,,,,,,,,,,,,
1.0,actual_runtime_and_circuit_metrics,classical_monte_carlo,Python table MC,8,64,0.125,contiguous_prefix_visible_then_blocked,407b84e032b28972b59fe5732c4e37776624a39308e563a5604359ca2b16ec23,32,18,64,False,False,,,,4,False,1409356957,ok,,[],18,2,with_replacement,0.1111111111111111,-0.013888888888888895,0.013888888888888895,0.03101952264561242,0.32799765130178793,0.95,wilson_score,0.012125,0.001459,0.013625,0.013625,186,51,measured-0051,0,mc_then_qiskit,20260802,3841747339,measured,,,,,,,,,,,,,,,,,
1.0,actual_runtime_and_circuit_metrics,qiskit_statevector_mlae,Qiskit StatevectorSampler finite-shot CPU simulation of synthesized circuits; not a QPU,8,64,0.125,contiguous_prefix_visible_then_blocked,407b84e032b28972b59fe5732c4e37776624a39308e563a5604359ca2b16ec23,32,18,64,False,False,"[0,1,2,4]",1,4,4,False,3037182070,ok,,[],,,,0.1195797767691319,-0.005420223230868104,0.005420223230868104,0.05468133872736881,0.203031235383603,0.95,qiskit_mlae_likelihood_ratio,968.310458,40.540084,1009.965209,1152.889375,187,51,measured-0051,1,mc_then_qiskit,20260802,3841747339,measured,11,7,7,7,4,1,1.105833,0.00525,142.9205,16124,24710,49088,49088,"[{""grover_power"":0,""max_transpiled_quantum_depth"":1700,""operation_counts_including_non_gates"":{""barrier"":1,""cx"":1088,""measure"":1,""u"":1510},""qubits"":7,""transpiled_quantum_gate_count"":2598},{""grover_power"":1,""max_transpiled_quantum_depth"":5306,""operation_counts_including_non_gates"":{""barrier"":1,""cx"":3400,""measure"":1,""u"":4726},""qubits"":7,""transpiled_quantum_gate_count"":8126},{""grover_power"":2,""max_transpiled_quantum_depth"":8912,""operation_counts_including_non_gates"":{""barrier"":1,""cx"":5712,""measure"":1,""u"":7942},""qubits"":7,""transpiled_quantum_gate_count"":13654},{""grover_power"":4,""max_transpiled_quantum_depth"":16124,""operation_counts_including_non_gates"":{""barrier"":1,""cx"":10336,""measure"":1,""u"":14374},""qubits"":7,""transpiled_quantum_gate_count"":24710}]","[""u"",""cx""]",0,none; all-to-all analysis without a backend target or coupling map
1.0,actual_runtime_and_circuit_metrics,qiskit_statevector_mlae,Qiskit StatevectorSampler finite-shot CPU simulation of synthesized circuits; not a QPU,1,64,0.015625,contiguous_prefix_visible_then_blocked,16abab341fb7f370e27e4dadcf81766dd0dfd0ae64469477bb2cf6614938b2af,32,18,64,False,False,"[0,1,2,4]",1,4,2,False,173857154,ok,,[],,,,0.03623395836958861,0.020608958369588613,0.020608958369588613,0.006588482374498466,0.6996117592502159,0.95,qiskit_mlae_likelihood_ratio,372.594459,40.712291,413.970041,442.8385,188,52,measured-0052,0,qiskit_then_mc,20260802,3841747339,measured,11,7,7,7,4,1,0.653625,0.005625,28.865,2768,4325,8318,8318,"[{""grover_power"":0,""max_transpiled_quantum_depth"":216,""operation_counts_including_non_gates"":{""barrier"":1,""cx"":136,""measure"":1,""u"":197},""qubits"":7,""transpiled_quantum_gate_count"":333},{""grover_power"":1,""max_transpiled_quantum_depth"":854,""operation_counts_including_non_gates"":{""barrier"":1,""cx"":544,""measure"":1,""u"":787},""qubits"":7,""transpiled_quantum_gate_count"":1331},{""grover_power"":2,""max_transpiled_quantum_depth"":1492,""operation_counts_including_non_gates"":{""barrier"":1,""cx"":952,""measure"":1,""u"":1377},""qubits"":7,""transpiled_quantum_gate_count"":2329},{""grover_power"":4,""max_transpiled_quantum_depth"":2768,""operation_counts_including_non_gates"":{""barrier"":1,""cx"":1768,""measure"":1,""u"":2557},""qubits"":7,""transpiled_quantum_gate_count"":4325}]","[""u"",""cx""]",0,none; all-to-all analysis without a backend target or coupling map
1.0,actual_runtime_and_circuit_metrics,classical_monte_carlo,Python table MC,1,64,0.015625,contiguous_prefix_visible_then_blocked,16abab341fb7f370e27e4dadcf81766dd0dfd0ae64469477bb2cf6614938b2af,32,18,64,False,False,,,,2,False,2585370449,ok,,[],18,0,with_replacement,0.0,-0.015625,0.015625,0.0,0.17587922364665756,0.95,wilson_score,0.02375,0.010042,0.033833,0.033833,189,52,measured-0052,1,qiskit_then_mc,20260802,3841747339,measured,,,,,,,,,,,,,,,,,
1.0,actual_runtime_and_circuit_metrics,classical_monte_carlo,Python table MC,1,64,0.015625,contiguous_prefix_visible_then_blocked,16abab341fb7f370e27e4dadcf81766dd0dfd0ae64469477bb2cf6614938b2af,1024,1015,64,True,True,,,,4,False,3255305950,ok,,[],1015,12,with_replacement,0.011822660098522168,-0.0038023399014778317,0.0038023399014778317,0.006775819176609015,0.02055076689785298,0.95,wilson_score,0.232792,0.001958,0.234792,0.234792,190,53,measured-0053,0,mc_then_qiskit,20260802,3841747339,measured,,,,,,,,,,,,,,,,,
1.0,actual_runtime_and_circuit_metrics,qiskit_statevector_mlae,Qiskit StatevectorSampler finite-shot CPU simulation of synthesized circuits; not a QPU,1,64,0.015625,contiguous_prefix_visible_then_blocked,16abab341fb7f370e27e4dadcf81766dd0dfd0ae64469477bb2cf6614938b2af,1024,1015,64,True,True,"[0,1,2,4,8]",29,145,4,False,3126629265,ok,,[],,,,0.016233711041527234,0.0006087110415272344,0.0006087110415272344,0.014066766564364768,0.018586841701546397,0.95,qiskit_mlae_likelihood_ratio,864.954416,100.444291,966.133208,1019.413542,191,53,measured-0053,1,mc_then_qiskit,20260802,3841747339,measured,580,435,435,435,5,1,0.725375,0.005292,53.275875,5320,8317,16635,482415,"[{""grover_power"":0,""max_transpiled_quantum_depth"":216,""operation_counts_including_non_gates"":{""barrier"":1,""cx"":136,""measure"":1,""u"":197},""qubits"":7,""transpiled_quantum_gate_count"":333},{""grover_power"":1,""max_transpiled_quantum_depth"":854,""operation_counts_including_non_gates"":{""barrier"":1,""cx"":544,""measure"":1,""u"":787},""qubits"":7,""transpiled_quantum_gate_count"":1331},{""grover_power"":2,""max_transpiled_quantum_depth"":1492,""operation_counts_including_non_gates"":{""barrier"":1,""cx"":952,""measure"":1,""u"":1377},""qubits"":7,""transpiled_quantum_gate_count"":2329},{""grover_power"":4,""max_transpiled_quantum_depth"":2768,""operation_counts_including_non_gates"":{""barrier"":1,""cx"":1768,""measure"":1,""u"":2557},""qubits"":7,""transpiled_quantum_gate_count"":4325},{""grover_power"":8,""max_transpiled_quantum_depth"":5320,""operation_counts_including_non_gates"":{""barrier"":1,""cx"":3400,""measure"":1,""u"":4917},""qubits"":7,""transpiled_quantum_gate_count"":8317}]","[""u"",""cx""]",0,none; all-to-all analysis without a backend target or coupling map
1.0,actual_runtime_and_circuit_metrics,qiskit_statevector_mlae,Qiskit StatevectorSampler finite-shot CPU simulation of synthesized circuits; not a QPU,0,64,0.0,contiguous_prefix_visible_then_blocked,f5a5fd42d16a20302798ef6ed309979b43003d2320d9f0e8ea9831a92759fb4b,256,245,64,True,True,"[0,1,2,4,8]",7,35,3,False,3292802919,ok,,[],,,,1e-30,1e-30,1e-30,1e-30,0.0006597939355153962,0.95,qiskit_mlae_likelihood_ratio,688.780791,101.624041,790.822166,810.795833,192,54,measured-0054,0,qiskit_then_mc,20260802,3841747339,measured,140,105,105,105,5,1,0.40825,0.005292,19.969667,1716,2758,5190,36330,"[{""grover_power"":0,""max_transpiled_quantum_depth"":1,""operation_counts_including_non_gates"":{""barrier"":1,""measure"":1,""u"":6},""qubits"":7,""transpiled_quantum_gate_count"":6},{""grover_power"":1,""max_transpiled_quantum_depth"":218,""operation_counts_including_non_gates"":{""barrier"":1,""cx"":136,""measure"":1,""u"":214},""qubits"":7,""transpiled_quantum_gate_count"":350},{""grover_power"":2,""max_transpiled_quantum_depth"":432,""operation_counts_including_non_gates"":{""barrier"":1,""cx"":272,""measure"":1,""u"":422},""qubits"":7,""transpiled_quantum_gate_count"":694},{""grover_power"":4,""max_transpiled_quantum_depth"":860,""operation_counts_including_non_gates"":{""barrier"":1,""cx"":544,""measure"":1,""u"":838},""qubits"":7,""transpiled_quantum_gate_count"":1382},{""grover_power"":8,""max_transpiled_quantum_depth"":1716,""operation_counts_including_non_gates"":{""barrier"":1,""cx"":1088,""measure"":1,""u"":1670},""qubits"":7,""transpiled_quantum_gate_count"":2758}]","[""u"",""cx""]",0,none; all-to-all analysis without a backend target or coupling map
1.0,actual_runtime_and_circuit_metrics,classical_monte_carlo,Python table MC,0,64,0.0,contiguous_prefix_visible_then_blocked,f5a5fd42d16a20302798ef6ed309979b43003d2320d9f0e8ea9831a92759fb4b,256,245,64,True,True,,,,3,False,2589387738,ok,,[],245,0,with_replacement,0.0,0.0,0.0,0.0,0.015437374619565042,0.95,wilson_score,0.067541,0.007333,0.074916,0.074916,193,54,measured-0054,1,qiskit_then_mc,20260802,3841747339,measured,,,,,,,,,,,,,,,,,
1.0,actual_runtime_and_circuit_metrics,classical_monte_carlo,Python table MC,56,64,0.875,contiguous_prefix_visible_then_blocked,3c2388fcb014d41bb64b30937ecf31fd7ffb7b9790d03bc63ad567d3c56e6f33,64,35,64,True,False,,,,1,False,1680727733,ok,,[],35,29,with_replacement,0.8285714285714286,-0.046428571428571375,0.046428571428571375,0.6731771770095505,0.9189735994629842,0.95,wilson_score,0.015667,0.001583,0.017292,0.017292,194,55,measured-0055,0,mc_then_qiskit,20260802,3841747339,measured,,,,,,,,,,,,,,,,,
1.0,actual_runtime_and_circuit_metrics,qiskit_statevector_mlae,Qiskit StatevectorSampler finite-shot CPU simulation of synthesized circuits; not a QPU,56,64,0.875,contiguous_prefix_visible_then_blocked,3c2388fcb014d41bb64b30937ecf31fd7ffb7b9790d03bc63ad567d3c56e6f33,64,35,64,True,False,"[0,1,2,4,8]",1,5,1,False,3278964647,ok,,[],,,,0.8833701974463886,0.008370197446388561,0.008370197446388561,0.18173707639717362,0.9592001536762365,0.95,qiskit_mlae_likelihood_ratio,10026.987875,99.88,10130.703208,11942.237,195,55,measured-0055,1,mc_then_qiskit,20260802,3841747339,measured,20,15,15,15,5,1,3.826667,0.005208,1811.5295,202724,308758,635190,635190,"[{""grover_power"":0,""max_transpiled_quantum_depth"":11828,""operation_counts_including_non_gates"":{""barrier"":1,""cx"":7616,""measure"":1,""u"":10390},""qubits"":7,""transpiled_quantum_gate_count"":18006},{""grover_power"":1,""max_transpiled_quantum_depth"":35690,""operation_counts_including_non_gates"":{""barrier"":1,""cx"":22984,""measure"":1,""u"":31366},""qubits"":7,""transpiled_quantum_gate_count"":54350},{""grover_power"":2,""max_transpiled_quantum_depth"":59552,""operation_counts_including_non_gates"":{""barrier"":1,""cx"":38352,""measure"":1,""u"":52342},""qubits"":7,""transpiled_quantum_gate_count"":90694},{""grover_power"":4,""max_transpiled_quantum_depth"":107276,""operation_counts_including_non_gates"":{""barrier"":1,""cx"":69088,""measure"":1,""u"":94294},""qubits"":7,""transpiled_quantum_gate_count"":163382},{""grover_power"":8,""max_transpiled_quantum_depth"":202724,""operation_counts_including_non_gates"":{""barrier"":1,""cx"":130560,""measure"":1,""u"":178198},""qubits"":7,""transpiled_quantum_gate_count"":308758}]","[""u"",""cx""]",0,none; all-to-all analysis without a backend target or coupling map
1.0,actual_runtime_and_circuit_metrics,qiskit_statevector_mlae,Qiskit StatevectorSampler finite-shot CPU simulation of synthesized circuits; not a QPU,64,64,1.0,contiguous_prefix_visible_then_blocked,7c8975e1e60a5c8337f28edf8c33c3b180360b7279644a9bc1af3c51e6220bf5,512,490,64,True,True,"[0,1,2,4,8]",14,70,1,False,3163603449,ok,,"[""RuntimeWarning: divide by zero encountered in scalar divide""]",,,,1.0,0.0,0.0,0.9996669283306872,1.0,0.95,qiskit_mlae_likelihood_ratio,704.020583,100.554208,805.116042,825.493167,196,56,measured-0056,0,qiskit_then_mc,20260802,3841747339,measured,280,210,210,210,5,1,0.5315,0.005458,20.373667,1716,2775,5225,73150,"[{""grover_power"":0,""max_transpiled_quantum_depth"":1,""operation_counts_including_non_gates"":{""barrier"":1,""measure"":1,""u"":7},""qubits"":7,""transpiled_quantum_gate_count"":7},{""grover_power"":1,""max_transpiled_quantum_depth"":218,""operation_counts_including_non_gates"":{""barrier"":1,""cx"":136,""measure"":1,""u"":217},""qubits"":7,""transpiled_quantum_gate_count"":353},{""grover_power"":2,""max_transpiled_quantum_depth"":432,""operation_counts_including_non_gates"":{""barrier"":1,""cx"":272,""measure"":1,""u"":427},""qubits"":7,""transpiled_quantum_gate_count"":699},{""grover_power"":4,""max_transpiled_quantum_depth"":860,""operation_counts_including_non_gates"":{""barrier"":1,""cx"":544,""measure"":1,""u"":847},""qubits"":7,""transpiled_quantum_gate_count"":1391},{""grover_power"":8,""max_transpiled_quantum_depth"":1716,""operation_counts_including_non_gates"":{""barrier"":1,""cx"":1088,""measure"":1,""u"":1687},""qubits"":7,""transpiled_quantum_gate_count"":2775}]","[""u"",""cx""]",0,none; all-to-all analysis without a backend target or coupling map
1.0,actual_runtime_and_circuit_metrics,classical_monte_carlo,Python table MC,64,64,1.0,contiguous_prefix_visible_then_blocked,7c8975e1e60a5c8337f28edf8c33c3b180360b7279644a9bc1af3c51e6220bf5,512,490,64,True,True,,,,1,False,554207151,ok,,[],490,490,with_replacement,1.0,0.0,0.0,0.9922212711142809,1.0,0.95,wilson_score,0.120833,0.006375,0.127291,0.127291,197,56,measured-0056,1,qiskit_then_mc,20260802,3841747339,measured,,,,,,,,,,,,,,,,,
1.0,actual_runtime_and_circuit_metrics,classical_monte_carlo,Python table MC,1,64,0.015625,contiguous_prefix_visible_then_blocked,16abab341fb7f370e27e4dadcf81766dd0dfd0ae64469477bb2cf6614938b2af,32,18,64,False,False,,,,4,False,2363179968,ok,,[],18,0,with_replacement,0.0,-0.015625,0.015625,0.0,0.17587922364665756,0.95,wilson_score,0.011667,0.001916,0.013625,0.013625,198,57,measured-0057,0,mc_then_qiskit,20260802,3841747339,measured,,,,,,,,,,,,,,,,,
1.0,actual_runtime_and_circuit_metrics,qiskit_statevector_mlae,Qiskit StatevectorSampler finite-shot CPU simulation of synthesized circuits; not a QPU,1,64,0.015625,contiguous_prefix_visible_then_blocked,16abab341fb7f370e27e4dadcf81766dd0dfd0ae64469477bb2cf6614938b2af,32,18,64,False,False,"[0,1,2,4]",1,4,4,False,406423110,ok,,[],,,,0.01454290269833175,-0.00108209730166825,0.00108209730166825,0.0008775752718910155,0.8975660140795936,0.95,qiskit_mlae_likelihood_ratio,370.747292,39.537375,410.813917,438.514875,199,57,measured-0057,1,mc_then_qiskit,20260802,3841747339,measured,11,7,7,7,4,1,0.521083,0.004584,27.697041,2768,4325,8318,8318,"[{""grover_power"":0,""max_transpiled_quantum_depth"":216,""operation_counts_including_non_gates"":{""barrier"":1,""cx"":136,""measure"":1,""u"":197},""qubits"":7,""transpiled_quantum_gate_count"":333},{""grover_power"":1,""max_transpiled_quantum_depth"":854,""operation_counts_including_non_gates"":{""barrier"":1,""cx"":544,""measure"":1,""u"":787},""qubits"":7,""transpiled_quantum_gate_count"":1331},{""grover_power"":2,""max_transpiled_quantum_depth"":1492,""operation_counts_including_non_gates"":{""barrier"":1,""cx"":952,""measure"":1,""u"":1377},""qubits"":7,""transpiled_quantum_gate_count"":2329},{""grover_power"":4,""max_transpiled_quantum_depth"":2768,""operation_counts_including_non_gates"":{""barrier"":1,""cx"":1768,""measure"":1,""u"":2557},""qubits"":7,""transpiled_quantum_gate_count"":4325}]","[""u"",""cx""]",0,none; all-to-all analysis without a backend target or coupling map
1.0,actual_runtime_and_circuit_metrics,qiskit_statevector_mlae,Qiskit StatevectorSampler finite-shot CPU simulation of synthesized circuits; not a QPU,0,64,0.0,contiguous_prefix_visible_then_blocked,f5a5fd42d16a20302798ef6ed309979b43003d2320d9f0e8ea9831a92759fb4b,512,490,64,True,True,"[0,1,2,4,8]",14,70,2,False,2207712793,ok,,[],,,,1e-30,1e-30,1e-30,1e-30,0.00033307166931279903,0.95,qiskit_mlae_likelihood_ratio,688.9335,101.369042,790.710667,809.736292,200,58,measured-0058,0,qiskit_then_mc,20260802,3841747339,measured,280,210,210,210,5,1,0.399083,0.004667,19.021917,1716,2758,5190,72660,"[{""grover_power"":0,""max_transpiled_quantum_depth"":1,""operation_counts_including_non_gates"":{""barrier"":1,""measure"":1,""u"":6},""qubits"":7,""transpiled_quantum_gate_count"":6},{""grover_power"":1,""max_transpiled_quantum_depth"":218,""operation_counts_including_non_gates"":{""barrier"":1,""cx"":136,""measure"":1,""u"":214},""qubits"":7,""transpiled_quantum_gate_count"":350},{""grover_power"":2,""max_transpiled_quantum_depth"":432,""operation_counts_including_non_gates"":{""barrier"":1,""cx"":272,""measure"":1,""u"":422},""qubits"":7,""transpiled_quantum_gate_count"":694},{""grover_power"":4,""max_transpiled_quantum_depth"":860,""operation_counts_including_non_gates"":{""barrier"":1,""cx"":544,""measure"":1,""u"":838},""qubits"":7,""transpiled_quantum_gate_count"":1382},{""grover_power"":8,""max_transpiled_quantum_depth"":1716,""operation_counts_including_non_gates"":{""barrier"":1,""cx"":1088,""measure"":1,""u"":1670},""qubits"":7,""transpiled_quantum_gate_count"":2758}]","[""u"",""cx""]",0,none; all-to-all analysis without a backend target or coupling map
1.0,actual_runtime_and_circuit_metrics,classical_monte_carlo,Python table MC,0,64,0.0,contiguous_prefix_visible_then_blocked,f5a5fd42d16a20302798ef6ed309979b43003d2320d9f0e8ea9831a92759fb4b,512,490,64,True,True,,,,2,False,1729964411,ok,,[],490,0,with_replacement,0.0,0.0,0.0,0.0,0.007778728885718958,0.95,wilson_score,0.123833,0.008041,0.131916,0.131916,201,58,measured-0058,1,qiskit_then_mc,20260802,3841747339,measured,,,,,,,,,,,,,,,,,
1.0,actual_runtime_and_circuit_metrics,classical_monte_carlo,Python table MC,63,64,0.984375,contiguous_prefix_visible_then_blocked,4a22bb45b68e2388bce472d38b49adb1bb6b08e220e9edede71b70cc62ad2db2,128,105,64,True,True,,,,2,False,3879000985,ok,,[],105,104,with_replacement,0.9904761904761905,0.00610119047619051,0.00610119047619051,0.9480137413881103,0.9983168307671438,0.95,wilson_score,0.0315,0.001875,0.033416,0.033416,202,59,measured-0059,0,mc_then_qiskit,20260802,3841747339,measured,,,,,,,,,,,,,,,,,
1.0,actual_runtime_and_circuit_metrics,qiskit_statevector_mlae,Qiskit StatevectorSampler finite-shot CPU simulation of synthesized circuits; not a QPU,63,64,0.984375,contiguous_prefix_visible_then_blocked,4a22bb45b68e2388bce472d38b49adb1bb6b08e220e9edede71b70cc62ad2db2,128,105,64,True,True,"[0,1,2,4,8]",3,15,2,False,4033900616,ok,,[],,,,0.9842212434975435,-0.00015375650245652572,0.00015375650245652572,0.9367293187773749,0.9895544806084573,0.95,qiskit_mlae_likelihood_ratio,10948.354125,101.084,11054.414917,13324.711167,203,59,measured-0059,1,mc_then_qiskit,20260802,3841747339,measured,60,45,45,45,5,1,4.96425,0.005625,2270.291917,227715,346651,713205,2139615,"[{""grover_power"":0,""max_transpiled_quantum_depth"":13299,""operation_counts_including_non_gates"":{""barrier"":1,""cx"":8568,""measure"":1,""u"":11667},""qubits"":7,""transpiled_quantum_gate_count"":20235},{""grover_power"":1,""max_transpiled_quantum_depth"":40101,""operation_counts_including_non_gates"":{""barrier"":1,""cx"":25840,""measure"":1,""u"":35197},""qubits"":7,""transpiled_quantum_gate_count"":61037},{""grover_power"":2,""max_transpiled_quantum_depth"":66903,""operation_counts_including_non_gates"":{""barrier"":1,""cx"":43112,""measure"":1,""u"":58727},""qubits"":7,""transpiled_quantum_gate_count"":101839},{""grover_power"":4,""max_transpiled_quantum_depth"":120507,""operation_counts_including_non_gates"":{""barrier"":1,""cx"":77656,""measure"":1,""u"":105787},""qubits"":7,""transpiled_quantum_gate_count"":183443},{""grover_power"":8,""max_transpiled_quantum_depth"":227715,""operation_counts_including_non_gates"":{""barrier"":1,""cx"":146744,""measure"":1,""u"":199907},""qubits"":7,""transpiled_quantum_gate_count"":346651}]","[""u"",""cx""]",0,none; all-to-all analysis without a backend target or coupling map
1.0,actual_runtime_and_circuit_metrics,qiskit_statevector_mlae,Qiskit StatevectorSampler finite-shot CPU simulation of synthesized circuits; not a QPU,63,64,0.984375,contiguous_prefix_visible_then_blocked,4a22bb45b68e2388bce472d38b49adb1bb6b08e220e9edede71b70cc62ad2db2,32,18,64,False,False,"[0,1,2,4]",1,4,4,False,3061702579,ok,,[],,,,0.796106209082595,-0.188268790917405,0.188268790917405,0.3702986791676277,0.9830302557663613,0.95,qiskit_mlae_likelihood_ratio,5620.819041,41.035417,5670.11475,6723.615875,204,60,measured-0060,0,qiskit_then_mc,20260802,3841747339,measured,11,7,7,7,4,1,8.242292,0.008584,1053.497667,120507,183443,366554,366554,"[{""grover_power"":0,""max_transpiled_quantum_depth"":13299,""operation_counts_including_non_gates"":{""barrier"":1,""cx"":8568,""measure"":1,""u"":11667},""qubits"":7,""transpiled_quantum_gate_count"":20235},{""grover_power"":1,""max_transpiled_quantum_depth"":40101,""operation_counts_including_non_gates"":{""barrier"":1,""cx"":25840,""measure"":1,""u"":35197},""qubits"":7,""transpiled_quantum_gate_count"":61037},{""grover_power"":2,""max_transpiled_quantum_depth"":66903,""operation_counts_including_non_gates"":{""barrier"":1,""cx"":43112,""measure"":1,""u"":58727},""qubits"":7,""transpiled_quantum_gate_count"":101839},{""grover_power"":4,""max_transpiled_quantum_depth"":120507,""operation_counts_including_non_gates"":{""barrier"":1,""cx"":77656,""measure"":1,""u"":105787},""qubits"":7,""transpiled_quantum_gate_count"":183443}]","[""u"",""cx""]",0,none; all-to-all analysis without a backend target or coupling map
1.0,actual_runtime_and_circuit_metrics,classical_monte_carlo,Python table MC,63,64,0.984375,contiguous_prefix_visible_then_blocked,4a22bb45b68e2388bce472d38b49adb1bb6b08e220e9edede71b70cc62ad2db2,32,18,64,False,False,,,,4,False,3738730127,ok,,[],18,18,with_replacement,1.0,0.015625,0.015625,0.8241207763533426,1.0,0.95,wilson_score,0.022792,0.00675,0.029625,0.029625,205,60,measured-0060,1,qiskit_then_mc,20260802,3841747339,measured,,,,,,,,,,,,,,,,,
1.0,actual_runtime_and_circuit_metrics,classical_monte_carlo,Python table MC,63,64,0.984375,contiguous_prefix_visible_then_blocked,4a22bb45b68e2388bce472d38b49adb1bb6b08e220e9edede71b70cc62ad2db2,1024,1015,64,True,True,,,,4,False,1341860006,ok,,[],1015,1000,with_replacement,0.9852216748768473,0.0008466748768473087,0.0008466748768473087,0.9757604073024171,0.9910239647628252,0.95,wilson_score,0.229333,0.001875,0.231292,0.231292,206,61,measured-0061,0,mc_then_qiskit,20260802,3841747339,measured,,,,,,,,,,,,,,,,,
1.0,actual_runtime_and_circuit_metrics,qiskit_statevector_mlae,Qiskit StatevectorSampler finite-shot CPU simulation of synthesized circuits; not a QPU,63,64,0.984375,contiguous_prefix_visible_then_blocked,4a22bb45b68e2388bce472d38b49adb1bb6b08e220e9edede71b70cc62ad2db2,1024,1015,64,True,True,"[0,1,2,4,8]",29,145,4,False,3827242030,ok,,[],,,,0.9846544715499028,0.0002794715499028211,0.0002794715499028211,0.9824782993181006,0.9866023984569484,0.95,qiskit_mlae_likelihood_ratio,11215.654,99.472292,11319.432,13355.8985,207,61,measured-0061,1,mc_then_qiskit,20260802,3841747339,measured,580,435,435,435,5,1,4.297083,0.005042,2036.463042,227715,346651,713205,20682945,"[{""grover_power"":0,""max_transpiled_quantum_depth"":13299,""operation_counts_including_non_gates"":{""barrier"":1,""cx"":8568,""measure"":1,""u"":11667},""qubits"":7,""transpiled_quantum_gate_count"":20235},{""grover_power"":1,""max_transpiled_quantum_depth"":40101,""operation_counts_including_non_gates"":{""barrier"":1,""cx"":25840,""measure"":1,""u"":35197},""qubits"":7,""transpiled_quantum_gate_count"":61037},{""grover_power"":2,""max_transpiled_quantum_depth"":66903,""operation_counts_including_non_gates"":{""barrier"":1,""cx"":43112,""measure"":1,""u"":58727},""qubits"":7,""transpiled_quantum_gate_count"":101839},{""grover_power"":4,""max_transpiled_quantum_depth"":120507,""operation_counts_including_non_gates"":{""barrier"":1,""cx"":77656,""measure"":1,""u"":105787},""qubits"":7,""transpiled_quantum_gate_count"":183443},{""grover_power"":8,""max_transpiled_quantum_depth"":227715,""operation_counts_including_non_gates"":{""barrier"":1,""cx"":146744,""measure"":1,""u"":199907},""qubits"":7,""transpiled_quantum_gate_count"":346651}]","[""u"",""cx""]",0,none; all-to-all analysis without a backend target or coupling map
1.0,actual_runtime_and_circuit_metrics,qiskit_statevector_mlae,Qiskit StatevectorSampler finite-shot CPU simulation of synthesized circuits; not a QPU,32,64,0.5,contiguous_prefix_visible_then_blocked,037d6dfb3a369a41e01100fdd53c35ee3fb69ddec5830d61e1138d066a4c2285,128,105,64,True,True,"[0,1,2,4,8]",3,15,0,False,2550234799,ok,,[],,,,1e-30,-0.5,0.5,1e-30,0.0014865352991439325,0.95,qiskit_mlae_likelihood_ratio,5945.845583,100.224209,6048.675917,7091.846042,208,62,measured-0062,0,qiskit_then_mc,20260802,3841747339,measured,60,45,45,45,5,1,2.597167,0.005417,1043.163625,117044,177926,365830,1097490,"[{""grover_power"":0,""max_transpiled_quantum_depth"":6788,""operation_counts_including_non_gates"":{""barrier"":1,""cx"":4352,""measure"":1,""u"":5958},""qubits"":7,""transpiled_quantum_gate_count"":10310},{""grover_power"":1,""max_transpiled_quantum_depth"":20570,""operation_counts_including_non_gates"":{""barrier"":1,""cx"":13192,""measure"":1,""u"":18070},""qubits"":7,""transpiled_quantum_gate_count"":31262},{""grover_power"":2,""max_transpiled_quantum_depth"":34352,""operation_counts_including_non_gates"":{""barrier"":1,""cx"":22032,""measure"":1,""u"":30182},""qubits"":7,""transpiled_quantum_gate_count"":52214},{""grover_power"":4,""max_transpiled_quantum_depth"":61916,""operation_counts_including_non_gates"":{""barrier"":1,""cx"":39712,""measure"":1,""u"":54406},""qubits"":7,""transpiled_quantum_gate_count"":94118},{""grover_power"":8,""max_transpiled_quantum_depth"":117044,""operation_counts_including_non_gates"":{""barrier"":1,""cx"":75072,""measure"":1,""u"":102854},""qubits"":7,""transpiled_quantum_gate_count"":177926}]","[""u"",""cx""]",0,none; all-to-all analysis without a backend target or coupling map
1.0,actual_runtime_and_circuit_metrics,classical_monte_carlo,Python table MC,32,64,0.5,contiguous_prefix_visible_then_blocked,037d6dfb3a369a41e01100fdd53c35ee3fb69ddec5830d61e1138d066a4c2285,128,105,64,True,True,,,,0,False,2629177667,ok,,[],105,56,with_replacement,0.5333333333333333,0.033333333333333326,0.033333333333333326,0.4384248649180047,0.6258888632867212,0.95,wilson_score,0.039417,0.006709,0.046167,0.046167,209,62,measured-0062,1,qiskit_then_mc,20260802,3841747339,measured,,,,,,,,,,,,,,,,,
1.0,actual_runtime_and_circuit_metrics,classical_monte_carlo,Python table MC,32,64,0.5,contiguous_prefix_visible_then_blocked,037d6dfb3a369a41e01100fdd53c35ee3fb69ddec5830d61e1138d066a4c2285,128,105,64,True,True,,,,2,False,420329087,ok,,[],105,60,with_replacement,0.5714285714285714,0.0714285714285714,0.0714285714285714,0.4759032494751175,0.6619118823921526,0.95,wilson_score,0.029583,0.00175,0.031375,0.031375,210,63,measured-0063,0,mc_then_qiskit,20260802,3841747339,measured,,,,,,,,,,,,,,,,,
1.0,actual_runtime_and_circuit_metrics,qiskit_statevector_mlae,Qiskit StatevectorSampler finite-shot CPU simulation of synthesized circuits; not a QPU,32,64,0.5,contiguous_prefix_visible_then_blocked,037d6dfb3a369a41e01100fdd53c35ee3fb69ddec5830d61e1138d066a4c2285,128,105,64,True,True,"[0,1,2,4,8]",3,15,2,False,885126640,ok,,[],,,,0.48790659149346066,-0.012093408506539338,0.012093408506539338,0.463872753944933,0.5157172494974035,0.95,qiskit_mlae_likelihood_ratio,5918.272292,101.340709,6022.28625,7057.813541,211,63,measured-0063,1,mc_then_qiskit,20260802,3841747339,measured,60,45,45,45,5,1,2.663917,0.005625,1035.52275,117044,177926,365830,1097490,"[{""grover_power"":0,""max_transpiled_quantum_depth"":6788,""operation_counts_including_non_gates"":{""barrier"":1,""cx"":4352,""measure"":1,""u"":5958},""qubits"":7,""transpiled_quantum_gate_count"":10310},{""grover_power"":1,""max_transpiled_quantum_depth"":20570,""operation_counts_including_non_gates"":{""barrier"":1,""cx"":13192,""measure"":1,""u"":18070},""qubits"":7,""transpiled_quantum_gate_count"":31262},{""grover_power"":2,""max_transpiled_quantum_depth"":34352,""operation_counts_including_non_gates"":{""barrier"":1,""cx"":22032,""measure"":1,""u"":30182},""qubits"":7,""transpiled_quantum_gate_count"":52214},{""grover_power"":4,""max_transpiled_quantum_depth"":61916,""operation_counts_including_non_gates"":{""barrier"":1,""cx"":39712,""measure"":1,""u"":54406},""qubits"":7,""transpiled_quantum_gate_count"":94118},{""grover_power"":8,""max_transpiled_quantum_depth"":117044,""operation_counts_including_non_gates"":{""barrier"":1,""cx"":75072,""measure"":1,""u"":102854},""qubits"":7,""transpiled_quantum_gate_count"":177926}]","[""u"",""cx""]",0,none; all-to-all analysis without a backend target or coupling map
1.0,actual_runtime_and_circuit_metrics,qiskit_statevector_mlae,Qiskit StatevectorSampler finite-shot CPU simulation of synthesized circuits; not a QPU,0,64,0.0,contiguous_prefix_visible_then_blocked,f5a5fd42d16a20302798ef6ed309979b43003d2320d9f0e8ea9831a92759fb4b,64,35,64,True,False,"[0,1,2,4,8]",1,5,3,False,3417236660,ok,,[],,,,1e-30,1e-30,1e-30,1e-30,0.00390950341710986,0.95,qiskit_mlae_likelihood_ratio,689.938,105.541,795.894375,814.331417,212,64,measured-0064,0,qiskit_then_mc,20260802,3841747339,measured,20,15,15,15,5,1,0.4055,0.005625,18.433042,1716,2758,5190,5190,"[{""grover_power"":0,""max_transpiled_quantum_depth"":1,""operation_counts_including_non_gates"":{""barrier"":1,""measure"":1,""u"":6},""qubits"":7,""transpiled_quantum_gate_count"":6},{""grover_power"":1,""max_transpiled_quantum_depth"":218,""operation_counts_including_non_gates"":{""barrier"":1,""cx"":136,""measure"":1,""u"":214},""qubits"":7,""transpiled_quantum_gate_count"":350},{""grover_power"":2,""max_transpiled_quantum_depth"":432,""operation_counts_including_non_gates"":{""barrier"":1,""cx"":272,""measure"":1,""u"":422},""qubits"":7,""transpiled_quantum_gate_count"":694},{""grover_power"":4,""max_transpiled_quantum_depth"":860,""operation_counts_including_non_gates"":{""barrier"":1,""cx"":544,""measure"":1,""u"":838},""qubits"":7,""transpiled_quantum_gate_count"":1382},{""grover_power"":8,""max_transpiled_quantum_depth"":1716,""operation_counts_including_non_gates"":{""barrier"":1,""cx"":1088,""measure"":1,""u"":1670},""qubits"":7,""transpiled_quantum_gate_count"":2758}]","[""u"",""cx""]",0,none; all-to-all analysis without a backend target or coupling map
1.0,actual_runtime_and_circuit_metrics,classical_monte_carlo,Python table MC,0,64,0.0,contiguous_prefix_visible_then_blocked,f5a5fd42d16a20302798ef6ed309979b43003d2320d9f0e8ea9831a92759fb4b,64,35,64,True,False,,,,3,False,3830010780,ok,,[],35,0,with_replacement,0.0,0.0,0.0,0.0,0.09890099232440398,0.95,wilson_score,0.0235,0.006375,0.029916,0.029916,213,64,measured-0064,1,qiskit_then_mc,20260802,3841747339,measured,,,,,,,,,,,,,,,,,
1.0,actual_runtime_and_circuit_metrics,classical_monte_carlo,Python table MC,64,64,1.0,contiguous_prefix_visible_then_blocked,7c8975e1e60a5c8337f28edf8c33c3b180360b7279644a9bc1af3c51e6220bf5,64,35,64,True,False,,,,1,False,2601438710,ok,,[],35,35,with_replacement,1.0,0.0,0.0,0.9010990076755961,1.0,0.95,wilson_score,0.015792,0.001583,0.017458,0.017458,214,65,measured-0065,0,mc_then_qiskit,20260802,3841747339,measured,,,,,,,,,,,,,,,,,
1.0,actual_runtime_and_circuit_metrics,qiskit_statevector_mlae,Qiskit StatevectorSampler finite-shot CPU simulation of synthesized circuits; not a QPU,64,64,1.0,contiguous_prefix_visible_then_blocked,7c8975e1e60a5c8337f28edf8c33c3b180360b7279644a9bc1af3c51e6220bf5,64,35,64,True,False,"[0,1,2,4,8]",1,5,1,False,2665262074,ok,,"[""RuntimeWarning: divide by zero encountered in scalar divide""]",,,,1.0,0.0,0.0,0.9960904965828902,1.0,0.95,qiskit_mlae_likelihood_ratio,695.9695,101.473541,797.890958,818.844208,215,65,measured-0065,1,mc_then_qiskit,20260802,3841747339,measured,20,15,15,15,5,1,0.439125,0.004833,20.950291,1716,2775,5225,5225,"[{""grover_power"":0,""max_transpiled_quantum_depth"":1,""operation_counts_including_non_gates"":{""barrier"":1,""measure"":1,""u"":7},""qubits"":7,""transpiled_quantum_gate_count"":7},{""grover_power"":1,""max_transpiled_quantum_depth"":218,""operation_counts_including_non_gates"":{""barrier"":1,""cx"":136,""measure"":1,""u"":217},""qubits"":7,""transpiled_quantum_gate_count"":353},{""grover_power"":2,""max_transpiled_quantum_depth"":432,""operation_counts_including_non_gates"":{""barrier"":1,""cx"":272,""measure"":1,""u"":427},""qubits"":7,""transpiled_quantum_gate_count"":699},{""grover_power"":4,""max_transpiled_quantum_depth"":860,""operation_counts_including_non_gates"":{""barrier"":1,""cx"":544,""measure"":1,""u"":847},""qubits"":7,""transpiled_quantum_gate_count"":1391},{""grover_power"":8,""max_transpiled_quantum_depth"":1716,""operation_counts_including_non_gates"":{""barrier"":1,""cx"":1088,""measure"":1,""u"":1687},""qubits"":7,""transpiled_quantum_gate_count"":2775}]","[""u"",""cx""]",0,none; all-to-all analysis without a backend target or coupling map
1.0,actual_runtime_and_circuit_metrics,qiskit_statevector_mlae,Qiskit StatevectorSampler finite-shot CPU simulation of synthesized circuits; not a QPU,64,64,1.0,contiguous_prefix_visible_then_blocked,7c8975e1e60a5c8337f28edf8c33c3b180360b7279644a9bc1af3c51e6220bf5,1024,1015,64,True,True,"[0,1,2,4,8]",29,145,4,False,761069604,ok,,"[""RuntimeWarning: divide by zero encountered in scalar divide""]",,,,1.0,0.0,0.0,0.9998390136762528,1.0,0.95,qiskit_mlae_likelihood_ratio,926.10925,100.308666,1026.92425,1046.732917,216,66,measured-0066,0,qiskit_then_mc,20260802,3841747339,measured,580,435,435,435,5,1,0.497291,0.005208,19.805667,1716,2775,5225,151525,"[{""grover_power"":0,""max_transpiled_quantum_depth"":1,""operation_counts_including_non_gates"":{""barrier"":1,""measure"":1,""u"":7},""qubits"":7,""transpiled_quantum_gate_count"":7},{""grover_power"":1,""max_transpiled_quantum_depth"":218,""operation_counts_including_non_gates"":{""barrier"":1,""cx"":136,""measure"":1,""u"":217},""qubits"":7,""transpiled_quantum_gate_count"":353},{""grover_power"":2,""max_transpiled_quantum_depth"":432,""operation_counts_including_non_gates"":{""barrier"":1,""cx"":272,""measure"":1,""u"":427},""qubits"":7,""transpiled_quantum_gate_count"":699},{""grover_power"":4,""max_transpiled_quantum_depth"":860,""operation_counts_including_non_gates"":{""barrier"":1,""cx"":544,""measure"":1,""u"":847},""qubits"":7,""transpiled_quantum_gate_count"":1391},{""grover_power"":8,""max_transpiled_quantum_depth"":1716,""operation_counts_including_non_gates"":{""barrier"":1,""cx"":1088,""measure"":1,""u"":1687},""qubits"":7,""transpiled_quantum_gate_count"":2775}]","[""u"",""cx""]",0,none; all-to-all analysis without a backend target or coupling map
1.0,actual_runtime_and_circuit_metrics,classical_monte_carlo,Python table MC,64,64,1.0,contiguous_prefix_visible_then_blocked,7c8975e1e60a5c8337f28edf8c33c3b180360b7279644a9bc1af3c51e6220bf5,1024,1015,64,True,True,,,,4,False,993287238,ok,,[],1015,1015,with_replacement,1.0,0.0,0.0,0.9962295813667217,1.0,0.95,wilson_score,0.228334,0.006333,0.23475,0.23475,217,66,measured-0066,1,qiskit_then_mc,20260802,3841747339,measured,,,,,,,,,,,,,,,,,
1.0,actual_runtime_and_circuit_metrics,classical_monte_carlo,Python table MC,32,64,0.5,contiguous_prefix_visible_then_blocked,037d6dfb3a369a41e01100fdd53c35ee3fb69ddec5830d61e1138d066a4c2285,1024,1015,64,True,True,,,,0,False,2527453782,ok,,[],1015,470,with_replacement,0.4630541871921182,-0.036945812807881784,0.036945812807881784,0.43257523454017877,0.4938117422061227,0.95,wilson_score,0.222292,0.001375,0.223709,0.223709,218,67,measured-0067,0,mc_then_qiskit,20260802,3841747339,measured,,,,,,,,,,,,,,,,,
1.0,actual_runtime_and_circuit_metrics,qiskit_statevector_mlae,Qiskit StatevectorSampler finite-shot CPU simulation of synthesized circuits; not a QPU,32,64,0.5,contiguous_prefix_visible_then_blocked,037d6dfb3a369a41e01100fdd53c35ee3fb69ddec5830d61e1138d066a4c2285,1024,1015,64,True,True,"[0,1,2,4,8]",29,145,0,False,237946747,ok,,[],,,,0.49128108784353053,-0.008718912156469472,0.008718912156469472,0.4825335939905999,0.5003437737900083,0.95,qiskit_mlae_likelihood_ratio,5910.372375,100.051834,6013.057625,7050.019833,219,67,measured-0067,1,mc_then_qiskit,20260802,3841747339,measured,580,435,435,435,5,1,2.624417,0.005209,1036.958542,117044,177926,365830,10609070,"[{""grover_power"":0,""max_transpiled_quantum_depth"":6788,""operation_counts_including_non_gates"":{""barrier"":1,""cx"":4352,""measure"":1,""u"":5958},""qubits"":7,""transpiled_quantum_gate_count"":10310},{""grover_power"":1,""max_transpiled_quantum_depth"":20570,""operation_counts_including_non_gates"":{""barrier"":1,""cx"":13192,""measure"":1,""u"":18070},""qubits"":7,""transpiled_quantum_gate_count"":31262},{""grover_power"":2,""max_transpiled_quantum_depth"":34352,""operation_counts_including_non_gates"":{""barrier"":1,""cx"":22032,""measure"":1,""u"":30182},""qubits"":7,""transpiled_quantum_gate_count"":52214},{""grover_power"":4,""max_transpiled_quantum_depth"":61916,""operation_counts_including_non_gates"":{""barrier"":1,""cx"":39712,""measure"":1,""u"":54406},""qubits"":7,""transpiled_quantum_gate_count"":94118},{""grover_power"":8,""max_transpiled_quantum_depth"":117044,""operation_counts_including_non_gates"":{""barrier"":1,""cx"":75072,""measure"":1,""u"":102854},""qubits"":7,""transpiled_quantum_gate_count"":177926}]","[""u"",""cx""]",0,none; all-to-all analysis without a backend target or coupling map
1.0,actual_runtime_and_circuit_metrics,qiskit_statevector_mlae,Qiskit StatevectorSampler finite-shot CPU simulation of synthesized circuits; not a QPU,63,64,0.984375,contiguous_prefix_visible_then_blocked,4a22bb45b68e2388bce472d38b49adb1bb6b08e220e9edede71b70cc62ad2db2,32,18,64,False,False,"[0,1,2,4]",1,4,0,False,353808028,ok,,[],,,,0.9854570973016683,0.0010820973016683055,0.0010820973016683055,0.10243398592040628,0.9991224247281091,0.95,qiskit_mlae_likelihood_ratio,5557.244584,41.364459,5603.028417,6648.335583,220,68,measured-0068,0,qiskit_then_mc,20260802,3841747339,measured,11,7,7,7,4,1,4.409667,0.005667,1045.303625,120507,183443,366554,366554,"[{""grover_power"":0,""max_transpiled_quantum_depth"":13299,""operation_counts_including_non_gates"":{""barrier"":1,""cx"":8568,""measure"":1,""u"":11667},""qubits"":7,""transpiled_quantum_gate_count"":20235},{""grover_power"":1,""max_transpiled_quantum_depth"":40101,""operation_counts_including_non_gates"":{""barrier"":1,""cx"":25840,""measure"":1,""u"":35197},""qubits"":7,""transpiled_quantum_gate_count"":61037},{""grover_power"":2,""max_transpiled_quantum_depth"":66903,""operation_counts_including_non_gates"":{""barrier"":1,""cx"":43112,""measure"":1,""u"":58727},""qubits"":7,""transpiled_quantum_gate_count"":101839},{""grover_power"":4,""max_transpiled_quantum_depth"":120507,""operation_counts_including_non_gates"":{""barrier"":1,""cx"":77656,""measure"":1,""u"":105787},""qubits"":7,""transpiled_quantum_gate_count"":183443}]","[""u"",""cx""]",0,none; all-to-all analysis without a backend target or coupling map
1.0,actual_runtime_and_circuit_metrics,classical_monte_carlo,Python table MC,63,64,0.984375,contiguous_prefix_visible_then_blocked,4a22bb45b68e2388bce472d38b49adb1bb6b08e220e9edede71b70cc62ad2db2,32,18,64,False,False,,,,0,False,2123618239,ok,,[],18,17,with_replacement,0.9444444444444444,-0.03993055555555558,0.03993055555555558,0.7424269921812743,0.990124809021697,0.95,wilson_score,0.02375,0.006666,0.030458,0.030458,221,68,measured-0068,1,qiskit_then_mc,20260802,3841747339,measured,,,,,,,,,,,,,,,,,
1.0,actual_runtime_and_circuit_metrics,classical_monte_carlo,Python table MC,0,64,0.0,contiguous_prefix_visible_then_blocked,f5a5fd42d16a20302798ef6ed309979b43003d2320d9f0e8ea9831a92759fb4b,256,245,64,True,True,,,,2,False,3165613163,ok,,[],245,0,with_replacement,0.0,0.0,0.0,0.0,0.015437374619565042,0.95,wilson_score,0.062,0.001958,0.064,0.064,222,69,measured-0069,0,mc_then_qiskit,20260802,3841747339,measured,,,,,,,,,,,,,,,,,
1.0,actual_runtime_and_circuit_metrics,qiskit_statevector_mlae,Qiskit StatevectorSampler finite-shot CPU simulation of synthesized circuits; not a QPU,0,64,0.0,contiguous_prefix_visible_then_blocked,f5a5fd42d16a20302798ef6ed309979b43003d2320d9f0e8ea9831a92759fb4b,256,245,64,True,True,"[0,1,2,4,8]",7,35,2,False,447132462,ok,,[],,,,1e-30,1e-30,1e-30,1e-30,0.0006597939355153962,0.95,qiskit_mlae_likelihood_ratio,695.456542,100.937625,796.831333,814.933792,223,69,measured-0069,1,mc_then_qiskit,20260802,3841747339,measured,140,105,105,105,5,1,0.427708,0.005459,18.09625,1716,2758,5190,36330,"[{""grover_power"":0,""max_transpiled_quantum_depth"":1,""operation_counts_including_non_gates"":{""barrier"":1,""measure"":1,""u"":6},""qubits"":7,""transpiled_quantum_gate_count"":6},{""grover_power"":1,""max_transpiled_quantum_depth"":218,""operation_counts_including_non_gates"":{""barrier"":1,""cx"":136,""measure"":1,""u"":214},""qubits"":7,""transpiled_quantum_gate_count"":350},{""grover_power"":2,""max_transpiled_quantum_depth"":432,""operation_counts_including_non_gates"":{""barrier"":1,""cx"":272,""measure"":1,""u"":422},""qubits"":7,""transpiled_quantum_gate_count"":694},{""grover_power"":4,""max_transpiled_quantum_depth"":860,""operation_counts_including_non_gates"":{""barrier"":1,""cx"":544,""measure"":1,""u"":838},""qubits"":7,""transpiled_quantum_gate_count"":1382},{""grover_power"":8,""max_transpiled_quantum_depth"":1716,""operation_counts_including_non_gates"":{""barrier"":1,""cx"":1088,""measure"":1,""u"":1670},""qubits"":7,""transpiled_quantum_gate_count"":2758}]","[""u"",""cx""]",0,none; all-to-all analysis without a backend target or coupling map
1.0,actual_runtime_and_circuit_metrics,qiskit_statevector_mlae,Qiskit StatevectorSampler finite-shot CPU simulation of synthesized circuits; not a QPU,8,64,0.125,contiguous_prefix_visible_then_blocked,407b84e032b28972b59fe5732c4e37776624a39308e563a5604359ca2b16ec23,32,18,64,False,False,"[0,1,2,4]",1,4,1,False,2997887332,ok,,[],,,,0.08933742034942527,-0.03566257965057473,0.03566257965057473,0.0020806501500250556,0.8119403411361432,0.95,qiskit_mlae_likelihood_ratio,963.353333,40.430959,1004.746125,1147.656458,224,70,measured-0070,0,qiskit_then_mc,20260802,3841747339,measured,11,7,7,7,4,1,0.953333,0.004625,142.907292,16124,24710,49088,49088,"[{""grover_power"":0,""max_transpiled_quantum_depth"":1700,""operation_counts_including_non_gates"":{""barrier"":1,""cx"":1088,""measure"":1,""u"":1510},""qubits"":7,""transpiled_quantum_gate_count"":2598},{""grover_power"":1,""max_transpiled_quantum_depth"":5306,""operation_counts_including_non_gates"":{""barrier"":1,""cx"":3400,""measure"":1,""u"":4726},""qubits"":7,""transpiled_quantum_gate_count"":8126},{""grover_power"":2,""max_transpiled_quantum_depth"":8912,""operation_counts_including_non_gates"":{""barrier"":1,""cx"":5712,""measure"":1,""u"":7942},""qubits"":7,""transpiled_quantum_gate_count"":13654},{""grover_power"":4,""max_transpiled_quantum_depth"":16124,""operation_counts_including_non_gates"":{""barrier"":1,""cx"":10336,""measure"":1,""u"":14374},""qubits"":7,""transpiled_quantum_gate_count"":24710}]","[""u"",""cx""]",0,none; all-to-all analysis without a backend target or coupling map
1.0,actual_runtime_and_circuit_metrics,classical_monte_carlo,Python table MC,8,64,0.125,contiguous_prefix_visible_then_blocked,407b84e032b28972b59fe5732c4e37776624a39308e563a5604359ca2b16ec23,32,18,64,False,False,,,,1,False,2972838010,ok,,[],18,3,with_replacement,0.16666666666666666,0.04166666666666666,0.04166666666666666,0.05836576805861446,0.39222038103915724,0.95,wilson_score,0.022125,0.006792,0.028959,0.028959,225,70,measured-0070,1,qiskit_then_mc,20260802,3841747339,measured,,,,,,,,,,,,,,,,,
1.0,actual_runtime_and_circuit_metrics,classical_monte_carlo,Python table MC,0,64,0.0,contiguous_prefix_visible_then_blocked,f5a5fd42d16a20302798ef6ed309979b43003d2320d9f0e8ea9831a92759fb4b,32,18,64,False,False,,,,0,False,4238566661,ok,,[],18,0,with_replacement,0.0,0.0,0.0,0.0,0.17587922364665756,0.95,wilson_score,0.012458,0.001625,0.014125,0.014125,226,71,measured-0071,0,mc_then_qiskit,20260802,3841747339,measured,,,,,,,,,,,,,,,,,
1.0,actual_runtime_and_circuit_metrics,qiskit_statevector_mlae,Qiskit StatevectorSampler finite-shot CPU simulation of synthesized circuits; not a QPU,0,64,0.0,contiguous_prefix_visible_then_blocked,f5a5fd42d16a20302798ef6ed309979b43003d2320d9f0e8ea9831a92759fb4b,32,18,64,False,False,"[0,1,2,4]",1,4,0,False,1695201207,ok,,[],,,,1e-30,1e-30,1e-30,1e-30,0.013687651339568268,0.95,qiskit_mlae_likelihood_ratio,285.888583,41.676708,327.995375,338.394709,227,71,measured-0071,1,mc_then_qiskit,20260802,3841747339,measured,11,7,7,7,4,1,0.420167,0.005417,10.395625,860,1382,2432,2432,"[{""grover_power"":0,""max_transpiled_quantum_depth"":1,""operation_counts_including_non_gates"":{""barrier"":1,""measure"":1,""u"":6},""qubits"":7,""transpiled_quantum_gate_count"":6},{""grover_power"":1,""max_transpiled_quantum_depth"":218,""operation_counts_including_non_gates"":{""barrier"":1,""cx"":136,""measure"":1,""u"":214},""qubits"":7,""transpiled_quantum_gate_count"":350},{""grover_power"":2,""max_transpiled_quantum_depth"":432,""operation_counts_including_non_gates"":{""barrier"":1,""cx"":272,""measure"":1,""u"":422},""qubits"":7,""transpiled_quantum_gate_count"":694},{""grover_power"":4,""max_transpiled_quantum_depth"":860,""operation_counts_including_non_gates"":{""barrier"":1,""cx"":544,""measure"":1,""u"":838},""qubits"":7,""transpiled_quantum_gate_count"":1382}]","[""u"",""cx""]",0,none; all-to-all analysis without a backend target or coupling map
1.0,actual_runtime_and_circuit_metrics,qiskit_statevector_mlae,Qiskit StatevectorSampler finite-shot CPU simulation of synthesized circuits; not a QPU,8,64,0.125,contiguous_prefix_visible_then_blocked,407b84e032b28972b59fe5732c4e37776624a39308e563a5604359ca2b16ec23,64,35,64,True,False,"[0,1,2,4,8]",1,5,1,False,550445703,ok,,[],,,,0.12726297225402192,0.0022629722540219166,0.0022629722540219166,0.08958027263240104,0.17229059098815494,0.95,qiskit_mlae_likelihood_ratio,2000.72025,100.876458,2102.608042,2375.007167,228,72,measured-0072,0,qiskit_then_mc,20260802,3841747339,measured,20,15,15,15,5,1,1.003375,0.004583,272.395167,30548,46822,95910,95910,"[{""grover_power"":0,""max_transpiled_quantum_depth"":1700,""operation_counts_including_non_gates"":{""barrier"":1,""cx"":1088,""measure"":1,""u"":1510},""qubits"":7,""transpiled_quantum_gate_count"":2598},{""grover_power"":1,""max_transpiled_quantum_depth"":5306,""operation_counts_including_non_gates"":{""barrier"":1,""cx"":3400,""measure"":1,""u"":4726},""qubits"":7,""transpiled_quantum_gate_count"":8126},{""grover_power"":2,""max_transpiled_quantum_depth"":8912,""operation_counts_including_non_gates"":{""barrier"":1,""cx"":5712,""measure"":1,""u"":7942},""qubits"":7,""transpiled_quantum_gate_count"":13654},{""grover_power"":4,""max_transpiled_quantum_depth"":16124,""operation_counts_including_non_gates"":{""barrier"":1,""cx"":10336,""measure"":1,""u"":14374},""qubits"":7,""transpiled_quantum_gate_count"":24710},{""grover_power"":8,""max_transpiled_quantum_depth"":30548,""operation_counts_including_non_gates"":{""barrier"":1,""cx"":19584,""measure"":1,""u"":27238},""qubits"":7,""transpiled_quantum_gate_count"":46822}]","[""u"",""cx""]",0,none; all-to-all analysis without a backend target or coupling map
1.0,actual_runtime_and_circuit_metrics,classical_monte_carlo,Python table MC,8,64,0.125,contiguous_prefix_visible_then_blocked,407b84e032b28972b59fe5732c4e37776624a39308e563a5604359ca2b16ec23,64,35,64,True,False,,,,1,False,2105968998,ok,,[],35,3,with_replacement,0.08571428571428572,-0.039285714285714285,0.039285714285714285,0.029582368266969805,0.2237927396589649,0.95,wilson_score,0.026334,0.0065,0.032875,0.032875,229,72,measured-0072,1,qiskit_then_mc,20260802,3841747339,measured,,,,,,,,,,,,,,,,,
1.0,actual_runtime_and_circuit_metrics,classical_monte_carlo,Python table MC,64,64,1.0,contiguous_prefix_visible_then_blocked,7c8975e1e60a5c8337f28edf8c33c3b180360b7279644a9bc1af3c51e6220bf5,64,35,64,True,False,,,,0,False,198778579,ok,,[],35,35,with_replacement,1.0,0.0,0.0,0.9010990076755961,1.0,0.95,wilson_score,0.015375,0.001458,0.016875,0.016875,230,73,measured-0073,0,mc_then_qiskit,20260802,3841747339,measured,,,,,,,,,,,,,,,,,
1.0,actual_runtime_and_circuit_metrics,qiskit_statevector_mlae,Qiskit StatevectorSampler finite-shot CPU simulation of synthesized circuits; not a QPU,64,64,1.0,contiguous_prefix_visible_then_blocked,7c8975e1e60a5c8337f28edf8c33c3b180360b7279644a9bc1af3c51e6220bf5,64,35,64,True,False,"[0,1,2,4,8]",1,5,0,False,2803840036,ok,,"[""RuntimeWarning: divide by zero encountered in scalar divide""]",,,,1.0,0.0,0.0,0.9960904965828902,1.0,0.95,qiskit_mlae_likelihood_ratio,694.233834,101.819416,796.618833,1018.894917,231,73,measured-0073,1,mc_then_qiskit,20260802,3841747339,measured,20,15,15,15,5,1,0.556166,0.005375,222.272959,1716,2775,5225,5225,"[{""grover_power"":0,""max_transpiled_quantum_depth"":1,""operation_counts_including_non_gates"":{""barrier"":1,""measure"":1,""u"":7},""qubits"":7,""transpiled_quantum_gate_count"":7},{""grover_power"":1,""max_transpiled_quantum_depth"":218,""operation_counts_including_non_gates"":{""barrier"":1,""cx"":136,""measure"":1,""u"":217},""qubits"":7,""transpiled_quantum_gate_count"":353},{""grover_power"":2,""max_transpiled_quantum_depth"":432,""operation_counts_including_non_gates"":{""barrier"":1,""cx"":272,""measure"":1,""u"":427},""qubits"":7,""transpiled_quantum_gate_count"":699},{""grover_power"":4,""max_transpiled_quantum_depth"":860,""operation_counts_including_non_gates"":{""barrier"":1,""cx"":544,""measure"":1,""u"":847},""qubits"":7,""transpiled_quantum_gate_count"":1391},{""grover_power"":8,""max_transpiled_quantum_depth"":1716,""operation_counts_including_non_gates"":{""barrier"":1,""cx"":1088,""measure"":1,""u"":1687},""qubits"":7,""transpiled_quantum_gate_count"":2775}]","[""u"",""cx""]",0,none; all-to-all analysis without a backend target or coupling map
1.0,actual_runtime_and_circuit_metrics,qiskit_statevector_mlae,Qiskit StatevectorSampler finite-shot CPU simulation of synthesized circuits; not a QPU,0,64,0.0,contiguous_prefix_visible_then_blocked,f5a5fd42d16a20302798ef6ed309979b43003d2320d9f0e8ea9831a92759fb4b,128,105,64,True,True,"[0,1,2,4,8]",3,15,0,False,389305324,ok,,[],,,,1e-30,1e-30,1e-30,1e-30,0.0014865352991439325,0.95,qiskit_mlae_likelihood_ratio,689.659,100.844959,790.861584,809.071125,232,74,measured-0074,0,qiskit_then_mc,20260802,3841747339,measured,60,45,45,45,5,1,0.349292,0.004625,18.205541,1716,2758,5190,15570,"[{""grover_power"":0,""max_transpiled_quantum_depth"":1,""operation_counts_including_non_gates"":{""barrier"":1,""measure"":1,""u"":6},""qubits"":7,""transpiled_quantum_gate_count"":6},{""grover_power"":1,""max_transpiled_quantum_depth"":218,""operation_counts_including_non_gates"":{""barrier"":1,""cx"":136,""measure"":1,""u"":214},""qubits"":7,""transpiled_quantum_gate_count"":350},{""grover_power"":2,""max_transpiled_quantum_depth"":432,""operation_counts_including_non_gates"":{""barrier"":1,""cx"":272,""measure"":1,""u"":422},""qubits"":7,""transpiled_quantum_gate_count"":694},{""grover_power"":4,""max_transpiled_quantum_depth"":860,""operation_counts_including_non_gates"":{""barrier"":1,""cx"":544,""measure"":1,""u"":838},""qubits"":7,""transpiled_quantum_gate_count"":1382},{""grover_power"":8,""max_transpiled_quantum_depth"":1716,""operation_counts_including_non_gates"":{""barrier"":1,""cx"":1088,""measure"":1,""u"":1670},""qubits"":7,""transpiled_quantum_gate_count"":2758}]","[""u"",""cx""]",0,none; all-to-all analysis without a backend target or coupling map
1.0,actual_runtime_and_circuit_metrics,classical_monte_carlo,Python table MC,0,64,0.0,contiguous_prefix_visible_then_blocked,f5a5fd42d16a20302798ef6ed309979b43003d2320d9f0e8ea9831a92759fb4b,128,105,64,True,True,,,,0,False,1860146068,ok,,[],105,0,with_replacement,0.0,0.0,0.0,0.0,0.035294076929109866,0.95,wilson_score,0.035875,0.006209,0.042125,0.042125,233,74,measured-0074,1,qiskit_then_mc,20260802,3841747339,measured,,,,,,,,,,,,,,,,,
1.0,actual_runtime_and_circuit_metrics,classical_monte_carlo,Python table MC,1,64,0.015625,contiguous_prefix_visible_then_blocked,16abab341fb7f370e27e4dadcf81766dd0dfd0ae64469477bb2cf6614938b2af,512,490,64,True,True,,,,3,False,878421300,ok,,[],490,4,with_replacement,0.00816326530612245,-0.00746173469387755,0.00746173469387755,0.0031789822635220205,0.02079927757916479,0.95,wilson_score,0.11625,0.00175,0.118041,0.118041,234,75,measured-0075,0,mc_then_qiskit,20260802,3841747339,measured,,,,,,,,,,,,,,,,,
1.0,actual_runtime_and_circuit_metrics,qiskit_statevector_mlae,Qiskit StatevectorSampler finite-shot CPU simulation of synthesized circuits; not a QPU,1,64,0.015625,contiguous_prefix_visible_then_blocked,16abab341fb7f370e27e4dadcf81766dd0dfd0ae64469477bb2cf6614938b2af,512,490,64,True,True,"[0,1,2,4,8]",14,70,3,False,1148455331,ok,,[],,,,0.016583090388596282,0.0009580903885962819,0.0009580903885962819,0.013168619061307995,0.02031278757289009,0.95,qiskit_mlae_likelihood_ratio,871.61,100.46825,972.692709,1024.511,235,75,measured-0075,1,mc_then_qiskit,20260802,3841747339,measured,280,210,210,210,5,1,0.60575,0.005125,51.814291,5320,8317,16635,232890,"[{""grover_power"":0,""max_transpiled_quantum_depth"":216,""operation_counts_including_non_gates"":{""barrier"":1,""cx"":136,""measure"":1,""u"":197},""qubits"":7,""transpiled_quantum_gate_count"":333},{""grover_power"":1,""max_transpiled_quantum_depth"":854,""operation_counts_including_non_gates"":{""barrier"":1,""cx"":544,""measure"":1,""u"":787},""qubits"":7,""transpiled_quantum_gate_count"":1331},{""grover_power"":2,""max_transpiled_quantum_depth"":1492,""operation_counts_including_non_gates"":{""barrier"":1,""cx"":952,""measure"":1,""u"":1377},""qubits"":7,""transpiled_quantum_gate_count"":2329},{""grover_power"":4,""max_transpiled_quantum_depth"":2768,""operation_counts_including_non_gates"":{""barrier"":1,""cx"":1768,""measure"":1,""u"":2557},""qubits"":7,""transpiled_quantum_gate_count"":4325},{""grover_power"":8,""max_transpiled_quantum_depth"":5320,""operation_counts_including_non_gates"":{""barrier"":1,""cx"":3400,""measure"":1,""u"":4917},""qubits"":7,""transpiled_quantum_gate_count"":8317}]","[""u"",""cx""]",0,none; all-to-all analysis without a backend target or coupling map
1.0,actual_runtime_and_circuit_metrics,qiskit_statevector_mlae,Qiskit StatevectorSampler finite-shot CPU simulation of synthesized circuits; not a QPU,56,64,0.875,contiguous_prefix_visible_then_blocked,3c2388fcb014d41bb64b30937ecf31fd7ffb7b9790d03bc63ad567d3c56e6f33,512,490,64,True,True,"[0,1,2,4,8]",14,70,0,False,1178430318,ok,,[],,,,0.8719444123789438,-0.003055587621056177,0.003055587621056177,0.8599794804420595,0.8832497951574451,0.95,qiskit_mlae_likelihood_ratio,9901.9905,98.899083,10005.813167,11814.984375,236,76,measured-0076,0,qiskit_then_mc,20260802,3841747339,measured,280,210,210,210,5,1,4.912458,0.006625,1809.166958,202724,308758,635190,8892660,"[{""grover_power"":0,""max_transpiled_quantum_depth"":11828,""operation_counts_including_non_gates"":{""barrier"":1,""cx"":7616,""measure"":1,""u"":10390},""qubits"":7,""transpiled_quantum_gate_count"":18006},{""grover_power"":1,""max_transpiled_quantum_depth"":35690,""operation_counts_including_non_gates"":{""barrier"":1,""cx"":22984,""measure"":1,""u"":31366},""qubits"":7,""transpiled_quantum_gate_count"":54350},{""grover_power"":2,""max_transpiled_quantum_depth"":59552,""operation_counts_including_non_gates"":{""barrier"":1,""cx"":38352,""measure"":1,""u"":52342},""qubits"":7,""transpiled_quantum_gate_count"":90694},{""grover_power"":4,""max_transpiled_quantum_depth"":107276,""operation_counts_including_non_gates"":{""barrier"":1,""cx"":69088,""measure"":1,""u"":94294},""qubits"":7,""transpiled_quantum_gate_count"":163382},{""grover_power"":8,""max_transpiled_quantum_depth"":202724,""operation_counts_including_non_gates"":{""barrier"":1,""cx"":130560,""measure"":1,""u"":178198},""qubits"":7,""transpiled_quantum_gate_count"":308758}]","[""u"",""cx""]",0,none; all-to-all analysis without a backend target or coupling map
1.0,actual_runtime_and_circuit_metrics,classical_monte_carlo,Python table MC,56,64,0.875,contiguous_prefix_visible_then_blocked,3c2388fcb014d41bb64b30937ecf31fd7ffb7b9790d03bc63ad567d3c56e6f33,512,490,64,True,True,,,,0,False,3436526496,ok,,[],490,417,with_replacement,0.8510204081632653,-0.023979591836734704,0.023979591836734704,0.8167672382088458,0.8798125929407719,0.95,wilson_score,0.1245,0.007167,0.131708,0.131708,237,76,measured-0076,1,qiskit_then_mc,20260802,3841747339,measured,,,,,,,,,,,,,,,,,
1.0,actual_runtime_and_circuit_metrics,classical_monte_carlo,Python table MC,32,64,0.5,contiguous_prefix_visible_then_blocked,037d6dfb3a369a41e01100fdd53c35ee3fb69ddec5830d61e1138d066a4c2285,64,35,64,True,False,,,,0,False,2046434295,ok,,[],35,16,with_replacement,0.45714285714285713,-0.04285714285714287,0.04285714285714287,0.30466019288407226,0.6181027493151625,0.95,wilson_score,0.016166,0.001792,0.018,0.018,238,77,measured-0077,0,mc_then_qiskit,20260802,3841747339,measured,,,,,,,,,,,,,,,,,
1.0,actual_runtime_and_circuit_metrics,qiskit_statevector_mlae,Qiskit StatevectorSampler finite-shot CPU simulation of synthesized circuits; not a QPU,32,64,0.5,contiguous_prefix_visible_then_blocked,037d6dfb3a369a41e01100fdd53c35ee3fb69ddec5830d61e1138d066a4c2285,64,35,64,True,False,"[0,1,2,4,8]",1,5,0,False,427259535,ok,,"[""RuntimeWarning: divide by zero encountered in scalar divide""]",,,,1.0,0.5,0.5,0.9960904965828902,1.0,0.95,qiskit_mlae_likelihood_ratio,6143.795083,99.352708,6245.809083,7278.738291,239,77,measured-0077,1,mc_then_qiskit,20260802,3841747339,measured,20,15,15,15,5,1,2.64925,0.007916,1032.925833,117044,177926,365830,365830,"[{""grover_power"":0,""max_transpiled_quantum_depth"":6788,""operation_counts_including_non_gates"":{""barrier"":1,""cx"":4352,""measure"":1,""u"":5958},""qubits"":7,""transpiled_quantum_gate_count"":10310},{""grover_power"":1,""max_transpiled_quantum_depth"":20570,""operation_counts_including_non_gates"":{""barrier"":1,""cx"":13192,""measure"":1,""u"":18070},""qubits"":7,""transpiled_quantum_gate_count"":31262},{""grover_power"":2,""max_transpiled_quantum_depth"":34352,""operation_counts_including_non_gates"":{""barrier"":1,""cx"":22032,""measure"":1,""u"":30182},""qubits"":7,""transpiled_quantum_gate_count"":52214},{""grover_power"":4,""max_transpiled_quantum_depth"":61916,""operation_counts_including_non_gates"":{""barrier"":1,""cx"":39712,""measure"":1,""u"":54406},""qubits"":7,""transpiled_quantum_gate_count"":94118},{""grover_power"":8,""max_transpiled_quantum_depth"":117044,""operation_counts_including_non_gates"":{""barrier"":1,""cx"":75072,""measure"":1,""u"":102854},""qubits"":7,""transpiled_quantum_gate_count"":177926}]","[""u"",""cx""]",0,none; all-to-all analysis without a backend target or coupling map
1.0,actual_runtime_and_circuit_metrics,qiskit_statevector_mlae,Qiskit StatevectorSampler finite-shot CPU simulation of synthesized circuits; not a QPU,0,64,0.0,contiguous_prefix_visible_then_blocked,f5a5fd42d16a20302798ef6ed309979b43003d2320d9f0e8ea9831a92759fb4b,32,18,64,False,False,"[0,1,2,4]",1,4,4,False,370848991,ok,,[],,,,1e-30,1e-30,1e-30,1e-30,0.013687651339568268,0.95,qiskit_mlae_likelihood_ratio,287.630042,40.574,328.605,338.206666,240,78,measured-0078,0,qiskit_then_mc,20260802,3841747339,measured,11,7,7,7,4,1,0.391791,0.005375,9.597666,860,1382,2432,2432,"[{""grover_power"":0,""max_transpiled_quantum_depth"":1,""operation_counts_including_non_gates"":{""barrier"":1,""measure"":1,""u"":6},""qubits"":7,""transpiled_quantum_gate_count"":6},{""grover_power"":1,""max_transpiled_quantum_depth"":218,""operation_counts_including_non_gates"":{""barrier"":1,""cx"":136,""measure"":1,""u"":214},""qubits"":7,""transpiled_quantum_gate_count"":350},{""grover_power"":2,""max_transpiled_quantum_depth"":432,""operation_counts_including_non_gates"":{""barrier"":1,""cx"":272,""measure"":1,""u"":422},""qubits"":7,""transpiled_quantum_gate_count"":694},{""grover_power"":4,""max_transpiled_quantum_depth"":860,""operation_counts_including_non_gates"":{""barrier"":1,""cx"":544,""measure"":1,""u"":838},""qubits"":7,""transpiled_quantum_gate_count"":1382}]","[""u"",""cx""]",0,none; all-to-all analysis without a backend target or coupling map
1.0,actual_runtime_and_circuit_metrics,classical_monte_carlo,Python table MC,0,64,0.0,contiguous_prefix_visible_then_blocked,f5a5fd42d16a20302798ef6ed309979b43003d2320d9f0e8ea9831a92759fb4b,32,18,64,False,False,,,,4,False,605468717,ok,,[],18,0,with_replacement,0.0,0.0,0.0,0.0,0.17587922364665756,0.95,wilson_score,0.017833,0.006209,0.024125,0.024125,241,78,measured-0078,1,qiskit_then_mc,20260802,3841747339,measured,,,,,,,,,,,,,,,,,
1.0,actual_runtime_and_circuit_metrics,classical_monte_carlo,Python table MC,56,64,0.875,contiguous_prefix_visible_then_blocked,3c2388fcb014d41bb64b30937ecf31fd7ffb7b9790d03bc63ad567d3c56e6f33,32,18,64,False,False,,,,1,False,1440968119,ok,,[],18,17,with_replacement,0.9444444444444444,0.06944444444444442,0.06944444444444442,0.7424269921812743,0.990124809021697,0.95,wilson_score,0.011625,0.001667,0.013334,0.013334,242,79,measured-0079,0,mc_then_qiskit,20260802,3841747339,measured,,,,,,,,,,,,,,,,,
1.0,actual_runtime_and_circuit_metrics,qiskit_statevector_mlae,Qiskit StatevectorSampler finite-shot CPU simulation of synthesized circuits; not a QPU,56,64,0.875,contiguous_prefix_visible_then_blocked,3c2388fcb014d41bb64b30937ecf31fd7ffb7b9790d03bc63ad567d3c56e6f33,32,18,64,False,False,"[0,1,2,4]",1,4,1,False,2402402157,ok,,[],,,,0.9106625796505746,0.03566257965057462,0.03566257965057462,0.1880596588638566,0.9979193498499749,0.95,qiskit_mlae_likelihood_ratio,4991.902833,41.079833,5036.80025,5980.881084,243,79,measured-0079,1,mc_then_qiskit,20260802,3841747339,measured,11,7,7,7,4,1,3.809167,0.004792,944.076834,107276,163382,326432,326432,"[{""grover_power"":0,""max_transpiled_quantum_depth"":11828,""operation_counts_including_non_gates"":{""barrier"":1,""cx"":7616,""measure"":1,""u"":10390},""qubits"":7,""transpiled_quantum_gate_count"":18006},{""grover_power"":1,""max_transpiled_quantum_depth"":35690,""operation_counts_including_non_gates"":{""barrier"":1,""cx"":22984,""measure"":1,""u"":31366},""qubits"":7,""transpiled_quantum_gate_count"":54350},{""grover_power"":2,""max_transpiled_quantum_depth"":59552,""operation_counts_including_non_gates"":{""barrier"":1,""cx"":38352,""measure"":1,""u"":52342},""qubits"":7,""transpiled_quantum_gate_count"":90694},{""grover_power"":4,""max_transpiled_quantum_depth"":107276,""operation_counts_including_non_gates"":{""barrier"":1,""cx"":69088,""measure"":1,""u"":94294},""qubits"":7,""transpiled_quantum_gate_count"":163382}]","[""u"",""cx""]",0,none; all-to-all analysis without a backend target or coupling map
1.0,actual_runtime_and_circuit_metrics,qiskit_statevector_mlae,Qiskit StatevectorSampler finite-shot CPU simulation of synthesized circuits; not a QPU,0,64,0.0,contiguous_prefix_visible_then_blocked,f5a5fd42d16a20302798ef6ed309979b43003d2320d9f0e8ea9831a92759fb4b,32,18,64,False,False,"[0,1,2,4]",1,4,1,False,57248853,ok,,[],,,,1e-30,1e-30,1e-30,1e-30,0.013687651339568268,0.95,qiskit_mlae_likelihood_ratio,287.715417,40.911333,329.075166,339.186625,244,80,measured-0080,0,qiskit_then_mc,20260802,3841747339,measured,11,7,7,7,4,1,0.438958,0.005209,10.107542,860,1382,2432,2432,"[{""grover_power"":0,""max_transpiled_quantum_depth"":1,""operation_counts_including_non_gates"":{""barrier"":1,""measure"":1,""u"":6},""qubits"":7,""transpiled_quantum_gate_count"":6},{""grover_power"":1,""max_transpiled_quantum_depth"":218,""operation_counts_including_non_gates"":{""barrier"":1,""cx"":136,""measure"":1,""u"":214},""qubits"":7,""transpiled_quantum_gate_count"":350},{""grover_power"":2,""max_transpiled_quantum_depth"":432,""operation_counts_including_non_gates"":{""barrier"":1,""cx"":272,""measure"":1,""u"":422},""qubits"":7,""transpiled_quantum_gate_count"":694},{""grover_power"":4,""max_transpiled_quantum_depth"":860,""operation_counts_including_non_gates"":{""barrier"":1,""cx"":544,""measure"":1,""u"":838},""qubits"":7,""transpiled_quantum_gate_count"":1382}]","[""u"",""cx""]",0,none; all-to-all analysis without a backend target or coupling map
1.0,actual_runtime_and_circuit_metrics,classical_monte_carlo,Python table MC,0,64,0.0,contiguous_prefix_visible_then_blocked,f5a5fd42d16a20302798ef6ed309979b43003d2320d9f0e8ea9831a92759fb4b,32,18,64,False,False,,,,1,False,1389843585,ok,,[],18,0,with_replacement,0.0,0.0,0.0,0.0,0.17587922364665756,0.95,wilson_score,0.0185,0.006083,0.024666,0.024666,245,80,measured-0080,1,qiskit_then_mc,20260802,3841747339,measured,,,,,,,,,,,,,,,,,
1.0,actual_runtime_and_circuit_metrics,classical_monte_carlo,Python table MC,63,64,0.984375,contiguous_prefix_visible_then_blocked,4a22bb45b68e2388bce472d38b49adb1bb6b08e220e9edede71b70cc62ad2db2,1024,1015,64,True,True,,,,2,False,21458993,ok,,[],1015,1001,with_replacement,0.9862068965517241,0.0018318965517241104,0.0018318965517241104,0.9769811908310642,0.99176619518761,0.95,wilson_score,0.22375,0.001833,0.225667,0.225667,246,81,measured-0081,0,mc_then_qiskit,20260802,3841747339,measured,,,,,,,,,,,,,,,,,
1.0,actual_runtime_and_circuit_metrics,qiskit_statevector_mlae,Qiskit StatevectorSampler finite-shot CPU simulation of synthesized circuits; not a QPU,63,64,0.984375,contiguous_prefix_visible_then_blocked,4a22bb45b68e2388bce472d38b49adb1bb6b08e220e9edede71b70cc62ad2db2,1024,1015,64,True,True,"[0,1,2,4,8]",29,145,2,False,3126322968,ok,,[],,,,0.9845467210026534,0.00017172100265339107,0.00017172100265339107,0.9820990657319301,0.9867600330845272,0.95,qiskit_mlae_likelihood_ratio,11300.90575,100.417333,11405.474708,13460.424708,247,81,measured-0081,1,mc_then_qiskit,20260802,3841747339,measured,580,435,435,435,5,1,4.1435,0.00475,2054.946458,227715,346651,713205,20682945,"[{""grover_power"":0,""max_transpiled_quantum_depth"":13299,""operation_counts_including_non_gates"":{""barrier"":1,""cx"":8568,""measure"":1,""u"":11667},""qubits"":7,""transpiled_quantum_gate_count"":20235},{""grover_power"":1,""max_transpiled_quantum_depth"":40101,""operation_counts_including_non_gates"":{""barrier"":1,""cx"":25840,""measure"":1,""u"":35197},""qubits"":7,""transpiled_quantum_gate_count"":61037},{""grover_power"":2,""max_transpiled_quantum_depth"":66903,""operation_counts_including_non_gates"":{""barrier"":1,""cx"":43112,""measure"":1,""u"":58727},""qubits"":7,""transpiled_quantum_gate_count"":101839},{""grover_power"":4,""max_transpiled_quantum_depth"":120507,""operation_counts_including_non_gates"":{""barrier"":1,""cx"":77656,""measure"":1,""u"":105787},""qubits"":7,""transpiled_quantum_gate_count"":183443},{""grover_power"":8,""max_transpiled_quantum_depth"":227715,""operation_counts_including_non_gates"":{""barrier"":1,""cx"":146744,""measure"":1,""u"":199907},""qubits"":7,""transpiled_quantum_gate_count"":346651}]","[""u"",""cx""]",0,none; all-to-all analysis without a backend target or coupling map
1.0,actual_runtime_and_circuit_metrics,qiskit_statevector_mlae,Qiskit StatevectorSampler finite-shot CPU simulation of synthesized circuits; not a QPU,32,64,0.5,contiguous_prefix_visible_then_blocked,037d6dfb3a369a41e01100fdd53c35ee3fb69ddec5830d61e1138d066a4c2285,64,35,64,True,False,"[0,1,2,4,8]",1,5,3,False,1246927477,ok,,[],,,,1e-30,-0.5,0.5,1e-30,0.00390950341710986,0.95,qiskit_mlae_likelihood_ratio,6045.815875,100.158083,6148.551791,7198.82025,248,82,measured-0082,0,qiskit_then_mc,20260802,3841747339,measured,20,15,15,15,5,1,2.568417,0.005209,1050.264375,117044,177926,365830,365830,"[{""grover_power"":0,""max_transpiled_quantum_depth"":6788,""operation_counts_including_non_gates"":{""barrier"":1,""cx"":4352,""measure"":1,""u"":5958},""qubits"":7,""transpiled_quantum_gate_count"":10310},{""grover_power"":1,""max_transpiled_quantum_depth"":20570,""operation_counts_including_non_gates"":{""barrier"":1,""cx"":13192,""measure"":1,""u"":18070},""qubits"":7,""transpiled_quantum_gate_count"":31262},{""grover_power"":2,""max_transpiled_quantum_depth"":34352,""operation_counts_including_non_gates"":{""barrier"":1,""cx"":22032,""measure"":1,""u"":30182},""qubits"":7,""transpiled_quantum_gate_count"":52214},{""grover_power"":4,""max_transpiled_quantum_depth"":61916,""operation_counts_including_non_gates"":{""barrier"":1,""cx"":39712,""measure"":1,""u"":54406},""qubits"":7,""transpiled_quantum_gate_count"":94118},{""grover_power"":8,""max_transpiled_quantum_depth"":117044,""operation_counts_including_non_gates"":{""barrier"":1,""cx"":75072,""measure"":1,""u"":102854},""qubits"":7,""transpiled_quantum_gate_count"":177926}]","[""u"",""cx""]",0,none; all-to-all analysis without a backend target or coupling map
1.0,actual_runtime_and_circuit_metrics,classical_monte_carlo,Python table MC,32,64,0.5,contiguous_prefix_visible_then_blocked,037d6dfb3a369a41e01100fdd53c35ee3fb69ddec5830d61e1138d066a4c2285,64,35,64,True,False,,,,3,False,37383003,ok,,[],35,20,with_replacement,0.5714285714285714,0.0714285714285714,0.0714285714285714,0.4085741114397492,0.7201543182281931,0.95,wilson_score,0.024458,0.006583,0.031083,0.031083,249,82,measured-0082,1,qiskit_then_mc,20260802,3841747339,measured,,,,,,,,,,,,,,,,,
1.0,actual_runtime_and_circuit_metrics,classical_monte_carlo,Python table MC,56,64,0.875,contiguous_prefix_visible_then_blocked,3c2388fcb014d41bb64b30937ecf31fd7ffb7b9790d03bc63ad567d3c56e6f33,32,18,64,False,False,,,,2,False,984084322,ok,,[],18,14,with_replacement,0.7777777777777778,-0.09722222222222221,0.09722222222222221,0.5478541568378739,0.9099907189139831,0.95,wilson_score,0.011916,0.001708,0.013708,0.013708,250,83,measured-0083,0,mc_then_qiskit,20260802,3841747339,measured,,,,,,,,,,,,,,,,,
1.0,actual_runtime_and_circuit_metrics,qiskit_statevector_mlae,Qiskit StatevectorSampler finite-shot CPU simulation of synthesized circuits; not a QPU,56,64,0.875,contiguous_prefix_visible_then_blocked,3c2388fcb014d41bb64b30937ecf31fd7ffb7b9790d03bc63ad567d3c56e6f33,32,18,64,False,False,"[0,1,2,4]",1,4,2,False,213723818,ok,,[],,,,0.8804140436254039,0.005414043625403875,0.005414043625403875,0.7969687646163968,0.9453186612726312,0.95,qiskit_mlae_likelihood_ratio,5029.440334,41.06625,5077.883291,6017.23575,251,83,measured-0083,1,mc_then_qiskit,20260802,3841747339,measured,11,7,7,7,4,1,7.366209,0.006417,939.348584,107276,163382,326432,326432,"[{""grover_power"":0,""max_transpiled_quantum_depth"":11828,""operation_counts_including_non_gates"":{""barrier"":1,""cx"":7616,""measure"":1,""u"":10390},""qubits"":7,""transpiled_quantum_gate_count"":18006},{""grover_power"":1,""max_transpiled_quantum_depth"":35690,""operation_counts_including_non_gates"":{""barrier"":1,""cx"":22984,""measure"":1,""u"":31366},""qubits"":7,""transpiled_quantum_gate_count"":54350},{""grover_power"":2,""max_transpiled_quantum_depth"":59552,""operation_counts_including_non_gates"":{""barrier"":1,""cx"":38352,""measure"":1,""u"":52342},""qubits"":7,""transpiled_quantum_gate_count"":90694},{""grover_power"":4,""max_transpiled_quantum_depth"":107276,""operation_counts_including_non_gates"":{""barrier"":1,""cx"":69088,""measure"":1,""u"":94294},""qubits"":7,""transpiled_quantum_gate_count"":163382}]","[""u"",""cx""]",0,none; all-to-all analysis without a backend target or coupling map
1.0,actual_runtime_and_circuit_metrics,qiskit_statevector_mlae,Qiskit StatevectorSampler finite-shot CPU simulation of synthesized circuits; not a QPU,63,64,0.984375,contiguous_prefix_visible_then_blocked,4a22bb45b68e2388bce472d38b49adb1bb6b08e220e9edede71b70cc62ad2db2,256,245,64,True,True,"[0,1,2,4,8]",7,35,0,False,609606676,ok,,[],,,,0.9845312977770392,0.00015629777703918268,0.00015629777703918268,0.9377298972450845,0.9888044741576396,0.95,qiskit_mlae_likelihood_ratio,11400.189834,101.338041,11508.744,13552.056917,252,84,measured-0084,0,qiskit_then_mc,20260802,3841747339,measured,140,105,105,105,5,1,7.199875,0.00775,2043.297,227715,346651,713205,4992435,"[{""grover_power"":0,""max_transpiled_quantum_depth"":13299,""operation_counts_including_non_gates"":{""barrier"":1,""cx"":8568,""measure"":1,""u"":11667},""qubits"":7,""transpiled_quantum_gate_count"":20235},{""grover_power"":1,""max_transpiled_quantum_depth"":40101,""operation_counts_including_non_gates"":{""barrier"":1,""cx"":25840,""measure"":1,""u"":35197},""qubits"":7,""transpiled_quantum_gate_count"":61037},{""grover_power"":2,""max_transpiled_quantum_depth"":66903,""operation_counts_including_non_gates"":{""barrier"":1,""cx"":43112,""measure"":1,""u"":58727},""qubits"":7,""transpiled_quantum_gate_count"":101839},{""grover_power"":4,""max_transpiled_quantum_depth"":120507,""operation_counts_including_non_gates"":{""barrier"":1,""cx"":77656,""measure"":1,""u"":105787},""qubits"":7,""transpiled_quantum_gate_count"":183443},{""grover_power"":8,""max_transpiled_quantum_depth"":227715,""operation_counts_including_non_gates"":{""barrier"":1,""cx"":146744,""measure"":1,""u"":199907},""qubits"":7,""transpiled_quantum_gate_count"":346651}]","[""u"",""cx""]",0,none; all-to-all analysis without a backend target or coupling map
1.0,actual_runtime_and_circuit_metrics,classical_monte_carlo,Python table MC,63,64,0.984375,contiguous_prefix_visible_then_blocked,4a22bb45b68e2388bce472d38b49adb1bb6b08e220e9edede71b70cc62ad2db2,256,245,64,True,True,,,,0,False,2236886698,ok,,[],245,244,with_replacement,0.9959183673469387,0.011543367346938727,0.011543367346938727,0.977246251571458,0.9992791278875042,0.95,wilson_score,0.082459,0.023833,0.106375,0.106375,253,84,measured-0084,1,qiskit_then_mc,20260802,3841747339,measured,,,,,,,,,,,,,,,,,
1.0,actual_runtime_and_circuit_metrics,classical_monte_carlo,Python table MC,1,64,0.015625,contiguous_prefix_visible_then_blocked,16abab341fb7f370e27e4dadcf81766dd0dfd0ae64469477bb2cf6614938b2af,32,18,64,False,False,,,,3,False,2256055635,ok,,[],18,0,with_replacement,0.0,-0.015625,0.015625,0.0,0.17587922364665756,0.95,wilson_score,0.012084,0.001834,0.013959,0.013959,254,85,measured-0085,0,mc_then_qiskit,20260802,3841747339,measured,,,,,,,,,,,,,,,,,
1.0,actual_runtime_and_circuit_metrics,qiskit_statevector_mlae,Qiskit StatevectorSampler finite-shot CPU simulation of synthesized circuits; not a QPU,1,64,0.015625,contiguous_prefix_visible_then_blocked,16abab341fb7f370e27e4dadcf81766dd0dfd0ae64469477bb2cf6614938b2af,32,18,64,False,False,"[0,1,2,4]",1,4,3,False,1919838847,ok,,[],,,,0.01454290269833175,-0.00108209730166825,0.00108209730166825,0.0008775752718910155,0.8975660140795936,0.95,qiskit_mlae_likelihood_ratio,378.459583,40.081792,419.269792,447.648417,255,85,measured-0085,1,mc_then_qiskit,20260802,3841747339,measured,11,7,7,7,4,1,0.712833,0.010291,28.375375,2768,4325,8318,8318,"[{""grover_power"":0,""max_transpiled_quantum_depth"":216,""operation_counts_including_non_gates"":{""barrier"":1,""cx"":136,""measure"":1,""u"":197},""qubits"":7,""transpiled_quantum_gate_count"":333},{""grover_power"":1,""max_transpiled_quantum_depth"":854,""operation_counts_including_non_gates"":{""barrier"":1,""cx"":544,""measure"":1,""u"":787},""qubits"":7,""transpiled_quantum_gate_count"":1331},{""grover_power"":2,""max_transpiled_quantum_depth"":1492,""operation_counts_including_non_gates"":{""barrier"":1,""cx"":952,""measure"":1,""u"":1377},""qubits"":7,""transpiled_quantum_gate_count"":2329},{""grover_power"":4,""max_transpiled_quantum_depth"":2768,""operation_counts_including_non_gates"":{""barrier"":1,""cx"":1768,""measure"":1,""u"":2557},""qubits"":7,""transpiled_quantum_gate_count"":4325}]","[""u"",""cx""]",0,none; all-to-all analysis without a backend target or coupling map
1.0,actual_runtime_and_circuit_metrics,qiskit_statevector_mlae,Qiskit StatevectorSampler finite-shot CPU simulation of synthesized circuits; not a QPU,32,64,0.5,contiguous_prefix_visible_then_blocked,037d6dfb3a369a41e01100fdd53c35ee3fb69ddec5830d61e1138d066a4c2285,512,490,64,True,True,"[0,1,2,4,8]",14,70,1,False,3176413144,ok,,[],,,,0.49996874783482986,-3.125216517013696e-05,3.125216517013696e-05,0.4871567728401762,0.5128432271598237,0.95,qiskit_mlae_likelihood_ratio,6235.456166,101.705625,6340.429958,7387.790208,256,86,measured-0086,0,qiskit_then_mc,20260802,3841747339,measured,280,210,210,210,5,1,3.258958,0.005625,1047.355917,117044,177926,365830,5121620,"[{""grover_power"":0,""max_transpiled_quantum_depth"":6788,""operation_counts_including_non_gates"":{""barrier"":1,""cx"":4352,""measure"":1,""u"":5958},""qubits"":7,""transpiled_quantum_gate_count"":10310},{""grover_power"":1,""max_transpiled_quantum_depth"":20570,""operation_counts_including_non_gates"":{""barrier"":1,""cx"":13192,""measure"":1,""u"":18070},""qubits"":7,""transpiled_quantum_gate_count"":31262},{""grover_power"":2,""max_transpiled_quantum_depth"":34352,""operation_counts_including_non_gates"":{""barrier"":1,""cx"":22032,""measure"":1,""u"":30182},""qubits"":7,""transpiled_quantum_gate_count"":52214},{""grover_power"":4,""max_transpiled_quantum_depth"":61916,""operation_counts_including_non_gates"":{""barrier"":1,""cx"":39712,""measure"":1,""u"":54406},""qubits"":7,""transpiled_quantum_gate_count"":94118},{""grover_power"":8,""max_transpiled_quantum_depth"":117044,""operation_counts_including_non_gates"":{""barrier"":1,""cx"":75072,""measure"":1,""u"":102854},""qubits"":7,""transpiled_quantum_gate_count"":177926}]","[""u"",""cx""]",0,none; all-to-all analysis without a backend target or coupling map
1.0,actual_runtime_and_circuit_metrics,classical_monte_carlo,Python table MC,32,64,0.5,contiguous_prefix_visible_then_blocked,037d6dfb3a369a41e01100fdd53c35ee3fb69ddec5830d61e1138d066a4c2285,512,490,64,True,True,,,,1,False,641238419,ok,,[],490,262,with_replacement,0.5346938775510204,0.03469387755102038,0.03469387755102038,0.4904309121355091,0.5784170944316043,0.95,wilson_score,0.120625,0.008625,0.129292,0.129292,257,86,measured-0086,1,qiskit_then_mc,20260802,3841747339,measured,,,,,,,,,,,,,,,,,
1.0,actual_runtime_and_circuit_metrics,classical_monte_carlo,Python table MC,56,64,0.875,contiguous_prefix_visible_then_blocked,3c2388fcb014d41bb64b30937ecf31fd7ffb7b9790d03bc63ad567d3c56e6f33,512,490,64,True,True,,,,1,False,3039209895,ok,,[],490,433,with_replacement,0.8836734693877552,0.00867346938775515,0.00867346938775515,0.8522545080533572,0.9091234469241318,0.95,wilson_score,0.112792,0.001542,0.114417,0.114417,258,87,measured-0087,0,mc_then_qiskit,20260802,3841747339,measured,,,,,,,,,,,,,,,,,
1.0,actual_runtime_and_circuit_metrics,qiskit_statevector_mlae,Qiskit StatevectorSampler finite-shot CPU simulation of synthesized circuits; not a QPU,56,64,0.875,contiguous_prefix_visible_then_blocked,3c2388fcb014d41bb64b30937ecf31fd7ffb7b9790d03bc63ad567d3c56e6f33,512,490,64,True,True,"[0,1,2,4,8]",14,70,1,False,3642974806,ok,,[],,,,0.8588932481212419,-0.016106751878758097,0.016106751878758097,0.8491844549134884,0.8663801408546777,0.95,qiskit_mlae_likelihood_ratio,10019.195583,101.471,10128.188958,11959.27025,259,87,measured-0087,1,mc_then_qiskit,20260802,3841747339,measured,280,210,210,210,5,1,7.513334,0.005334,1831.074,202724,308758,635190,8892660,"[{""grover_power"":0,""max_transpiled_quantum_depth"":11828,""operation_counts_including_non_gates"":{""barrier"":1,""cx"":7616,""measure"":1,""u"":10390},""qubits"":7,""transpiled_quantum_gate_count"":18006},{""grover_power"":1,""max_transpiled_quantum_depth"":35690,""operation_counts_including_non_gates"":{""barrier"":1,""cx"":22984,""measure"":1,""u"":31366},""qubits"":7,""transpiled_quantum_gate_count"":54350},{""grover_power"":2,""max_transpiled_quantum_depth"":59552,""operation_counts_including_non_gates"":{""barrier"":1,""cx"":38352,""measure"":1,""u"":52342},""qubits"":7,""transpiled_quantum_gate_count"":90694},{""grover_power"":4,""max_transpiled_quantum_depth"":107276,""operation_counts_including_non_gates"":{""barrier"":1,""cx"":69088,""measure"":1,""u"":94294},""qubits"":7,""transpiled_quantum_gate_count"":163382},{""grover_power"":8,""max_transpiled_quantum_depth"":202724,""operation_counts_including_non_gates"":{""barrier"":1,""cx"":130560,""measure"":1,""u"":178198},""qubits"":7,""transpiled_quantum_gate_count"":308758}]","[""u"",""cx""]",0,none; all-to-all analysis without a backend target or coupling map
1.0,actual_runtime_and_circuit_metrics,qiskit_statevector_mlae,Qiskit StatevectorSampler finite-shot CPU simulation of synthesized circuits; not a QPU,0,64,0.0,contiguous_prefix_visible_then_blocked,f5a5fd42d16a20302798ef6ed309979b43003d2320d9f0e8ea9831a92759fb4b,128,105,64,True,True,"[0,1,2,4,8]",3,15,1,False,2924186977,ok,,[],,,,1e-30,1e-30,1e-30,1e-30,0.0014865352991439325,0.95,qiskit_mlae_likelihood_ratio,703.232334,105.821708,809.519417,828.925584,260,88,measured-0088,0,qiskit_then_mc,20260802,3841747339,measured,60,45,45,45,5,1,0.455834,0.005292,19.402459,1716,2758,5190,15570,"[{""grover_power"":0,""max_transpiled_quantum_depth"":1,""operation_counts_including_non_gates"":{""barrier"":1,""measure"":1,""u"":6},""qubits"":7,""transpiled_quantum_gate_count"":6},{""grover_power"":1,""max_transpiled_quantum_depth"":218,""operation_counts_including_non_gates"":{""barrier"":1,""cx"":136,""measure"":1,""u"":214},""qubits"":7,""transpiled_quantum_gate_count"":350},{""grover_power"":2,""max_transpiled_quantum_depth"":432,""operation_counts_including_non_gates"":{""barrier"":1,""cx"":272,""measure"":1,""u"":422},""qubits"":7,""transpiled_quantum_gate_count"":694},{""grover_power"":4,""max_transpiled_quantum_depth"":860,""operation_counts_including_non_gates"":{""barrier"":1,""cx"":544,""measure"":1,""u"":838},""qubits"":7,""transpiled_quantum_gate_count"":1382},{""grover_power"":8,""max_transpiled_quantum_depth"":1716,""operation_counts_including_non_gates"":{""barrier"":1,""cx"":1088,""measure"":1,""u"":1670},""qubits"":7,""transpiled_quantum_gate_count"":2758}]","[""u"",""cx""]",0,none; all-to-all analysis without a backend target or coupling map
1.0,actual_runtime_and_circuit_metrics,classical_monte_carlo,Python table MC,0,64,0.0,contiguous_prefix_visible_then_blocked,f5a5fd42d16a20302798ef6ed309979b43003d2320d9f0e8ea9831a92759fb4b,128,105,64,True,True,,,,1,False,681818287,ok,,[],105,0,with_replacement,0.0,0.0,0.0,0.0,0.035294076929109866,0.95,wilson_score,0.039125,0.006792,0.045959,0.045959,261,88,measured-0088,1,qiskit_then_mc,20260802,3841747339,measured,,,,,,,,,,,,,,,,,
1.0,actual_runtime_and_circuit_metrics,classical_monte_carlo,Python table MC,0,64,0.0,contiguous_prefix_visible_then_blocked,f5a5fd42d16a20302798ef6ed309979b43003d2320d9f0e8ea9831a92759fb4b,64,35,64,True,False,,,,2,False,2579810457,ok,,[],35,0,with_replacement,0.0,0.0,0.0,0.0,0.09890099232440398,0.95,wilson_score,0.015583,0.001375,0.017,0.017,262,89,measured-0089,0,mc_then_qiskit,20260802,3841747339,measured,,,,,,,,,,,,,,,,,
1.0,actual_runtime_and_circuit_metrics,qiskit_statevector_mlae,Qiskit StatevectorSampler finite-shot CPU simulation of synthesized circuits; not a QPU,0,64,0.0,contiguous_prefix_visible_then_blocked,f5a5fd42d16a20302798ef6ed309979b43003d2320d9f0e8ea9831a92759fb4b,64,35,64,True,False,"[0,1,2,4,8]",1,5,2,False,1293801890,ok,,[],,,,1e-30,1e-30,1e-30,1e-30,0.00390950341710986,0.95,qiskit_mlae_likelihood_ratio,695.777667,101.176083,797.373042,816.7145,263,89,measured-0089,1,mc_then_qiskit,20260802,3841747339,measured,20,15,15,15,5,1,0.409625,0.005334,19.33775,1716,2758,5190,5190,"[{""grover_power"":0,""max_transpiled_quantum_depth"":1,""operation_counts_including_non_gates"":{""barrier"":1,""measure"":1,""u"":6},""qubits"":7,""transpiled_quantum_gate_count"":6},{""grover_power"":1,""max_transpiled_quantum_depth"":218,""operation_counts_including_non_gates"":{""barrier"":1,""cx"":136,""measure"":1,""u"":214},""qubits"":7,""transpiled_quantum_gate_count"":350},{""grover_power"":2,""max_transpiled_quantum_depth"":432,""operation_counts_including_non_gates"":{""barrier"":1,""cx"":272,""measure"":1,""u"":422},""qubits"":7,""transpiled_quantum_gate_count"":694},{""grover_power"":4,""max_transpiled_quantum_depth"":860,""operation_counts_including_non_gates"":{""barrier"":1,""cx"":544,""measure"":1,""u"":838},""qubits"":7,""transpiled_quantum_gate_count"":1382},{""grover_power"":8,""max_transpiled_quantum_depth"":1716,""operation_counts_including_non_gates"":{""barrier"":1,""cx"":1088,""measure"":1,""u"":1670},""qubits"":7,""transpiled_quantum_gate_count"":2758}]","[""u"",""cx""]",0,none; all-to-all analysis without a backend target or coupling map
1.0,actual_runtime_and_circuit_metrics,qiskit_statevector_mlae,Qiskit StatevectorSampler finite-shot CPU simulation of synthesized circuits; not a QPU,64,64,1.0,contiguous_prefix_visible_then_blocked,7c8975e1e60a5c8337f28edf8c33c3b180360b7279644a9bc1af3c51e6220bf5,512,490,64,True,True,"[0,1,2,4,8]",14,70,0,False,1011239901,ok,,"[""RuntimeWarning: divide by zero encountered in scalar divide""]",,,,1.0,0.0,0.0,0.9996669283306872,1.0,0.95,qiskit_mlae_likelihood_ratio,698.839667,100.788667,800.148083,821.169583,264,90,measured-0090,0,qiskit_then_mc,20260802,3841747339,measured,280,210,210,210,5,1,0.510083,0.005583,21.017958,1716,2775,5225,73150,"[{""grover_power"":0,""max_transpiled_quantum_depth"":1,""operation_counts_including_non_gates"":{""barrier"":1,""measure"":1,""u"":7},""qubits"":7,""transpiled_quantum_gate_count"":7},{""grover_power"":1,""max_transpiled_quantum_depth"":218,""operation_counts_including_non_gates"":{""barrier"":1,""cx"":136,""measure"":1,""u"":217},""qubits"":7,""transpiled_quantum_gate_count"":353},{""grover_power"":2,""max_transpiled_quantum_depth"":432,""operation_counts_including_non_gates"":{""barrier"":1,""cx"":272,""measure"":1,""u"":427},""qubits"":7,""transpiled_quantum_gate_count"":699},{""grover_power"":4,""max_transpiled_quantum_depth"":860,""operation_counts_including_non_gates"":{""barrier"":1,""cx"":544,""measure"":1,""u"":847},""qubits"":7,""transpiled_quantum_gate_count"":1391},{""grover_power"":8,""max_transpiled_quantum_depth"":1716,""operation_counts_including_non_gates"":{""barrier"":1,""cx"":1088,""measure"":1,""u"":1687},""qubits"":7,""transpiled_quantum_gate_count"":2775}]","[""u"",""cx""]",0,none; all-to-all analysis without a backend target or coupling map
1.0,actual_runtime_and_circuit_metrics,classical_monte_carlo,Python table MC,64,64,1.0,contiguous_prefix_visible_then_blocked,7c8975e1e60a5c8337f28edf8c33c3b180360b7279644a9bc1af3c51e6220bf5,512,490,64,True,True,,,,0,False,1902575091,ok,,[],490,490,with_replacement,1.0,0.0,0.0,0.9922212711142809,1.0,0.95,wilson_score,0.124084,0.007042,0.131167,0.131167,265,90,measured-0090,1,qiskit_then_mc,20260802,3841747339,measured,,,,,,,,,,,,,,,,,
1.0,actual_runtime_and_circuit_metrics,classical_monte_carlo,Python table MC,63,64,0.984375,contiguous_prefix_visible_then_blocked,4a22bb45b68e2388bce472d38b49adb1bb6b08e220e9edede71b70cc62ad2db2,128,105,64,True,True,,,,1,False,1444528607,ok,,[],105,104,with_replacement,0.9904761904761905,0.00610119047619051,0.00610119047619051,0.9480137413881103,0.9983168307671438,0.95,wilson_score,0.029709,0.001833,0.031625,0.031625,266,91,measured-0091,0,mc_then_qiskit,20260802,3841747339,measured,,,,,,,,,,,,,,,,,
1.0,actual_runtime_and_circuit_metrics,qiskit_statevector_mlae,Qiskit StatevectorSampler finite-shot CPU simulation of synthesized circuits; not a QPU,63,64,0.984375,contiguous_prefix_visible_then_blocked,4a22bb45b68e2388bce472d38b49adb1bb6b08e220e9edede71b70cc62ad2db2,128,105,64,True,True,"[0,1,2,4,8]",3,15,1,False,1331263616,ok,,[],,,,0.9842212434975435,-0.00015375650245652572,0.00015375650245652572,0.9367293187773749,0.9895544806084573,0.95,qiskit_mlae_likelihood_ratio,11371.60275,100.881083,11476.799333,13531.334375,267,91,measured-0091,1,mc_then_qiskit,20260802,3841747339,measured,60,45,45,45,5,1,4.306417,0.005292,2054.530292,227715,346651,713205,2139615,"[{""grover_power"":0,""max_transpiled_quantum_depth"":13299,""operation_counts_including_non_gates"":{""barrier"":1,""cx"":8568,""measure"":1,""u"":11667},""qubits"":7,""transpiled_quantum_gate_count"":20235},{""grover_power"":1,""max_transpiled_quantum_depth"":40101,""operation_counts_including_non_gates"":{""barrier"":1,""cx"":25840,""measure"":1,""u"":35197},""qubits"":7,""transpiled_quantum_gate_count"":61037},{""grover_power"":2,""max_transpiled_quantum_depth"":66903,""operation_counts_including_non_gates"":{""barrier"":1,""cx"":43112,""measure"":1,""u"":58727},""qubits"":7,""transpiled_quantum_gate_count"":101839},{""grover_power"":4,""max_transpiled_quantum_depth"":120507,""operation_counts_including_non_gates"":{""barrier"":1,""cx"":77656,""measure"":1,""u"":105787},""qubits"":7,""transpiled_quantum_gate_count"":183443},{""grover_power"":8,""max_transpiled_quantum_depth"":227715,""operation_counts_including_non_gates"":{""barrier"":1,""cx"":146744,""measure"":1,""u"":199907},""qubits"":7,""transpiled_quantum_gate_count"":346651}]","[""u"",""cx""]",0,none; all-to-all analysis without a backend target or coupling map
1.0,actual_runtime_and_circuit_metrics,qiskit_statevector_mlae,Qiskit StatevectorSampler finite-shot CPU simulation of synthesized circuits; not a QPU,56,64,0.875,contiguous_prefix_visible_then_blocked,3c2388fcb014d41bb64b30937ecf31fd7ffb7b9790d03bc63ad567d3c56e6f33,128,105,64,True,True,"[0,1,2,4,8]",3,15,3,False,929565057,ok,,[],,,,0.8765862523562283,0.0015862523562283348,0.0015862523562283348,0.8502119548256212,0.8996115964231117,0.95,qiskit_mlae_likelihood_ratio,10205.695333,100.849792,10314.659375,12158.2975,268,92,measured-0092,0,qiskit_then_mc,20260802,3841747339,measured,60,45,45,45,5,1,8.097833,0.007625,1843.634,202724,308758,635190,1905570,"[{""grover_power"":0,""max_transpiled_quantum_depth"":11828,""operation_counts_including_non_gates"":{""barrier"":1,""cx"":7616,""measure"":1,""u"":10390},""qubits"":7,""transpiled_quantum_gate_count"":18006},{""grover_power"":1,""max_transpiled_quantum_depth"":35690,""operation_counts_including_non_gates"":{""barrier"":1,""cx"":22984,""measure"":1,""u"":31366},""qubits"":7,""transpiled_quantum_gate_count"":54350},{""grover_power"":2,""max_transpiled_quantum_depth"":59552,""operation_counts_including_non_gates"":{""barrier"":1,""cx"":38352,""measure"":1,""u"":52342},""qubits"":7,""transpiled_quantum_gate_count"":90694},{""grover_power"":4,""max_transpiled_quantum_depth"":107276,""operation_counts_including_non_gates"":{""barrier"":1,""cx"":69088,""measure"":1,""u"":94294},""qubits"":7,""transpiled_quantum_gate_count"":163382},{""grover_power"":8,""max_transpiled_quantum_depth"":202724,""operation_counts_including_non_gates"":{""barrier"":1,""cx"":130560,""measure"":1,""u"":178198},""qubits"":7,""transpiled_quantum_gate_count"":308758}]","[""u"",""cx""]",0,none; all-to-all analysis without a backend target or coupling map
1.0,actual_runtime_and_circuit_metrics,classical_monte_carlo,Python table MC,56,64,0.875,contiguous_prefix_visible_then_blocked,3c2388fcb014d41bb64b30937ecf31fd7ffb7b9790d03bc63ad567d3c56e6f33,128,105,64,True,True,,,,3,False,3689218536,ok,,[],105,93,with_replacement,0.8857142857142857,0.010714285714285676,0.010714285714285676,0.8107987321190485,0.9334029799642095,0.95,wilson_score,0.039375,0.015083,0.054541,0.054541,269,92,measured-0092,1,qiskit_then_mc,20260802,3841747339,measured,,,,,,,,,,,,,,,,,
1.0,actual_runtime_and_circuit_metrics,classical_monte_carlo,Python table MC,32,64,0.5,contiguous_prefix_visible_then_blocked,037d6dfb3a369a41e01100fdd53c35ee3fb69ddec5830d61e1138d066a4c2285,64,35,64,True,False,,,,1,False,2271874783,ok,,[],35,14,with_replacement,0.4,-0.09999999999999998,0.09999999999999998,0.25550728859380595,0.564272909871075,0.95,wilson_score,0.01575,0.001667,0.017459,0.017459,270,93,measured-0093,0,mc_then_qiskit,20260802,3841747339,measured,,,,,,,,,,,,,,,,,
1.0,actual_runtime_and_circuit_metrics,qiskit_statevector_mlae,Qiskit StatevectorSampler finite-shot CPU simulation of synthesized circuits; not a QPU,32,64,0.5,contiguous_prefix_visible_then_blocked,037d6dfb3a369a41e01100fdd53c35ee3fb69ddec5830d61e1138d066a4c2285,64,35,64,True,False,"[0,1,2,4,8]",1,5,1,False,379291717,ok,,[],,,,1e-30,-0.5,0.5,1e-30,0.00390950341710986,0.95,qiskit_mlae_likelihood_ratio,6054.875292,100.342583,6162.148333,7213.57675,271,93,measured-0093,1,mc_then_qiskit,20260802,3841747339,measured,20,15,15,15,5,1,6.913333,0.008,1051.424208,117044,177926,365830,365830,"[{""grover_power"":0,""max_transpiled_quantum_depth"":6788,""operation_counts_including_non_gates"":{""barrier"":1,""cx"":4352,""measure"":1,""u"":5958},""qubits"":7,""transpiled_quantum_gate_count"":10310},{""grover_power"":1,""max_transpiled_quantum_depth"":20570,""operation_counts_including_non_gates"":{""barrier"":1,""cx"":13192,""measure"":1,""u"":18070},""qubits"":7,""transpiled_quantum_gate_count"":31262},{""grover_power"":2,""max_transpiled_quantum_depth"":34352,""operation_counts_including_non_gates"":{""barrier"":1,""cx"":22032,""measure"":1,""u"":30182},""qubits"":7,""transpiled_quantum_gate_count"":52214},{""grover_power"":4,""max_transpiled_quantum_depth"":61916,""operation_counts_including_non_gates"":{""barrier"":1,""cx"":39712,""measure"":1,""u"":54406},""qubits"":7,""transpiled_quantum_gate_count"":94118},{""grover_power"":8,""max_transpiled_quantum_depth"":117044,""operation_counts_including_non_gates"":{""barrier"":1,""cx"":75072,""measure"":1,""u"":102854},""qubits"":7,""transpiled_quantum_gate_count"":177926}]","[""u"",""cx""]",0,none; all-to-all analysis without a backend target or coupling map
1.0,actual_runtime_and_circuit_metrics,qiskit_statevector_mlae,Qiskit StatevectorSampler finite-shot CPU simulation of synthesized circuits; not a QPU,63,64,0.984375,contiguous_prefix_visible_then_blocked,4a22bb45b68e2388bce472d38b49adb1bb6b08e220e9edede71b70cc62ad2db2,128,105,64,True,True,"[0,1,2,4,8]",3,15,4,False,1831807884,ok,,[],,,,0.9862552750002196,0.001880275000219589,0.001880275000219589,0.426542988372457,0.9931876889694845,0.95,qiskit_mlae_likelihood_ratio,11439.133,101.151167,11544.804292,13610.200625,272,94,measured-0094,0,qiskit_then_mc,20260802,3841747339,measured,60,45,45,45,5,1,4.509792,0.006292,2065.392667,227715,346651,713205,2139615,"[{""grover_power"":0,""max_transpiled_quantum_depth"":13299,""operation_counts_including_non_gates"":{""barrier"":1,""cx"":8568,""measure"":1,""u"":11667},""qubits"":7,""transpiled_quantum_gate_count"":20235},{""grover_power"":1,""max_transpiled_quantum_depth"":40101,""operation_counts_including_non_gates"":{""barrier"":1,""cx"":25840,""measure"":1,""u"":35197},""qubits"":7,""transpiled_quantum_gate_count"":61037},{""grover_power"":2,""max_transpiled_quantum_depth"":66903,""operation_counts_including_non_gates"":{""barrier"":1,""cx"":43112,""measure"":1,""u"":58727},""qubits"":7,""transpiled_quantum_gate_count"":101839},{""grover_power"":4,""max_transpiled_quantum_depth"":120507,""operation_counts_including_non_gates"":{""barrier"":1,""cx"":77656,""measure"":1,""u"":105787},""qubits"":7,""transpiled_quantum_gate_count"":183443},{""grover_power"":8,""max_transpiled_quantum_depth"":227715,""operation_counts_including_non_gates"":{""barrier"":1,""cx"":146744,""measure"":1,""u"":199907},""qubits"":7,""transpiled_quantum_gate_count"":346651}]","[""u"",""cx""]",0,none; all-to-all analysis without a backend target or coupling map
1.0,actual_runtime_and_circuit_metrics,classical_monte_carlo,Python table MC,63,64,0.984375,contiguous_prefix_visible_then_blocked,4a22bb45b68e2388bce472d38b49adb1bb6b08e220e9edede71b70cc62ad2db2,128,105,64,True,True,,,,4,False,4220015010,ok,,[],105,103,with_replacement,0.9809523809523809,-0.003422619047619091,0.003422619047619091,0.933194403305581,0.994760817934037,0.95,wilson_score,0.038875,0.006458,0.045416,0.045416,273,94,measured-0094,1,qiskit_then_mc,20260802,3841747339,measured,,,,,,,,,,,,,,,,,
1.0,actual_runtime_and_circuit_metrics,classical_monte_carlo,Python table MC,56,64,0.875,contiguous_prefix_visible_then_blocked,3c2388fcb014d41bb64b30937ecf31fd7ffb7b9790d03bc63ad567d3c56e6f33,512,490,64,True,True,,,,4,False,911554802,ok,,[],490,425,with_replacement,0.8673469387755102,-0.007653061224489832,0.007653061224489832,0.8344368849929914,0.8945420080705618,0.95,wilson_score,0.11425,0.00225,0.116584,0.116584,274,95,measured-0095,0,mc_then_qiskit,20260802,3841747339,measured,,,,,,,,,,,,,,,,,
1.0,actual_runtime_and_circuit_metrics,qiskit_statevector_mlae,Qiskit StatevectorSampler finite-shot CPU simulation of synthesized circuits; not a QPU,56,64,0.875,contiguous_prefix_visible_then_blocked,3c2388fcb014d41bb64b30937ecf31fd7ffb7b9790d03bc63ad567d3c56e6f33,512,490,64,True,True,"[0,1,2,4,8]",14,70,4,False,3792596046,ok,,[],,,,0.8591107753493702,-0.015889224650629807,0.015889224650629807,0.8492291889085849,0.8665927361505502,0.95,qiskit_mlae_likelihood_ratio,9981.956833,100.989833,10087.09975,11912.069792,275,95,measured-0095,1,mc_then_qiskit,20260802,3841747339,measured,280,210,210,210,5,1,4.144084,0.005333,1824.965167,202724,308758,635190,8892660,"[{""grover_power"":0,""max_transpiled_quantum_depth"":11828,""operation_counts_including_non_gates"":{""barrier"":1,""cx"":7616,""measure"":1,""u"":10390},""qubits"":7,""transpiled_quantum_gate_count"":18006},{""grover_power"":1,""max_transpiled_quantum_depth"":35690,""operation_counts_including_non_gates"":{""barrier"":1,""cx"":22984,""measure"":1,""u"":31366},""qubits"":7,""transpiled_quantum_gate_count"":54350},{""grover_power"":2,""max_transpiled_quantum_depth"":59552,""operation_counts_including_non_gates"":{""barrier"":1,""cx"":38352,""measure"":1,""u"":52342},""qubits"":7,""transpiled_quantum_gate_count"":90694},{""grover_power"":4,""max_transpiled_quantum_depth"":107276,""operation_counts_including_non_gates"":{""barrier"":1,""cx"":69088,""measure"":1,""u"":94294},""qubits"":7,""transpiled_quantum_gate_count"":163382},{""grover_power"":8,""max_transpiled_quantum_depth"":202724,""operation_counts_including_non_gates"":{""barrier"":1,""cx"":130560,""measure"":1,""u"":178198},""qubits"":7,""transpiled_quantum_gate_count"":308758}]","[""u"",""cx""]",0,none; all-to-all analysis without a backend target or coupling map
1.0,actual_runtime_and_circuit_metrics,qiskit_statevector_mlae,Qiskit StatevectorSampler finite-shot CPU simulation of synthesized circuits; not a QPU,64,64,1.0,contiguous_prefix_visible_then_blocked,7c8975e1e60a5c8337f28edf8c33c3b180360b7279644a9bc1af3c51e6220bf5,256,245,64,True,True,"[0,1,2,4,8]",7,35,1,False,3421345635,ok,,"[""RuntimeWarning: divide by zero encountered in scalar divide""]",,,,1.0,0.0,0.0,0.9993402060644846,1.0,0.95,qiskit_mlae_likelihood_ratio,703.759083,102.58275,806.876625,827.900625,276,96,measured-0096,0,qiskit_then_mc,20260802,3841747339,measured,140,105,105,105,5,1,0.5255,0.005167,21.020292,1716,2775,5225,36575,"[{""grover_power"":0,""max_transpiled_quantum_depth"":1,""operation_counts_including_non_gates"":{""barrier"":1,""measure"":1,""u"":7},""qubits"":7,""transpiled_quantum_gate_count"":7},{""grover_power"":1,""max_transpiled_quantum_depth"":218,""operation_counts_including_non_gates"":{""barrier"":1,""cx"":136,""measure"":1,""u"":217},""qubits"":7,""transpiled_quantum_gate_count"":353},{""grover_power"":2,""max_transpiled_quantum_depth"":432,""operation_counts_including_non_gates"":{""barrier"":1,""cx"":272,""measure"":1,""u"":427},""qubits"":7,""transpiled_quantum_gate_count"":699},{""grover_power"":4,""max_transpiled_quantum_depth"":860,""operation_counts_including_non_gates"":{""barrier"":1,""cx"":544,""measure"":1,""u"":847},""qubits"":7,""transpiled_quantum_gate_count"":1391},{""grover_power"":8,""max_transpiled_quantum_depth"":1716,""operation_counts_including_non_gates"":{""barrier"":1,""cx"":1088,""measure"":1,""u"":1687},""qubits"":7,""transpiled_quantum_gate_count"":2775}]","[""u"",""cx""]",0,none; all-to-all analysis without a backend target or coupling map
1.0,actual_runtime_and_circuit_metrics,classical_monte_carlo,Python table MC,64,64,1.0,contiguous_prefix_visible_then_blocked,7c8975e1e60a5c8337f28edf8c33c3b180360b7279644a9bc1af3c51e6220bf5,256,245,64,True,True,,,,1,False,2339492589,ok,,[],245,245,with_replacement,1.0,0.0,0.0,0.984562625380435,1.0,0.95,wilson_score,0.067167,0.007083,0.074333,0.074333,277,96,measured-0096,1,qiskit_then_mc,20260802,3841747339,measured,,,,,,,,,,,,,,,,,
1.0,actual_runtime_and_circuit_metrics,classical_monte_carlo,Python table MC,56,64,0.875,contiguous_prefix_visible_then_blocked,3c2388fcb014d41bb64b30937ecf31fd7ffb7b9790d03bc63ad567d3c56e6f33,128,105,64,True,True,,,,1,False,2330712009,ok,,[],105,95,with_replacement,0.9047619047619048,0.029761904761904767,0.029761904761904767,0.8335087237779633,0.9474436901365668,0.95,wilson_score,0.030709,0.001584,0.032334,0.032334,278,97,measured-0097,0,mc_then_qiskit,20260802,3841747339,measured,,,,,,,,,,,,,,,,,
1.0,actual_runtime_and_circuit_metrics,qiskit_statevector_mlae,Qiskit StatevectorSampler finite-shot CPU simulation of synthesized circuits; not a QPU,56,64,0.875,contiguous_prefix_visible_then_blocked,3c2388fcb014d41bb64b30937ecf31fd7ffb7b9790d03bc63ad567d3c56e6f33,128,105,64,True,True,"[0,1,2,4,8]",3,15,1,False,2429096438,ok,,[],,,,0.872737027745978,-0.0022629722540220554,0.0022629722540220554,0.8459493104699328,0.896852586129154,0.95,qiskit_mlae_likelihood_ratio,10253.872833,100.784833,10358.55425,12187.163417,279,97,measured-0097,1,mc_then_qiskit,20260802,3841747339,measured,60,45,45,45,5,1,3.8875,0.00525,1828.604708,202724,308758,635190,1905570,"[{""grover_power"":0,""max_transpiled_quantum_depth"":11828,""operation_counts_including_non_gates"":{""barrier"":1,""cx"":7616,""measure"":1,""u"":10390},""qubits"":7,""transpiled_quantum_gate_count"":18006},{""grover_power"":1,""max_transpiled_quantum_depth"":35690,""operation_counts_including_non_gates"":{""barrier"":1,""cx"":22984,""measure"":1,""u"":31366},""qubits"":7,""transpiled_quantum_gate_count"":54350},{""grover_power"":2,""max_transpiled_quantum_depth"":59552,""operation_counts_including_non_gates"":{""barrier"":1,""cx"":38352,""measure"":1,""u"":52342},""qubits"":7,""transpiled_quantum_gate_count"":90694},{""grover_power"":4,""max_transpiled_quantum_depth"":107276,""operation_counts_including_non_gates"":{""barrier"":1,""cx"":69088,""measure"":1,""u"":94294},""qubits"":7,""transpiled_quantum_gate_count"":163382},{""grover_power"":8,""max_transpiled_quantum_depth"":202724,""operation_counts_including_non_gates"":{""barrier"":1,""cx"":130560,""measure"":1,""u"":178198},""qubits"":7,""transpiled_quantum_gate_count"":308758}]","[""u"",""cx""]",0,none; all-to-all analysis without a backend target or coupling map
1.0,actual_runtime_and_circuit_metrics,qiskit_statevector_mlae,Qiskit StatevectorSampler finite-shot CPU simulation of synthesized circuits; not a QPU,1,64,0.015625,contiguous_prefix_visible_then_blocked,16abab341fb7f370e27e4dadcf81766dd0dfd0ae64469477bb2cf6614938b2af,128,105,64,True,True,"[0,1,2,4,8]",3,15,4,False,2663350954,ok,,[],,,,0.06284528469505864,0.04722028469505864,0.04722028469505864,0.04803082800179425,0.586906160625902,0.95,qiskit_mlae_likelihood_ratio,879.551667,100.900042,981.161375,1033.570125,280,98,measured-0098,0,qiskit_then_mc,20260802,3841747339,measured,60,45,45,45,5,1,0.699875,0.005833,52.404667,5320,8317,16635,49905,"[{""grover_power"":0,""max_transpiled_quantum_depth"":216,""operation_counts_including_non_gates"":{""barrier"":1,""cx"":136,""measure"":1,""u"":197},""qubits"":7,""transpiled_quantum_gate_count"":333},{""grover_power"":1,""max_transpiled_quantum_depth"":854,""operation_counts_including_non_gates"":{""barrier"":1,""cx"":544,""measure"":1,""u"":787},""qubits"":7,""transpiled_quantum_gate_count"":1331},{""grover_power"":2,""max_transpiled_quantum_depth"":1492,""operation_counts_including_non_gates"":{""barrier"":1,""cx"":952,""measure"":1,""u"":1377},""qubits"":7,""transpiled_quantum_gate_count"":2329},{""grover_power"":4,""max_transpiled_quantum_depth"":2768,""operation_counts_including_non_gates"":{""barrier"":1,""cx"":1768,""measure"":1,""u"":2557},""qubits"":7,""transpiled_quantum_gate_count"":4325},{""grover_power"":8,""max_transpiled_quantum_depth"":5320,""operation_counts_including_non_gates"":{""barrier"":1,""cx"":3400,""measure"":1,""u"":4917},""qubits"":7,""transpiled_quantum_gate_count"":8317}]","[""u"",""cx""]",0,none; all-to-all analysis without a backend target or coupling map
1.0,actual_runtime_and_circuit_metrics,classical_monte_carlo,Python table MC,1,64,0.015625,contiguous_prefix_visible_then_blocked,16abab341fb7f370e27e4dadcf81766dd0dfd0ae64469477bb2cf6614938b2af,128,105,64,True,True,,,,4,False,1693987071,ok,,[],105,1,with_replacement,0.009523809523809525,-0.006101190476190475,0.006101190476190475,0.0016831692328561979,0.05198625861188968,0.95,wilson_score,0.037625,0.014875,0.052583,0.052583,281,98,measured-0098,1,qiskit_then_mc,20260802,3841747339,measured,,,,,,,,,,,,,,,,,
1.0,actual_runtime_and_circuit_metrics,classical_monte_carlo,Python table MC,63,64,0.984375,contiguous_prefix_visible_then_blocked,4a22bb45b68e2388bce472d38b49adb1bb6b08e220e9edede71b70cc62ad2db2,32,18,64,False,False,,,,1,False,2000801334,ok,,[],18,18,with_replacement,1.0,0.015625,0.015625,0.8241207763533426,1.0,0.95,wilson_score,0.011833,0.0015,0.013375,0.013375,282,99,measured-0099,0,mc_then_qiskit,20260802,3841747339,measured,,,,,,,,,,,,,,,,,
1.0,actual_runtime_and_circuit_metrics,qiskit_statevector_mlae,Qiskit StatevectorSampler finite-shot CPU simulation of synthesized circuits; not a QPU,63,64,0.984375,contiguous_prefix_visible_then_blocked,4a22bb45b68e2388bce472d38b49adb1bb6b08e220e9edede71b70cc62ad2db2,32,18,64,False,False,"[0,1,2,4]",1,4,1,False,4093945640,ok,,[],,,,0.9637912080916219,-0.020583791908378113,0.020583791908378113,0.3003882407497838,0.9934115176255015,0.95,qiskit_mlae_likelihood_ratio,5676.831417,40.831583,5721.918208,6774.038125,283,99,measured-0099,1,mc_then_qiskit,20260802,3841747339,measured,11,7,7,7,4,1,4.246666,0.005125,1052.116459,120507,183443,366554,366554,"[{""grover_power"":0,""max_transpiled_quantum_depth"":13299,""operation_counts_including_non_gates"":{""barrier"":1,""cx"":8568,""measure"":1,""u"":11667},""qubits"":7,""transpiled_quantum_gate_count"":20235},{""grover_power"":1,""max_transpiled_quantum_depth"":40101,""operation_counts_including_non_gates"":{""barrier"":1,""cx"":25840,""measure"":1,""u"":35197},""qubits"":7,""transpiled_quantum_gate_count"":61037},{""grover_power"":2,""max_transpiled_quantum_depth"":66903,""operation_counts_including_non_gates"":{""barrier"":1,""cx"":43112,""measure"":1,""u"":58727},""qubits"":7,""transpiled_quantum_gate_count"":101839},{""grover_power"":4,""max_transpiled_quantum_depth"":120507,""operation_counts_including_non_gates"":{""barrier"":1,""cx"":77656,""measure"":1,""u"":105787},""qubits"":7,""transpiled_quantum_gate_count"":183443}]","[""u"",""cx""]",0,none; all-to-all analysis without a backend target or coupling map
1.0,actual_runtime_and_circuit_metrics,qiskit_statevector_mlae,Qiskit StatevectorSampler finite-shot CPU simulation of synthesized circuits; not a QPU,8,64,0.125,contiguous_prefix_visible_then_blocked,407b84e032b28972b59fe5732c4e37776624a39308e563a5604359ca2b16ec23,32,18,64,False,False,"[0,1,2,4]",1,4,0,False,2885326026,ok,,[],,,,0.08933742034942527,-0.03566257965057473,0.03566257965057473,0.0020806501500250556,0.8119403411361432,0.95,qiskit_mlae_likelihood_ratio,1221.30175,41.330375,1263.794041,1409.217958,284,100,measured-0100,0,qiskit_then_mc,20260802,3841747339,measured,11,7,7,7,4,1,1.152792,0.005417,145.420667,16124,24710,49088,49088,"[{""grover_power"":0,""max_transpiled_quantum_depth"":1700,""operation_counts_including_non_gates"":{""barrier"":1,""cx"":1088,""measure"":1,""u"":1510},""qubits"":7,""transpiled_quantum_gate_count"":2598},{""grover_power"":1,""max_transpiled_quantum_depth"":5306,""operation_counts_including_non_gates"":{""barrier"":1,""cx"":3400,""measure"":1,""u"":4726},""qubits"":7,""transpiled_quantum_gate_count"":8126},{""grover_power"":2,""max_transpiled_quantum_depth"":8912,""operation_counts_including_non_gates"":{""barrier"":1,""cx"":5712,""measure"":1,""u"":7942},""qubits"":7,""transpiled_quantum_gate_count"":13654},{""grover_power"":4,""max_transpiled_quantum_depth"":16124,""operation_counts_including_non_gates"":{""barrier"":1,""cx"":10336,""measure"":1,""u"":14374},""qubits"":7,""transpiled_quantum_gate_count"":24710}]","[""u"",""cx""]",0,none; all-to-all analysis without a backend target or coupling map
1.0,actual_runtime_and_circuit_metrics,classical_monte_carlo,Python table MC,8,64,0.125,contiguous_prefix_visible_then_blocked,407b84e032b28972b59fe5732c4e37776624a39308e563a5604359ca2b16ec23,32,18,64,False,False,,,,0,False,264399279,ok,,[],18,3,with_replacement,0.16666666666666666,0.04166666666666666,0.04166666666666666,0.05836576805861446,0.39222038103915724,0.95,wilson_score,0.021584,0.007042,0.028709,0.028709,285,100,measured-0100,1,qiskit_then_mc,20260802,3841747339,measured,,,,,,,,,,,,,,,,,
1.0,actual_runtime_and_circuit_metrics,classical_monte_carlo,Python table MC,0,64,0.0,contiguous_prefix_visible_then_blocked,f5a5fd42d16a20302798ef6ed309979b43003d2320d9f0e8ea9831a92759fb4b,32,18,64,False,False,,,,3,False,1387277423,ok,,[],18,0,with_replacement,0.0,0.0,0.0,0.0,0.17587922364665756,0.95,wilson_score,0.012542,0.001625,0.014208,0.014208,286,101,measured-0101,0,mc_then_qiskit,20260802,3841747339,measured,,,,,,,,,,,,,,,,,
1.0,actual_runtime_and_circuit_metrics,qiskit_statevector_mlae,Qiskit StatevectorSampler finite-shot CPU simulation of synthesized circuits; not a QPU,0,64,0.0,contiguous_prefix_visible_then_blocked,f5a5fd42d16a20302798ef6ed309979b43003d2320d9f0e8ea9831a92759fb4b,32,18,64,False,False,"[0,1,2,4]",1,4,3,False,1156543529,ok,,[],,,,1e-30,1e-30,1e-30,1e-30,0.013687651339568268,0.95,qiskit_mlae_likelihood_ratio,285.608167,40.515833,326.584375,336.846334,287,101,measured-0101,1,mc_then_qiskit,20260802,3841747339,measured,11,7,7,7,4,1,0.450333,0.00575,10.257709,860,1382,2432,2432,"[{""grover_power"":0,""max_transpiled_quantum_depth"":1,""operation_counts_including_non_gates"":{""barrier"":1,""measure"":1,""u"":6},""qubits"":7,""transpiled_quantum_gate_count"":6},{""grover_power"":1,""max_transpiled_quantum_depth"":218,""operation_counts_including_non_gates"":{""barrier"":1,""cx"":136,""measure"":1,""u"":214},""qubits"":7,""transpiled_quantum_gate_count"":350},{""grover_power"":2,""max_transpiled_quantum_depth"":432,""operation_counts_including_non_gates"":{""barrier"":1,""cx"":272,""measure"":1,""u"":422},""qubits"":7,""transpiled_quantum_gate_count"":694},{""grover_power"":4,""max_transpiled_quantum_depth"":860,""operation_counts_including_non_gates"":{""barrier"":1,""cx"":544,""measure"":1,""u"":838},""qubits"":7,""transpiled_quantum_gate_count"":1382}]","[""u"",""cx""]",0,none; all-to-all analysis without a backend target or coupling map
1.0,actual_runtime_and_circuit_metrics,qiskit_statevector_mlae,Qiskit StatevectorSampler finite-shot CPU simulation of synthesized circuits; not a QPU,64,64,1.0,contiguous_prefix_visible_then_blocked,7c8975e1e60a5c8337f28edf8c33c3b180360b7279644a9bc1af3c51e6220bf5,128,105,64,True,True,"[0,1,2,4,8]",3,15,1,False,2997765857,ok,,"[""RuntimeWarning: divide by zero encountered in scalar divide""]",,,,1.0,0.0,0.0,0.998513464700856,1.0,0.95,qiskit_mlae_likelihood_ratio,695.755958,101.332917,797.539917,818.364334,288,102,measured-0102,0,qiskit_then_mc,20260802,3841747339,measured,60,45,45,45,5,1,0.441292,0.0055,20.821042,1716,2775,5225,15675,"[{""grover_power"":0,""max_transpiled_quantum_depth"":1,""operation_counts_including_non_gates"":{""barrier"":1,""measure"":1,""u"":7},""qubits"":7,""transpiled_quantum_gate_count"":7},{""grover_power"":1,""max_transpiled_quantum_depth"":218,""operation_counts_including_non_gates"":{""barrier"":1,""cx"":136,""measure"":1,""u"":217},""qubits"":7,""transpiled_quantum_gate_count"":353},{""grover_power"":2,""max_transpiled_quantum_depth"":432,""operation_counts_including_non_gates"":{""barrier"":1,""cx"":272,""measure"":1,""u"":427},""qubits"":7,""transpiled_quantum_gate_count"":699},{""grover_power"":4,""max_transpiled_quantum_depth"":860,""operation_counts_including_non_gates"":{""barrier"":1,""cx"":544,""measure"":1,""u"":847},""qubits"":7,""transpiled_quantum_gate_count"":1391},{""grover_power"":8,""max_transpiled_quantum_depth"":1716,""operation_counts_including_non_gates"":{""barrier"":1,""cx"":1088,""measure"":1,""u"":1687},""qubits"":7,""transpiled_quantum_gate_count"":2775}]","[""u"",""cx""]",0,none; all-to-all analysis without a backend target or coupling map
1.0,actual_runtime_and_circuit_metrics,classical_monte_carlo,Python table MC,64,64,1.0,contiguous_prefix_visible_then_blocked,7c8975e1e60a5c8337f28edf8c33c3b180360b7279644a9bc1af3c51e6220bf5,128,105,64,True,True,,,,1,False,2414617232,ok,,[],105,105,with_replacement,1.0,0.0,0.0,0.9647059230708901,1.0,0.95,wilson_score,0.038417,0.006417,0.044917,0.044917,289,102,measured-0102,1,qiskit_then_mc,20260802,3841747339,measured,,,,,,,,,,,,,,,,,
1.0,actual_runtime_and_circuit_metrics,classical_monte_carlo,Python table MC,8,64,0.125,contiguous_prefix_visible_then_blocked,407b84e032b28972b59fe5732c4e37776624a39308e563a5604359ca2b16ec23,128,105,64,True,True,,,,4,False,3989364722,ok,,[],105,12,with_replacement,0.11428571428571428,-0.010714285714285718,0.010714285714285718,0.06659702003579052,0.1892012678809514,0.95,wilson_score,0.028625,0.001709,0.030375,0.030375,290,103,measured-0103,0,mc_then_qiskit,20260802,3841747339,measured,,,,,,,,,,,,,,,,,
1.0,actual_runtime_and_circuit_metrics,qiskit_statevector_mlae,Qiskit StatevectorSampler finite-shot CPU simulation of synthesized circuits; not a QPU,8,64,0.125,contiguous_prefix_visible_then_blocked,407b84e032b28972b59fe5732c4e37776624a39308e563a5604359ca2b16ec23,128,105,64,True,True,"[0,1,2,4,8]",3,15,4,False,1015905978,ok,,[],,,,0.12341374764377151,-0.0015862523562284875,0.0015862523562284875,0.10038840357688822,0.14978804517437871,0.95,qiskit_mlae_likelihood_ratio,2075.948917,102.722208,2179.719541,2459.698458,291,103,measured-0103,1,mc_then_qiskit,20260802,3841747339,measured,60,45,45,45,5,1,1.039625,0.005083,279.974917,30548,46822,95910,287730,"[{""grover_power"":0,""max_transpiled_quantum_depth"":1700,""operation_counts_including_non_gates"":{""barrier"":1,""cx"":1088,""measure"":1,""u"":1510},""qubits"":7,""transpiled_quantum_gate_count"":2598},{""grover_power"":1,""max_transpiled_quantum_depth"":5306,""operation_counts_including_non_gates"":{""barrier"":1,""cx"":3400,""measure"":1,""u"":4726},""qubits"":7,""transpiled_quantum_gate_count"":8126},{""grover_power"":2,""max_transpiled_quantum_depth"":8912,""operation_counts_including_non_gates"":{""barrier"":1,""cx"":5712,""measure"":1,""u"":7942},""qubits"":7,""transpiled_quantum_gate_count"":13654},{""grover_power"":4,""max_transpiled_quantum_depth"":16124,""operation_counts_including_non_gates"":{""barrier"":1,""cx"":10336,""measure"":1,""u"":14374},""qubits"":7,""transpiled_quantum_gate_count"":24710},{""grover_power"":8,""max_transpiled_quantum_depth"":30548,""operation_counts_including_non_gates"":{""barrier"":1,""cx"":19584,""measure"":1,""u"":27238},""qubits"":7,""transpiled_quantum_gate_count"":46822}]","[""u"",""cx""]",0,none; all-to-all analysis without a backend target or coupling map
1.0,actual_runtime_and_circuit_metrics,qiskit_statevector_mlae,Qiskit StatevectorSampler finite-shot CPU simulation of synthesized circuits; not a QPU,0,64,0.0,contiguous_prefix_visible_then_blocked,f5a5fd42d16a20302798ef6ed309979b43003d2320d9f0e8ea9831a92759fb4b,128,105,64,True,True,"[0,1,2,4,8]",3,15,4,False,88386127,ok,,[],,,,1e-30,1e-30,1e-30,1e-30,0.0014865352991439325,0.95,qiskit_mlae_likelihood_ratio,709.593583,100.658333,810.696167,830.911167,292,104,measured-0104,0,qiskit_then_mc,20260802,3841747339,measured,60,45,45,45,5,1,0.434666,0.005666,20.211875,1716,2758,5190,15570,"[{""grover_power"":0,""max_transpiled_quantum_depth"":1,""operation_counts_including_non_gates"":{""barrier"":1,""measure"":1,""u"":6},""qubits"":7,""transpiled_quantum_gate_count"":6},{""grover_power"":1,""max_transpiled_quantum_depth"":218,""operation_counts_including_non_gates"":{""barrier"":1,""cx"":136,""measure"":1,""u"":214},""qubits"":7,""transpiled_quantum_gate_count"":350},{""grover_power"":2,""max_transpiled_quantum_depth"":432,""operation_counts_including_non_gates"":{""barrier"":1,""cx"":272,""measure"":1,""u"":422},""qubits"":7,""transpiled_quantum_gate_count"":694},{""grover_power"":4,""max_transpiled_quantum_depth"":860,""operation_counts_including_non_gates"":{""barrier"":1,""cx"":544,""measure"":1,""u"":838},""qubits"":7,""transpiled_quantum_gate_count"":1382},{""grover_power"":8,""max_transpiled_quantum_depth"":1716,""operation_counts_including_non_gates"":{""barrier"":1,""cx"":1088,""measure"":1,""u"":1670},""qubits"":7,""transpiled_quantum_gate_count"":2758}]","[""u"",""cx""]",0,none; all-to-all analysis without a backend target or coupling map
1.0,actual_runtime_and_circuit_metrics,classical_monte_carlo,Python table MC,0,64,0.0,contiguous_prefix_visible_then_blocked,f5a5fd42d16a20302798ef6ed309979b43003d2320d9f0e8ea9831a92759fb4b,128,105,64,True,True,,,,4,False,3055929775,ok,,[],105,0,with_replacement,0.0,0.0,0.0,0.0,0.035294076929109866,0.95,wilson_score,0.042458,0.006833,0.049333,0.049333,293,104,measured-0104,1,qiskit_then_mc,20260802,3841747339,measured,,,,,,,,,,,,,,,,,
1.0,actual_runtime_and_circuit_metrics,classical_monte_carlo,Python table MC,8,64,0.125,contiguous_prefix_visible_then_blocked,407b84e032b28972b59fe5732c4e37776624a39308e563a5604359ca2b16ec23,64,35,64,True,False,,,,4,False,2850123087,ok,,[],35,6,with_replacement,0.17142857142857143,0.04642857142857143,0.04642857142857143,0.08102640053701592,0.32682282299044957,0.95,wilson_score,0.016042,0.001666,0.01775,0.01775,294,105,measured-0105,0,mc_then_qiskit,20260802,3841747339,measured,,,,,,,,,,,,,,,,,
1.0,actual_runtime_and_circuit_metrics,qiskit_statevector_mlae,Qiskit StatevectorSampler finite-shot CPU simulation of synthesized circuits; not a QPU,8,64,0.125,contiguous_prefix_visible_then_blocked,407b84e032b28972b59fe5732c4e37776624a39308e563a5604359ca2b16ec23,64,35,64,True,False,"[0,1,2,4,8]",1,5,4,False,2620090115,ok,,[],,,,0.12726297225402192,0.0022629722540219166,0.0022629722540219166,0.08958027263240104,0.17229059098815494,0.95,qiskit_mlae_likelihood_ratio,2011.982125,99.598084,2112.786625,2385.128875,295,105,measured-0105,1,mc_then_qiskit,20260802,3841747339,measured,20,15,15,15,5,1,1.193208,0.009458,272.338625,30548,46822,95910,95910,"[{""grover_power"":0,""max_transpiled_quantum_depth"":1700,""operation_counts_including_non_gates"":{""barrier"":1,""cx"":1088,""measure"":1,""u"":1510},""qubits"":7,""transpiled_quantum_gate_count"":2598},{""grover_power"":1,""max_transpiled_quantum_depth"":5306,""operation_counts_including_non_gates"":{""barrier"":1,""cx"":3400,""measure"":1,""u"":4726},""qubits"":7,""transpiled_quantum_gate_count"":8126},{""grover_power"":2,""max_transpiled_quantum_depth"":8912,""operation_counts_including_non_gates"":{""barrier"":1,""cx"":5712,""measure"":1,""u"":7942},""qubits"":7,""transpiled_quantum_gate_count"":13654},{""grover_power"":4,""max_transpiled_quantum_depth"":16124,""operation_counts_including_non_gates"":{""barrier"":1,""cx"":10336,""measure"":1,""u"":14374},""qubits"":7,""transpiled_quantum_gate_count"":24710},{""grover_power"":8,""max_transpiled_quantum_depth"":30548,""operation_counts_including_non_gates"":{""barrier"":1,""cx"":19584,""measure"":1,""u"":27238},""qubits"":7,""transpiled_quantum_gate_count"":46822}]","[""u"",""cx""]",0,none; all-to-all analysis without a backend target or coupling map
1.0,actual_runtime_and_circuit_metrics,qiskit_statevector_mlae,Qiskit StatevectorSampler finite-shot CPU simulation of synthesized circuits; not a QPU,1,64,0.015625,contiguous_prefix_visible_then_blocked,16abab341fb7f370e27e4dadcf81766dd0dfd0ae64469477bb2cf6614938b2af,64,35,64,True,False,"[0,1,2,4,8]",1,5,1,False,2736278389,ok,,[],,,,0.0104709534878072,-0.005154046512192799,0.005154046512192799,0.0018913186560000812,0.8883388285275304,0.95,qiskit_mlae_likelihood_ratio,859.516833,101.28575,961.559542,1013.11675,296,106,measured-0106,0,qiskit_then_mc,20260802,3841747339,measured,20,15,15,15,5,1,0.747459,0.005458,51.553041,5320,8317,16635,16635,"[{""grover_power"":0,""max_transpiled_quantum_depth"":216,""operation_counts_including_non_gates"":{""barrier"":1,""cx"":136,""measure"":1,""u"":197},""qubits"":7,""transpiled_quantum_gate_count"":333},{""grover_power"":1,""max_transpiled_quantum_depth"":854,""operation_counts_including_non_gates"":{""barrier"":1,""cx"":544,""measure"":1,""u"":787},""qubits"":7,""transpiled_quantum_gate_count"":1331},{""grover_power"":2,""max_transpiled_quantum_depth"":1492,""operation_counts_including_non_gates"":{""barrier"":1,""cx"":952,""measure"":1,""u"":1377},""qubits"":7,""transpiled_quantum_gate_count"":2329},{""grover_power"":4,""max_transpiled_quantum_depth"":2768,""operation_counts_including_non_gates"":{""barrier"":1,""cx"":1768,""measure"":1,""u"":2557},""qubits"":7,""transpiled_quantum_gate_count"":4325},{""grover_power"":8,""max_transpiled_quantum_depth"":5320,""operation_counts_including_non_gates"":{""barrier"":1,""cx"":3400,""measure"":1,""u"":4917},""qubits"":7,""transpiled_quantum_gate_count"":8317}]","[""u"",""cx""]",0,none; all-to-all analysis without a backend target or coupling map
1.0,actual_runtime_and_circuit_metrics,classical_monte_carlo,Python table MC,1,64,0.015625,contiguous_prefix_visible_then_blocked,16abab341fb7f370e27e4dadcf81766dd0dfd0ae64469477bb2cf6614938b2af,64,35,64,True,False,,,,1,False,2397147608,ok,,[],35,0,with_replacement,0.0,-0.015625,0.015625,0.0,0.09890099232440398,0.95,wilson_score,0.025042,0.00675,0.031875,0.031875,297,106,measured-0106,1,qiskit_then_mc,20260802,3841747339,measured,,,,,,,,,,,,,,,,,
1.0,actual_runtime_and_circuit_metrics,classical_monte_carlo,Python table MC,0,64,0.0,contiguous_prefix_visible_then_blocked,f5a5fd42d16a20302798ef6ed309979b43003d2320d9f0e8ea9831a92759fb4b,1024,1015,64,True,True,,,,3,False,1609419760,ok,,[],1015,0,with_replacement,0.0,0.0,0.0,0.0,0.0037704186332784295,0.95,wilson_score,0.240042,0.0025,0.242583,0.242583,298,107,measured-0107,0,mc_then_qiskit,20260802,3841747339,measured,,,,,,,,,,,,,,,,,
1.0,actual_runtime_and_circuit_metrics,qiskit_statevector_mlae,Qiskit StatevectorSampler finite-shot CPU simulation of synthesized circuits; not a QPU,0,64,0.0,contiguous_prefix_visible_then_blocked,f5a5fd42d16a20302798ef6ed309979b43003d2320d9f0e8ea9831a92759fb4b,1024,1015,64,True,True,"[0,1,2,4,8]",29,145,3,False,42889652,ok,,[],,,,1e-30,1e-30,1e-30,1e-30,0.0001609863237472779,0.95,qiskit_mlae_likelihood_ratio,697.068166,103.705875,801.197125,820.65375,299,107,measured-0107,1,mc_then_qiskit,20260802,3841747339,measured,580,435,435,435,5,1,0.414459,0.005042,19.452709,1716,2758,5190,150510,"[{""grover_power"":0,""max_transpiled_quantum_depth"":1,""operation_counts_including_non_gates"":{""barrier"":1,""measure"":1,""u"":6},""qubits"":7,""transpiled_quantum_gate_count"":6},{""grover_power"":1,""max_transpiled_quantum_depth"":218,""operation_counts_including_non_gates"":{""barrier"":1,""cx"":136,""measure"":1,""u"":214},""qubits"":7,""transpiled_quantum_gate_count"":350},{""grover_power"":2,""max_transpiled_quantum_depth"":432,""operation_counts_including_non_gates"":{""barrier"":1,""cx"":272,""measure"":1,""u"":422},""qubits"":7,""transpiled_quantum_gate_count"":694},{""grover_power"":4,""max_transpiled_quantum_depth"":860,""operation_counts_including_non_gates"":{""barrier"":1,""cx"":544,""measure"":1,""u"":838},""qubits"":7,""transpiled_quantum_gate_count"":1382},{""grover_power"":8,""max_transpiled_quantum_depth"":1716,""operation_counts_including_non_gates"":{""barrier"":1,""cx"":1088,""measure"":1,""u"":1670},""qubits"":7,""transpiled_quantum_gate_count"":2758}]","[""u"",""cx""]",0,none; all-to-all analysis without a backend target or coupling map
1.0,actual_runtime_and_circuit_metrics,qiskit_statevector_mlae,Qiskit StatevectorSampler finite-shot CPU simulation of synthesized circuits; not a QPU,8,64,0.125,contiguous_prefix_visible_then_blocked,407b84e032b28972b59fe5732c4e37776624a39308e563a5604359ca2b16ec23,512,490,64,True,True,"[0,1,2,4,8]",14,70,0,False,2803322089,ok,,[],,,,0.12316715285724845,-0.0018328471427515453,0.0018328471427515453,0.11189750889916748,0.1351975075192447,0.95,qiskit_mlae_likelihood_ratio,2046.558167,101.227583,2149.042542,2425.719792,300,108,measured-0108,0,qiskit_then_mc,20260802,3841747339,measured,280,210,210,210,5,1,1.247792,0.005167,276.673375,30548,46822,95910,1342740,"[{""grover_power"":0,""max_transpiled_quantum_depth"":1700,""operation_counts_including_non_gates"":{""barrier"":1,""cx"":1088,""measure"":1,""u"":1510},""qubits"":7,""transpiled_quantum_gate_count"":2598},{""grover_power"":1,""max_transpiled_quantum_depth"":5306,""operation_counts_including_non_gates"":{""barrier"":1,""cx"":3400,""measure"":1,""u"":4726},""qubits"":7,""transpiled_quantum_gate_count"":8126},{""grover_power"":2,""max_transpiled_quantum_depth"":8912,""operation_counts_including_non_gates"":{""barrier"":1,""cx"":5712,""measure"":1,""u"":7942},""qubits"":7,""transpiled_quantum_gate_count"":13654},{""grover_power"":4,""max_transpiled_quantum_depth"":16124,""operation_counts_including_non_gates"":{""barrier"":1,""cx"":10336,""measure"":1,""u"":14374},""qubits"":7,""transpiled_quantum_gate_count"":24710},{""grover_power"":8,""max_transpiled_quantum_depth"":30548,""operation_counts_including_non_gates"":{""barrier"":1,""cx"":19584,""measure"":1,""u"":27238},""qubits"":7,""transpiled_quantum_gate_count"":46822}]","[""u"",""cx""]",0,none; all-to-all analysis without a backend target or coupling map
1.0,actual_runtime_and_circuit_metrics,classical_monte_carlo,Python table MC,8,64,0.125,contiguous_prefix_visible_then_blocked,407b84e032b28972b59fe5732c4e37776624a39308e563a5604359ca2b16ec23,512,490,64,True,True,,,,0,False,1004925387,ok,,[],490,56,with_replacement,0.11428571428571428,-0.010714285714285718,0.010714285714285718,0.08906552012687469,0.1455066421563942,0.95,wilson_score,0.121208,0.006208,0.127458,0.127458,301,108,measured-0108,1,qiskit_then_mc,20260802,3841747339,measured,,,,,,,,,,,,,,,,,
1.0,actual_runtime_and_circuit_metrics,classical_monte_carlo,Python table MC,63,64,0.984375,contiguous_prefix_visible_then_blocked,4a22bb45b68e2388bce472d38b49adb1bb6b08e220e9edede71b70cc62ad2db2,64,35,64,True,False,,,,2,False,2977754938,ok,,[],35,35,with_replacement,1.0,0.015625,0.015625,0.9010990076755961,1.0,0.95,wilson_score,0.015959,0.001917,0.017959,0.017959,302,109,measured-0109,0,mc_then_qiskit,20260802,3841747339,measured,,,,,,,,,,,,,,,,,
1.0,actual_runtime_and_circuit_metrics,qiskit_statevector_mlae,Qiskit StatevectorSampler finite-shot CPU simulation of synthesized circuits; not a QPU,63,64,0.984375,contiguous_prefix_visible_then_blocked,4a22bb45b68e2388bce472d38b49adb1bb6b08e220e9edede71b70cc62ad2db2,64,35,64,True,False,"[0,1,2,4,8]",1,5,2,False,1293943722,ok,,[],,,,0.7994420595265855,-0.18493294047341446,0.18493294047341446,0.40891142981709994,0.9557706746848198,0.95,qiskit_mlae_likelihood_ratio,11415.672167,101.166834,11522.840959,13581.949375,303,109,measured-0109,1,mc_then_qiskit,20260802,3841747339,measured,20,15,15,15,5,1,5.991708,0.006125,2059.103625,227715,346651,713205,713205,"[{""grover_power"":0,""max_transpiled_quantum_depth"":13299,""operation_counts_including_non_gates"":{""barrier"":1,""cx"":8568,""measure"":1,""u"":11667},""qubits"":7,""transpiled_quantum_gate_count"":20235},{""grover_power"":1,""max_transpiled_quantum_depth"":40101,""operation_counts_including_non_gates"":{""barrier"":1,""cx"":25840,""measure"":1,""u"":35197},""qubits"":7,""transpiled_quantum_gate_count"":61037},{""grover_power"":2,""max_transpiled_quantum_depth"":66903,""operation_counts_including_non_gates"":{""barrier"":1,""cx"":43112,""measure"":1,""u"":58727},""qubits"":7,""transpiled_quantum_gate_count"":101839},{""grover_power"":4,""max_transpiled_quantum_depth"":120507,""operation_counts_including_non_gates"":{""barrier"":1,""cx"":77656,""measure"":1,""u"":105787},""qubits"":7,""transpiled_quantum_gate_count"":183443},{""grover_power"":8,""max_transpiled_quantum_depth"":227715,""operation_counts_including_non_gates"":{""barrier"":1,""cx"":146744,""measure"":1,""u"":199907},""qubits"":7,""transpiled_quantum_gate_count"":346651}]","[""u"",""cx""]",0,none; all-to-all analysis without a backend target or coupling map
1.0,actual_runtime_and_circuit_metrics,qiskit_statevector_mlae,Qiskit StatevectorSampler finite-shot CPU simulation of synthesized circuits; not a QPU,8,64,0.125,contiguous_prefix_visible_then_blocked,407b84e032b28972b59fe5732c4e37776624a39308e563a5604359ca2b16ec23,256,245,64,True,True,"[0,1,2,4,8]",7,35,0,False,1900632268,ok,,[],,,,0.1307830070664088,0.005783007066408802,0.005783007066408802,0.11610868258168525,0.1468114245618882,0.95,qiskit_mlae_likelihood_ratio,2054.710833,101.323875,2157.196334,2436.999917,304,110,measured-0110,0,qiskit_then_mc,20260802,3841747339,measured,140,105,105,105,5,1,1.152709,0.005333,279.798792,30548,46822,95910,671370,"[{""grover_power"":0,""max_transpiled_quantum_depth"":1700,""operation_counts_including_non_gates"":{""barrier"":1,""cx"":1088,""measure"":1,""u"":1510},""qubits"":7,""transpiled_quantum_gate_count"":2598},{""grover_power"":1,""max_transpiled_quantum_depth"":5306,""operation_counts_including_non_gates"":{""barrier"":1,""cx"":3400,""measure"":1,""u"":4726},""qubits"":7,""transpiled_quantum_gate_count"":8126},{""grover_power"":2,""max_transpiled_quantum_depth"":8912,""operation_counts_including_non_gates"":{""barrier"":1,""cx"":5712,""measure"":1,""u"":7942},""qubits"":7,""transpiled_quantum_gate_count"":13654},{""grover_power"":4,""max_transpiled_quantum_depth"":16124,""operation_counts_including_non_gates"":{""barrier"":1,""cx"":10336,""measure"":1,""u"":14374},""qubits"":7,""transpiled_quantum_gate_count"":24710},{""grover_power"":8,""max_transpiled_quantum_depth"":30548,""operation_counts_including_non_gates"":{""barrier"":1,""cx"":19584,""measure"":1,""u"":27238},""qubits"":7,""transpiled_quantum_gate_count"":46822}]","[""u"",""cx""]",0,none; all-to-all analysis without a backend target or coupling map
1.0,actual_runtime_and_circuit_metrics,classical_monte_carlo,Python table MC,8,64,0.125,contiguous_prefix_visible_then_blocked,407b84e032b28972b59fe5732c4e37776624a39308e563a5604359ca2b16ec23,256,245,64,True,True,,,,0,False,2701641806,ok,,[],245,34,with_replacement,0.13877551020408163,0.013775510204081631,0.013775510204081631,0.10103763901685535,0.18766609693278957,0.95,wilson_score,0.068291,0.006916,0.075291,0.075291,305,110,measured-0110,1,qiskit_then_mc,20260802,3841747339,measured,,,,,,,,,,,,,,,,,
1.0,actual_runtime_and_circuit_metrics,classical_monte_carlo,Python table MC,1,64,0.015625,contiguous_prefix_visible_then_blocked,16abab341fb7f370e27e4dadcf81766dd0dfd0ae64469477bb2cf6614938b2af,64,35,64,True,False,,,,0,False,2546120197,ok,,[],35,0,with_replacement,0.0,-0.015625,0.015625,0.0,0.09890099232440398,0.95,wilson_score,0.01575,0.001709,0.0175,0.0175,306,111,measured-0111,0,mc_then_qiskit,20260802,3841747339,measured,,,,,,,,,,,,,,,,,
1.0,actual_runtime_and_circuit_metrics,qiskit_statevector_mlae,Qiskit StatevectorSampler finite-shot CPU simulation of synthesized circuits; not a QPU,1,64,0.015625,contiguous_prefix_visible_then_blocked,16abab341fb7f370e27e4dadcf81766dd0dfd0ae64469477bb2cf6614938b2af,64,35,64,True,False,"[0,1,2,4,8]",1,5,0,False,3856178891,ok,,[],,,,0.06103733870496559,0.04541233870496559,0.04541233870496559,0.004805839090581723,0.7136336291793814,0.95,qiskit_mlae_likelihood_ratio,870.314083,102.097334,973.063917,1027.485792,307,111,measured-0111,1,mc_then_qiskit,20260802,3841747339,measured,20,15,15,15,5,1,0.643791,0.005083,54.417334,5320,8317,16635,16635,"[{""grover_power"":0,""max_transpiled_quantum_depth"":216,""operation_counts_including_non_gates"":{""barrier"":1,""cx"":136,""measure"":1,""u"":197},""qubits"":7,""transpiled_quantum_gate_count"":333},{""grover_power"":1,""max_transpiled_quantum_depth"":854,""operation_counts_including_non_gates"":{""barrier"":1,""cx"":544,""measure"":1,""u"":787},""qubits"":7,""transpiled_quantum_gate_count"":1331},{""grover_power"":2,""max_transpiled_quantum_depth"":1492,""operation_counts_including_non_gates"":{""barrier"":1,""cx"":952,""measure"":1,""u"":1377},""qubits"":7,""transpiled_quantum_gate_count"":2329},{""grover_power"":4,""max_transpiled_quantum_depth"":2768,""operation_counts_including_non_gates"":{""barrier"":1,""cx"":1768,""measure"":1,""u"":2557},""qubits"":7,""transpiled_quantum_gate_count"":4325},{""grover_power"":8,""max_transpiled_quantum_depth"":5320,""operation_counts_including_non_gates"":{""barrier"":1,""cx"":3400,""measure"":1,""u"":4917},""qubits"":7,""transpiled_quantum_gate_count"":8317}]","[""u"",""cx""]",0,none; all-to-all analysis without a backend target or coupling map
1.0,actual_runtime_and_circuit_metrics,qiskit_statevector_mlae,Qiskit StatevectorSampler finite-shot CPU simulation of synthesized circuits; not a QPU,63,64,0.984375,contiguous_prefix_visible_then_blocked,4a22bb45b68e2388bce472d38b49adb1bb6b08e220e9edede71b70cc62ad2db2,128,105,64,True,True,"[0,1,2,4,8]",3,15,3,False,3588538131,ok,,[],,,,0.9862552750002196,0.001880275000219589,0.001880275000219589,0.426542988372457,0.9931876889694845,0.95,qiskit_mlae_likelihood_ratio,11156.132291,99.31825,11259.980833,13546.121791,308,112,measured-0112,0,qiskit_then_mc,20260802,3841747339,measured,60,45,45,45,5,1,4.520708,0.005709,2286.135666,227715,346651,713205,2139615,"[{""grover_power"":0,""max_transpiled_quantum_depth"":13299,""operation_counts_including_non_gates"":{""barrier"":1,""cx"":8568,""measure"":1,""u"":11667},""qubits"":7,""transpiled_quantum_gate_count"":20235},{""grover_power"":1,""max_transpiled_quantum_depth"":40101,""operation_counts_including_non_gates"":{""barrier"":1,""cx"":25840,""measure"":1,""u"":35197},""qubits"":7,""transpiled_quantum_gate_count"":61037},{""grover_power"":2,""max_transpiled_quantum_depth"":66903,""operation_counts_including_non_gates"":{""barrier"":1,""cx"":43112,""measure"":1,""u"":58727},""qubits"":7,""transpiled_quantum_gate_count"":101839},{""grover_power"":4,""max_transpiled_quantum_depth"":120507,""operation_counts_including_non_gates"":{""barrier"":1,""cx"":77656,""measure"":1,""u"":105787},""qubits"":7,""transpiled_quantum_gate_count"":183443},{""grover_power"":8,""max_transpiled_quantum_depth"":227715,""operation_counts_including_non_gates"":{""barrier"":1,""cx"":146744,""measure"":1,""u"":199907},""qubits"":7,""transpiled_quantum_gate_count"":346651}]","[""u"",""cx""]",0,none; all-to-all analysis without a backend target or coupling map
1.0,actual_runtime_and_circuit_metrics,classical_monte_carlo,Python table MC,63,64,0.984375,contiguous_prefix_visible_then_blocked,4a22bb45b68e2388bce472d38b49adb1bb6b08e220e9edede71b70cc62ad2db2,128,105,64,True,True,,,,3,False,950991413,ok,,[],105,104,with_replacement,0.9904761904761905,0.00610119047619051,0.00610119047619051,0.9480137413881103,0.9983168307671438,0.95,wilson_score,0.038959,0.007042,0.046084,0.046084,309,112,measured-0112,1,qiskit_then_mc,20260802,3841747339,measured,,,,,,,,,,,,,,,,,
1.0,actual_runtime_and_circuit_metrics,classical_monte_carlo,Python table MC,64,64,1.0,contiguous_prefix_visible_then_blocked,7c8975e1e60a5c8337f28edf8c33c3b180360b7279644a9bc1af3c51e6220bf5,128,105,64,True,True,,,,3,False,2135822217,ok,,[],105,105,with_replacement,1.0,0.0,0.0,0.9647059230708901,1.0,0.95,wilson_score,0.03,0.0045,0.0345,0.0345,310,113,measured-0113,0,mc_then_qiskit,20260802,3841747339,measured,,,,,,,,,,,,,,,,,
1.0,actual_runtime_and_circuit_metrics,qiskit_statevector_mlae,Qiskit StatevectorSampler finite-shot CPU simulation of synthesized circuits; not a QPU,64,64,1.0,contiguous_prefix_visible_then_blocked,7c8975e1e60a5c8337f28edf8c33c3b180360b7279644a9bc1af3c51e6220bf5,128,105,64,True,True,"[0,1,2,4,8]",3,15,3,False,2270841029,ok,,"[""RuntimeWarning: divide by zero encountered in scalar divide""]",,,,1.0,0.0,0.0,0.998513464700856,1.0,0.95,qiskit_mlae_likelihood_ratio,703.70625,99.621959,803.878292,824.072875,311,113,measured-0113,1,mc_then_qiskit,20260802,3841747339,measured,60,45,45,45,5,1,0.540167,0.005542,20.18975,1716,2775,5225,15675,"[{""grover_power"":0,""max_transpiled_quantum_depth"":1,""operation_counts_including_non_gates"":{""barrier"":1,""measure"":1,""u"":7},""qubits"":7,""transpiled_quantum_gate_count"":7},{""grover_power"":1,""max_transpiled_quantum_depth"":218,""operation_counts_including_non_gates"":{""barrier"":1,""cx"":136,""measure"":1,""u"":217},""qubits"":7,""transpiled_quantum_gate_count"":353},{""grover_power"":2,""max_transpiled_quantum_depth"":432,""operation_counts_including_non_gates"":{""barrier"":1,""cx"":272,""measure"":1,""u"":427},""qubits"":7,""transpiled_quantum_gate_count"":699},{""grover_power"":4,""max_transpiled_quantum_depth"":860,""operation_counts_including_non_gates"":{""barrier"":1,""cx"":544,""measure"":1,""u"":847},""qubits"":7,""transpiled_quantum_gate_count"":1391},{""grover_power"":8,""max_transpiled_quantum_depth"":1716,""operation_counts_including_non_gates"":{""barrier"":1,""cx"":1088,""measure"":1,""u"":1687},""qubits"":7,""transpiled_quantum_gate_count"":2775}]","[""u"",""cx""]",0,none; all-to-all analysis without a backend target or coupling map
1.0,actual_runtime_and_circuit_metrics,qiskit_statevector_mlae,Qiskit StatevectorSampler finite-shot CPU simulation of synthesized circuits; not a QPU,64,64,1.0,contiguous_prefix_visible_then_blocked,7c8975e1e60a5c8337f28edf8c33c3b180360b7279644a9bc1af3c51e6220bf5,1024,1015,64,True,True,"[0,1,2,4,8]",29,145,2,False,1415414703,ok,,"[""RuntimeWarning: divide by zero encountered in scalar divide""]",,,,1.0,0.0,0.0,0.9998390136762528,1.0,0.95,qiskit_mlae_likelihood_ratio,699.854417,100.462291,800.829208,821.239042,312,114,measured-0114,0,qiskit_then_mc,20260802,3841747339,measured,580,435,435,435,5,1,0.502417,0.005708,20.40675,1716,2775,5225,151525,"[{""grover_power"":0,""max_transpiled_quantum_depth"":1,""operation_counts_including_non_gates"":{""barrier"":1,""measure"":1,""u"":7},""qubits"":7,""transpiled_quantum_gate_count"":7},{""grover_power"":1,""max_transpiled_quantum_depth"":218,""operation_counts_including_non_gates"":{""barrier"":1,""cx"":136,""measure"":1,""u"":217},""qubits"":7,""transpiled_quantum_gate_count"":353},{""grover_power"":2,""max_transpiled_quantum_depth"":432,""operation_counts_including_non_gates"":{""barrier"":1,""cx"":272,""measure"":1,""u"":427},""qubits"":7,""transpiled_quantum_gate_count"":699},{""grover_power"":4,""max_transpiled_quantum_depth"":860,""operation_counts_including_non_gates"":{""barrier"":1,""cx"":544,""measure"":1,""u"":847},""qubits"":7,""transpiled_quantum_gate_count"":1391},{""grover_power"":8,""max_transpiled_quantum_depth"":1716,""operation_counts_including_non_gates"":{""barrier"":1,""cx"":1088,""measure"":1,""u"":1687},""qubits"":7,""transpiled_quantum_gate_count"":2775}]","[""u"",""cx""]",0,none; all-to-all analysis without a backend target or coupling map
1.0,actual_runtime_and_circuit_metrics,classical_monte_carlo,Python table MC,64,64,1.0,contiguous_prefix_visible_then_blocked,7c8975e1e60a5c8337f28edf8c33c3b180360b7279644a9bc1af3c51e6220bf5,1024,1015,64,True,True,,,,2,False,1313799192,ok,,[],1015,1015,with_replacement,1.0,0.0,0.0,0.9962295813667217,1.0,0.95,wilson_score,0.241583,0.007917,0.249542,0.249542,313,114,measured-0114,1,qiskit_then_mc,20260802,3841747339,measured,,,,,,,,,,,,,,,,,
1.0,actual_runtime_and_circuit_metrics,classical_monte_carlo,Python table MC,32,64,0.5,contiguous_prefix_visible_then_blocked,037d6dfb3a369a41e01100fdd53c35ee3fb69ddec5830d61e1138d066a4c2285,128,105,64,True,True,,,,1,False,1946448707,ok,,[],105,46,with_replacement,0.4380952380952381,-0.06190476190476191,0.06190476190476191,0.3470436416061139,0.5335165774422521,0.95,wilson_score,0.029917,0.002084,0.032042,0.032042,314,115,measured-0115,0,mc_then_qiskit,20260802,3841747339,measured,,,,,,,,,,,,,,,,,
1.0,actual_runtime_and_circuit_metrics,qiskit_statevector_mlae,Qiskit StatevectorSampler finite-shot CPU simulation of synthesized circuits; not a QPU,32,64,0.5,contiguous_prefix_visible_then_blocked,037d6dfb3a369a41e01100fdd53c35ee3fb69ddec5830d61e1138d066a4c2285,128,105,64,True,True,"[0,1,2,4,8]",3,15,1,False,728003035,ok,,[],,,,0.48790659149346066,-0.012093408506539338,0.012093408506539338,0.463872753944933,0.5157172494974035,0.95,qiskit_mlae_likelihood_ratio,5991.822417,100.486125,6094.882625,7140.166792,315,115,measured-0115,1,mc_then_qiskit,20260802,3841747339,measured,60,45,45,45,5,1,2.564666,0.005667,1045.280542,117044,177926,365830,1097490,"[{""grover_power"":0,""max_transpiled_quantum_depth"":6788,""operation_counts_including_non_gates"":{""barrier"":1,""cx"":4352,""measure"":1,""u"":5958},""qubits"":7,""transpiled_quantum_gate_count"":10310},{""grover_power"":1,""max_transpiled_quantum_depth"":20570,""operation_counts_including_non_gates"":{""barrier"":1,""cx"":13192,""measure"":1,""u"":18070},""qubits"":7,""transpiled_quantum_gate_count"":31262},{""grover_power"":2,""max_transpiled_quantum_depth"":34352,""operation_counts_including_non_gates"":{""barrier"":1,""cx"":22032,""measure"":1,""u"":30182},""qubits"":7,""transpiled_quantum_gate_count"":52214},{""grover_power"":4,""max_transpiled_quantum_depth"":61916,""operation_counts_including_non_gates"":{""barrier"":1,""cx"":39712,""measure"":1,""u"":54406},""qubits"":7,""transpiled_quantum_gate_count"":94118},{""grover_power"":8,""max_transpiled_quantum_depth"":117044,""operation_counts_including_non_gates"":{""barrier"":1,""cx"":75072,""measure"":1,""u"":102854},""qubits"":7,""transpiled_quantum_gate_count"":177926}]","[""u"",""cx""]",0,none; all-to-all analysis without a backend target or coupling map
1.0,actual_runtime_and_circuit_metrics,qiskit_statevector_mlae,Qiskit StatevectorSampler finite-shot CPU simulation of synthesized circuits; not a QPU,63,64,0.984375,contiguous_prefix_visible_then_blocked,4a22bb45b68e2388bce472d38b49adb1bb6b08e220e9edede71b70cc62ad2db2,32,18,64,False,False,"[0,1,2,4]",1,4,3,False,2925413570,ok,,[],,,,0.9854570973016683,0.0010820973016683055,0.0010820973016683055,0.10243398592040628,0.9991224247281091,0.95,qiskit_mlae_likelihood_ratio,5641.559791,40.652833,5686.520292,6720.35325,316,116,measured-0116,0,qiskit_then_mc,20260802,3841747339,measured,11,7,7,7,4,1,4.298166,0.005583,1033.82725,120507,183443,366554,366554,"[{""grover_power"":0,""max_transpiled_quantum_depth"":13299,""operation_counts_including_non_gates"":{""barrier"":1,""cx"":8568,""measure"":1,""u"":11667},""qubits"":7,""transpiled_quantum_gate_count"":20235},{""grover_power"":1,""max_transpiled_quantum_depth"":40101,""operation_counts_including_non_gates"":{""barrier"":1,""cx"":25840,""measure"":1,""u"":35197},""qubits"":7,""transpiled_quantum_gate_count"":61037},{""grover_power"":2,""max_transpiled_quantum_depth"":66903,""operation_counts_including_non_gates"":{""barrier"":1,""cx"":43112,""measure"":1,""u"":58727},""qubits"":7,""transpiled_quantum_gate_count"":101839},{""grover_power"":4,""max_transpiled_quantum_depth"":120507,""operation_counts_including_non_gates"":{""barrier"":1,""cx"":77656,""measure"":1,""u"":105787},""qubits"":7,""transpiled_quantum_gate_count"":183443}]","[""u"",""cx""]",0,none; all-to-all analysis without a backend target or coupling map
1.0,actual_runtime_and_circuit_metrics,classical_monte_carlo,Python table MC,63,64,0.984375,contiguous_prefix_visible_then_blocked,4a22bb45b68e2388bce472d38b49adb1bb6b08e220e9edede71b70cc62ad2db2,32,18,64,False,False,,,,3,False,1467324011,ok,,[],18,18,with_replacement,1.0,0.015625,0.015625,0.8241207763533426,1.0,0.95,wilson_score,0.021333,0.006625,0.028,0.028,317,116,measured-0116,1,qiskit_then_mc,20260802,3841747339,measured,,,,,,,,,,,,,,,,,
1.0,actual_runtime_and_circuit_metrics,classical_monte_carlo,Python table MC,0,64,0.0,contiguous_prefix_visible_then_blocked,f5a5fd42d16a20302798ef6ed309979b43003d2320d9f0e8ea9831a92759fb4b,64,35,64,True,False,,,,4,False,2193121659,ok,,[],35,0,with_replacement,0.0,0.0,0.0,0.0,0.09890099232440398,0.95,wilson_score,0.015583,0.001833,0.017458,0.017458,318,117,measured-0117,0,mc_then_qiskit,20260802,3841747339,measured,,,,,,,,,,,,,,,,,
1.0,actual_runtime_and_circuit_metrics,qiskit_statevector_mlae,Qiskit StatevectorSampler finite-shot CPU simulation of synthesized circuits; not a QPU,0,64,0.0,contiguous_prefix_visible_then_blocked,f5a5fd42d16a20302798ef6ed309979b43003d2320d9f0e8ea9831a92759fb4b,64,35,64,True,False,"[0,1,2,4,8]",1,5,4,False,3626523822,ok,,[],,,,1e-30,1e-30,1e-30,1e-30,0.00390950341710986,0.95,qiskit_mlae_likelihood_ratio,696.520583,99.520292,796.483208,814.706416,319,117,measured-0117,1,mc_then_qiskit,20260802,3841747339,measured,20,15,15,15,5,1,0.433125,0.005458,18.216208,1716,2758,5190,5190,"[{""grover_power"":0,""max_transpiled_quantum_depth"":1,""operation_counts_including_non_gates"":{""barrier"":1,""measure"":1,""u"":6},""qubits"":7,""transpiled_quantum_gate_count"":6},{""grover_power"":1,""max_transpiled_quantum_depth"":218,""operation_counts_including_non_gates"":{""barrier"":1,""cx"":136,""measure"":1,""u"":214},""qubits"":7,""transpiled_quantum_gate_count"":350},{""grover_power"":2,""max_transpiled_quantum_depth"":432,""operation_counts_including_non_gates"":{""barrier"":1,""cx"":272,""measure"":1,""u"":422},""qubits"":7,""transpiled_quantum_gate_count"":694},{""grover_power"":4,""max_transpiled_quantum_depth"":860,""operation_counts_including_non_gates"":{""barrier"":1,""cx"":544,""measure"":1,""u"":838},""qubits"":7,""transpiled_quantum_gate_count"":1382},{""grover_power"":8,""max_transpiled_quantum_depth"":1716,""operation_counts_including_non_gates"":{""barrier"":1,""cx"":1088,""measure"":1,""u"":1670},""qubits"":7,""transpiled_quantum_gate_count"":2758}]","[""u"",""cx""]",0,none; all-to-all analysis without a backend target or coupling map
1.0,actual_runtime_and_circuit_metrics,qiskit_statevector_mlae,Qiskit StatevectorSampler finite-shot CPU simulation of synthesized circuits; not a QPU,56,64,0.875,contiguous_prefix_visible_then_blocked,3c2388fcb014d41bb64b30937ecf31fd7ffb7b9790d03bc63ad567d3c56e6f33,32,18,64,False,False,"[0,1,2,4]",1,4,3,False,903668330,ok,,"[""RuntimeWarning: divide by zero encountered in scalar divide""]",,,,1.0,0.125,0.125,0.9863123486604318,1.0,0.95,qiskit_mlae_likelihood_ratio,5273.514333,41.051625,5319.092125,6259.573792,320,118,measured-0118,0,qiskit_then_mc,20260802,3841747339,measured,11,7,7,7,4,1,4.516625,0.005917,940.47775,107276,163382,326432,326432,"[{""grover_power"":0,""max_transpiled_quantum_depth"":11828,""operation_counts_including_non_gates"":{""barrier"":1,""cx"":7616,""measure"":1,""u"":10390},""qubits"":7,""transpiled_quantum_gate_count"":18006},{""grover_power"":1,""max_transpiled_quantum_depth"":35690,""operation_counts_including_non_gates"":{""barrier"":1,""cx"":22984,""measure"":1,""u"":31366},""qubits"":7,""transpiled_quantum_gate_count"":54350},{""grover_power"":2,""max_transpiled_quantum_depth"":59552,""operation_counts_including_non_gates"":{""barrier"":1,""cx"":38352,""measure"":1,""u"":52342},""qubits"":7,""transpiled_quantum_gate_count"":90694},{""grover_power"":4,""max_transpiled_quantum_depth"":107276,""operation_counts_including_non_gates"":{""barrier"":1,""cx"":69088,""measure"":1,""u"":94294},""qubits"":7,""transpiled_quantum_gate_count"":163382}]","[""u"",""cx""]",0,none; all-to-all analysis without a backend target or coupling map
1.0,actual_runtime_and_circuit_metrics,classical_monte_carlo,Python table MC,56,64,0.875,contiguous_prefix_visible_then_blocked,3c2388fcb014d41bb64b30937ecf31fd7ffb7b9790d03bc63ad567d3c56e6f33,32,18,64,False,False,,,,3,False,2716239433,ok,,[],18,16,with_replacement,0.8888888888888888,0.01388888888888884,0.01388888888888884,0.6720023486982121,0.9689804773543875,0.95,wilson_score,0.022416,0.00725,0.02975,0.02975,321,118,measured-0118,1,qiskit_then_mc,20260802,3841747339,measured,,,,,,,,,,,,,,,,,
1.0,actual_runtime_and_circuit_metrics,classical_monte_carlo,Python table MC,64,64,1.0,contiguous_prefix_visible_then_blocked,7c8975e1e60a5c8337f28edf8c33c3b180360b7279644a9bc1af3c51e6220bf5,256,245,64,True,True,,,,2,False,2911746187,ok,,[],245,245,with_replacement,1.0,0.0,0.0,0.984562625380435,1.0,0.95,wilson_score,0.062167,0.001792,0.064042,0.064042,322,119,measured-0119,0,mc_then_qiskit,20260802,3841747339,measured,,,,,,,,,,,,,,,,,
1.0,actual_runtime_and_circuit_metrics,qiskit_statevector_mlae,Qiskit StatevectorSampler finite-shot CPU simulation of synthesized circuits; not a QPU,64,64,1.0,contiguous_prefix_visible_then_blocked,7c8975e1e60a5c8337f28edf8c33c3b180360b7279644a9bc1af3c51e6220bf5,256,245,64,True,True,"[0,1,2,4,8]",7,35,2,False,3161591908,ok,,"[""RuntimeWarning: divide by zero encountered in scalar divide""]",,,,1.0,0.0,0.0,0.9993402060644846,1.0,0.95,qiskit_mlae_likelihood_ratio,702.550541,99.602791,802.723125,822.665834,323,119,measured-0119,1,mc_then_qiskit,20260802,3841747339,measured,140,105,105,105,5,1,0.560291,0.005375,19.939459,1716,2775,5225,36575,"[{""grover_power"":0,""max_transpiled_quantum_depth"":1,""operation_counts_including_non_gates"":{""barrier"":1,""measure"":1,""u"":7},""qubits"":7,""transpiled_quantum_gate_count"":7},{""grover_power"":1,""max_transpiled_quantum_depth"":218,""operation_counts_including_non_gates"":{""barrier"":1,""cx"":136,""measure"":1,""u"":217},""qubits"":7,""transpiled_quantum_gate_count"":353},{""grover_power"":2,""max_transpiled_quantum_depth"":432,""operation_counts_including_non_gates"":{""barrier"":1,""cx"":272,""measure"":1,""u"":427},""qubits"":7,""transpiled_quantum_gate_count"":699},{""grover_power"":4,""max_transpiled_quantum_depth"":860,""operation_counts_including_non_gates"":{""barrier"":1,""cx"":544,""measure"":1,""u"":847},""qubits"":7,""transpiled_quantum_gate_count"":1391},{""grover_power"":8,""max_transpiled_quantum_depth"":1716,""operation_counts_including_non_gates"":{""barrier"":1,""cx"":1088,""measure"":1,""u"":1687},""qubits"":7,""transpiled_quantum_gate_count"":2775}]","[""u"",""cx""]",0,none; all-to-all analysis without a backend target or coupling map
1.0,actual_runtime_and_circuit_metrics,qiskit_statevector_mlae,Qiskit StatevectorSampler finite-shot CPU simulation of synthesized circuits; not a QPU,0,64,0.0,contiguous_prefix_visible_then_blocked,f5a5fd42d16a20302798ef6ed309979b43003d2320d9f0e8ea9831a92759fb4b,32,18,64,False,False,"[0,1,2,4]",1,4,2,False,1137833914,ok,,[],,,,1e-30,1e-30,1e-30,1e-30,0.013687651339568268,0.95,qiskit_mlae_likelihood_ratio,288.548167,42.383333,331.236292,341.829209,324,120,measured-0120,0,qiskit_then_mc,20260802,3841747339,measured,11,7,7,7,4,1,0.296542,0.004541,10.588792,860,1382,2432,2432,"[{""grover_power"":0,""max_transpiled_quantum_depth"":1,""operation_counts_including_non_gates"":{""barrier"":1,""measure"":1,""u"":6},""qubits"":7,""transpiled_quantum_gate_count"":6},{""grover_power"":1,""max_transpiled_quantum_depth"":218,""operation_counts_including_non_gates"":{""barrier"":1,""cx"":136,""measure"":1,""u"":214},""qubits"":7,""transpiled_quantum_gate_count"":350},{""grover_power"":2,""max_transpiled_quantum_depth"":432,""operation_counts_including_non_gates"":{""barrier"":1,""cx"":272,""measure"":1,""u"":422},""qubits"":7,""transpiled_quantum_gate_count"":694},{""grover_power"":4,""max_transpiled_quantum_depth"":860,""operation_counts_including_non_gates"":{""barrier"":1,""cx"":544,""measure"":1,""u"":838},""qubits"":7,""transpiled_quantum_gate_count"":1382}]","[""u"",""cx""]",0,none; all-to-all analysis without a backend target or coupling map
1.0,actual_runtime_and_circuit_metrics,classical_monte_carlo,Python table MC,0,64,0.0,contiguous_prefix_visible_then_blocked,f5a5fd42d16a20302798ef6ed309979b43003d2320d9f0e8ea9831a92759fb4b,32,18,64,False,False,,,,2,False,3863165478,ok,,[],18,0,with_replacement,0.0,0.0,0.0,0.0,0.17587922364665756,0.95,wilson_score,0.019208,0.006292,0.025625,0.025625,325,120,measured-0120,1,qiskit_then_mc,20260802,3841747339,measured,,,,,,,,,,,,,,,,,
1.0,actual_runtime_and_circuit_metrics,classical_monte_carlo,Python table MC,8,64,0.125,contiguous_prefix_visible_then_blocked,407b84e032b28972b59fe5732c4e37776624a39308e563a5604359ca2b16ec23,32,18,64,False,False,,,,2,False,2774916976,ok,,[],18,1,with_replacement,0.05555555555555555,-0.06944444444444445,0.06944444444444445,0.009875190978303083,0.25757300781872583,0.95,wilson_score,0.012042,0.001292,0.013417,0.013417,326,121,measured-0121,0,mc_then_qiskit,20260802,3841747339,measured,,,,,,,,,,,,,,,,,
1.0,actual_runtime_and_circuit_metrics,qiskit_statevector_mlae,Qiskit StatevectorSampler finite-shot CPU simulation of synthesized circuits; not a QPU,8,64,0.125,contiguous_prefix_visible_then_blocked,407b84e032b28972b59fe5732c4e37776624a39308e563a5604359ca2b16ec23,32,18,64,False,False,"[0,1,2,4]",1,4,2,False,1542269452,ok,,[],,,,0.1195797767691319,-0.005420223230868104,0.005420223230868104,0.05468133872736881,0.203031235383603,0.95,qiskit_mlae_likelihood_ratio,975.012792,40.953292,1016.990458,1162.077875,327,121,measured-0121,1,mc_then_qiskit,20260802,3841747339,measured,11,7,7,7,4,1,1.015417,0.005375,145.083375,16124,24710,49088,49088,"[{""grover_power"":0,""max_transpiled_quantum_depth"":1700,""operation_counts_including_non_gates"":{""barrier"":1,""cx"":1088,""measure"":1,""u"":1510},""qubits"":7,""transpiled_quantum_gate_count"":2598},{""grover_power"":1,""max_transpiled_quantum_depth"":5306,""operation_counts_including_non_gates"":{""barrier"":1,""cx"":3400,""measure"":1,""u"":4726},""qubits"":7,""transpiled_quantum_gate_count"":8126},{""grover_power"":2,""max_transpiled_quantum_depth"":8912,""operation_counts_including_non_gates"":{""barrier"":1,""cx"":5712,""measure"":1,""u"":7942},""qubits"":7,""transpiled_quantum_gate_count"":13654},{""grover_power"":4,""max_transpiled_quantum_depth"":16124,""operation_counts_including_non_gates"":{""barrier"":1,""cx"":10336,""measure"":1,""u"":14374},""qubits"":7,""transpiled_quantum_gate_count"":24710}]","[""u"",""cx""]",0,none; all-to-all analysis without a backend target or coupling map
1.0,actual_runtime_and_circuit_metrics,qiskit_statevector_mlae,Qiskit StatevectorSampler finite-shot CPU simulation of synthesized circuits; not a QPU,56,64,0.875,contiguous_prefix_visible_then_blocked,3c2388fcb014d41bb64b30937ecf31fd7ffb7b9790d03bc63ad567d3c56e6f33,1024,1015,64,True,True,"[0,1,2,4,8]",29,145,1,False,2619293334,ok,,[],,,,0.8707725243357407,-0.004227475664259295,0.004227475664259295,0.8626581422442612,0.8785530669551038,0.95,qiskit_mlae_likelihood_ratio,9942.609375,101.104375,10047.65575,11886.413,328,122,measured-0122,0,qiskit_then_mc,20260802,3841747339,measured,580,435,435,435,5,1,3.9325,0.005792,1838.753792,202724,308758,635190,18420510,"[{""grover_power"":0,""max_transpiled_quantum_depth"":11828,""operation_counts_including_non_gates"":{""barrier"":1,""cx"":7616,""measure"":1,""u"":10390},""qubits"":7,""transpiled_quantum_gate_count"":18006},{""grover_power"":1,""max_transpiled_quantum_depth"":35690,""operation_counts_including_non_gates"":{""barrier"":1,""cx"":22984,""measure"":1,""u"":31366},""qubits"":7,""transpiled_quantum_gate_count"":54350},{""grover_power"":2,""max_transpiled_quantum_depth"":59552,""operation_counts_including_non_gates"":{""barrier"":1,""cx"":38352,""measure"":1,""u"":52342},""qubits"":7,""transpiled_quantum_gate_count"":90694},{""grover_power"":4,""max_transpiled_quantum_depth"":107276,""operation_counts_including_non_gates"":{""barrier"":1,""cx"":69088,""measure"":1,""u"":94294},""qubits"":7,""transpiled_quantum_gate_count"":163382},{""grover_power"":8,""max_transpiled_quantum_depth"":202724,""operation_counts_including_non_gates"":{""barrier"":1,""cx"":130560,""measure"":1,""u"":178198},""qubits"":7,""transpiled_quantum_gate_count"":308758}]","[""u"",""cx""]",0,none; all-to-all analysis without a backend target or coupling map
1.0,actual_runtime_and_circuit_metrics,classical_monte_carlo,Python table MC,56,64,0.875,contiguous_prefix_visible_then_blocked,3c2388fcb014d41bb64b30937ecf31fd7ffb7b9790d03bc63ad567d3c56e6f33,1024,1015,64,True,True,,,,1,False,1576294917,ok,,[],1015,878,with_replacement,0.865024630541872,-0.009975369458128047,0.009975369458128047,0.8426217557378131,0.8846749140087296,0.95,wilson_score,0.240459,0.0065,0.247,0.247,329,122,measured-0122,1,qiskit_then_mc,20260802,3841747339,measured,,,,,,,,,,,,,,,,,
1.0,actual_runtime_and_circuit_metrics,classical_monte_carlo,Python table MC,64,64,1.0,contiguous_prefix_visible_then_blocked,7c8975e1e60a5c8337f28edf8c33c3b180360b7279644a9bc1af3c51e6220bf5,32,18,64,False,False,,,,4,False,1581690637,ok,,[],18,18,with_replacement,1.0,0.0,0.0,0.8241207763533426,1.0,0.95,wilson_score,0.011625,0.00175,0.013417,0.013417,330,123,measured-0123,0,mc_then_qiskit,20260802,3841747339,measured,,,,,,,,,,,,,,,,,
1.0,actual_runtime_and_circuit_metrics,qiskit_statevector_mlae,Qiskit StatevectorSampler finite-shot CPU simulation of synthesized circuits; not a QPU,64,64,1.0,contiguous_prefix_visible_then_blocked,7c8975e1e60a5c8337f28edf8c33c3b180360b7279644a9bc1af3c51e6220bf5,32,18,64,False,False,"[0,1,2,4]",1,4,4,False,2108824573,ok,,"[""RuntimeWarning: divide by zero encountered in scalar divide""]",,,,1.0,0.0,0.0,0.9863123486604318,1.0,0.95,qiskit_mlae_likelihood_ratio,292.022166,40.466584,333.021209,344.725209,331,123,measured-0123,1,mc_then_qiskit,20260802,3841747339,measured,11,7,7,7,4,1,0.522333,0.006166,11.697542,860,1391,2450,2450,"[{""grover_power"":0,""max_transpiled_quantum_depth"":1,""operation_counts_including_non_gates"":{""barrier"":1,""measure"":1,""u"":7},""qubits"":7,""transpiled_quantum_gate_count"":7},{""grover_power"":1,""max_transpiled_quantum_depth"":218,""operation_counts_including_non_gates"":{""barrier"":1,""cx"":136,""measure"":1,""u"":217},""qubits"":7,""transpiled_quantum_gate_count"":353},{""grover_power"":2,""max_transpiled_quantum_depth"":432,""operation_counts_including_non_gates"":{""barrier"":1,""cx"":272,""measure"":1,""u"":427},""qubits"":7,""transpiled_quantum_gate_count"":699},{""grover_power"":4,""max_transpiled_quantum_depth"":860,""operation_counts_including_non_gates"":{""barrier"":1,""cx"":544,""measure"":1,""u"":847},""qubits"":7,""transpiled_quantum_gate_count"":1391}]","[""u"",""cx""]",0,none; all-to-all analysis without a backend target or coupling map
1.0,actual_runtime_and_circuit_metrics,qiskit_statevector_mlae,Qiskit StatevectorSampler finite-shot CPU simulation of synthesized circuits; not a QPU,64,64,1.0,contiguous_prefix_visible_then_blocked,7c8975e1e60a5c8337f28edf8c33c3b180360b7279644a9bc1af3c51e6220bf5,32,18,64,False,False,"[0,1,2,4]",1,4,2,False,2550225274,ok,,"[""RuntimeWarning: divide by zero encountered in scalar divide""]",,,,1.0,0.0,0.0,0.9863123486604318,1.0,0.95,qiskit_mlae_likelihood_ratio,285.719083,42.30475,328.575708,339.061041,332,124,measured-0124,0,qiskit_then_mc,20260802,3841747339,measured,11,7,7,7,4,1,0.541333,0.005917,10.482208,860,1391,2450,2450,"[{""grover_power"":0,""max_transpiled_quantum_depth"":1,""operation_counts_including_non_gates"":{""barrier"":1,""measure"":1,""u"":7},""qubits"":7,""transpiled_quantum_gate_count"":7},{""grover_power"":1,""max_transpiled_quantum_depth"":218,""operation_counts_including_non_gates"":{""barrier"":1,""cx"":136,""measure"":1,""u"":217},""qubits"":7,""transpiled_quantum_gate_count"":353},{""grover_power"":2,""max_transpiled_quantum_depth"":432,""operation_counts_including_non_gates"":{""barrier"":1,""cx"":272,""measure"":1,""u"":427},""qubits"":7,""transpiled_quantum_gate_count"":699},{""grover_power"":4,""max_transpiled_quantum_depth"":860,""operation_counts_including_non_gates"":{""barrier"":1,""cx"":544,""measure"":1,""u"":847},""qubits"":7,""transpiled_quantum_gate_count"":1391}]","[""u"",""cx""]",0,none; all-to-all analysis without a backend target or coupling map
1.0,actual_runtime_and_circuit_metrics,classical_monte_carlo,Python table MC,64,64,1.0,contiguous_prefix_visible_then_blocked,7c8975e1e60a5c8337f28edf8c33c3b180360b7279644a9bc1af3c51e6220bf5,32,18,64,False,False,,,,2,False,400051912,ok,,[],18,18,with_replacement,1.0,0.0,0.0,0.8241207763533426,1.0,0.95,wilson_score,0.020208,0.006,0.02625,0.02625,333,124,measured-0124,1,qiskit_then_mc,20260802,3841747339,measured,,,,,,,,,,,,,,,,,
1.0,actual_runtime_and_circuit_metrics,classical_monte_carlo,Python table MC,56,64,0.875,contiguous_prefix_visible_then_blocked,3c2388fcb014d41bb64b30937ecf31fd7ffb7b9790d03bc63ad567d3c56e6f33,256,245,64,True,True,,,,2,False,531200046,ok,,[],245,206,with_replacement,0.8408163265306122,-0.034183673469387776,0.034183673469387776,0.7897960299177658,0.8813140045252246,0.95,wilson_score,0.05975,0.003958,0.06375,0.06375,334,125,measured-0125,0,mc_then_qiskit,20260802,3841747339,measured,,,,,,,,,,,,,,,,,
1.0,actual_runtime_and_circuit_metrics,qiskit_statevector_mlae,Qiskit StatevectorSampler finite-shot CPU simulation of synthesized circuits; not a QPU,56,64,0.875,contiguous_prefix_visible_then_blocked,3c2388fcb014d41bb64b30937ecf31fd7ffb7b9790d03bc63ad567d3c56e6f33,256,245,64,True,True,"[0,1,2,4,8]",7,35,2,False,2755426933,ok,,[],,,,0.8709402153664605,-0.004059784633539509,0.004059784633539509,0.8543370205204665,0.8862039427173527,0.95,qiskit_mlae_likelihood_ratio,10228.127042,101.597917,10337.6355,12175.637458,335,125,measured-0125,1,mc_then_qiskit,20260802,3841747339,measured,140,105,105,105,5,1,7.899375,0.007417,1837.986333,202724,308758,635190,4446330,"[{""grover_power"":0,""max_transpiled_quantum_depth"":11828,""operation_counts_including_non_gates"":{""barrier"":1,""cx"":7616,""measure"":1,""u"":10390},""qubits"":7,""transpiled_quantum_gate_count"":18006},{""grover_power"":1,""max_transpiled_quantum_depth"":35690,""operation_counts_including_non_gates"":{""barrier"":1,""cx"":22984,""measure"":1,""u"":31366},""qubits"":7,""transpiled_quantum_gate_count"":54350},{""grover_power"":2,""max_transpiled_quantum_depth"":59552,""operation_counts_including_non_gates"":{""barrier"":1,""cx"":38352,""measure"":1,""u"":52342},""qubits"":7,""transpiled_quantum_gate_count"":90694},{""grover_power"":4,""max_transpiled_quantum_depth"":107276,""operation_counts_including_non_gates"":{""barrier"":1,""cx"":69088,""measure"":1,""u"":94294},""qubits"":7,""transpiled_quantum_gate_count"":163382},{""grover_power"":8,""max_transpiled_quantum_depth"":202724,""operation_counts_including_non_gates"":{""barrier"":1,""cx"":130560,""measure"":1,""u"":178198},""qubits"":7,""transpiled_quantum_gate_count"":308758}]","[""u"",""cx""]",0,none; all-to-all analysis without a backend target or coupling map
1.0,actual_runtime_and_circuit_metrics,qiskit_statevector_mlae,Qiskit StatevectorSampler finite-shot CPU simulation of synthesized circuits; not a QPU,64,64,1.0,contiguous_prefix_visible_then_blocked,7c8975e1e60a5c8337f28edf8c33c3b180360b7279644a9bc1af3c51e6220bf5,256,245,64,True,True,"[0,1,2,4,8]",7,35,0,False,2157546561,ok,,"[""RuntimeWarning: divide by zero encountered in scalar divide""]",,,,1.0,0.0,0.0,0.9993402060644846,1.0,0.95,qiskit_mlae_likelihood_ratio,710.222583,100.706875,811.512167,831.38,336,126,measured-0126,0,qiskit_then_mc,20260802,3841747339,measured,140,105,105,105,5,1,0.563417,0.013167,19.864583,1716,2775,5225,36575,"[{""grover_power"":0,""max_transpiled_quantum_depth"":1,""operation_counts_including_non_gates"":{""barrier"":1,""measure"":1,""u"":7},""qubits"":7,""transpiled_quantum_gate_count"":7},{""grover_power"":1,""max_transpiled_quantum_depth"":218,""operation_counts_including_non_gates"":{""barrier"":1,""cx"":136,""measure"":1,""u"":217},""qubits"":7,""transpiled_quantum_gate_count"":353},{""grover_power"":2,""max_transpiled_quantum_depth"":432,""operation_counts_including_non_gates"":{""barrier"":1,""cx"":272,""measure"":1,""u"":427},""qubits"":7,""transpiled_quantum_gate_count"":699},{""grover_power"":4,""max_transpiled_quantum_depth"":860,""operation_counts_including_non_gates"":{""barrier"":1,""cx"":544,""measure"":1,""u"":847},""qubits"":7,""transpiled_quantum_gate_count"":1391},{""grover_power"":8,""max_transpiled_quantum_depth"":1716,""operation_counts_including_non_gates"":{""barrier"":1,""cx"":1088,""measure"":1,""u"":1687},""qubits"":7,""transpiled_quantum_gate_count"":2775}]","[""u"",""cx""]",0,none; all-to-all analysis without a backend target or coupling map
1.0,actual_runtime_and_circuit_metrics,classical_monte_carlo,Python table MC,64,64,1.0,contiguous_prefix_visible_then_blocked,7c8975e1e60a5c8337f28edf8c33c3b180360b7279644a9bc1af3c51e6220bf5,256,245,64,True,True,,,,0,False,3797394096,ok,,[],245,245,with_replacement,1.0,0.0,0.0,0.984562625380435,1.0,0.95,wilson_score,0.074917,0.020375,0.095334,0.095334,337,126,measured-0126,1,qiskit_then_mc,20260802,3841747339,measured,,,,,,,,,,,,,,,,,
1.0,actual_runtime_and_circuit_metrics,classical_monte_carlo,Python table MC,32,64,0.5,contiguous_prefix_visible_then_blocked,037d6dfb3a369a41e01100fdd53c35ee3fb69ddec5830d61e1138d066a4c2285,32,18,64,False,False,,,,2,False,2368289289,ok,,[],18,10,with_replacement,0.5555555555555556,0.05555555555555558,0.05555555555555558,0.33716415642042785,0.7544048187299436,0.95,wilson_score,0.012042,0.001625,0.013709,0.013709,338,127,measured-0127,0,mc_then_qiskit,20260802,3841747339,measured,,,,,,,,,,,,,,,,,
1.0,actual_runtime_and_circuit_metrics,qiskit_statevector_mlae,Qiskit StatevectorSampler finite-shot CPU simulation of synthesized circuits; not a QPU,32,64,0.5,contiguous_prefix_visible_then_blocked,037d6dfb3a369a41e01100fdd53c35ee3fb69ddec5830d61e1138d066a4c2285,32,18,64,False,False,"[0,1,2,4]",1,4,2,False,1448691530,ok,,[],,,,1e-30,-0.5,0.5,1e-30,0.013687651339568268,0.95,qiskit_mlae_likelihood_ratio,3045.708542,40.27025,3088.605791,3623.118833,339,127,measured-0127,1,mc_then_qiskit,20260802,3841747339,measured,11,7,7,7,4,1,2.618209,0.005042,534.509417,61916,94118,187904,187904,"[{""grover_power"":0,""max_transpiled_quantum_depth"":6788,""operation_counts_including_non_gates"":{""barrier"":1,""cx"":4352,""measure"":1,""u"":5958},""qubits"":7,""transpiled_quantum_gate_count"":10310},{""grover_power"":1,""max_transpiled_quantum_depth"":20570,""operation_counts_including_non_gates"":{""barrier"":1,""cx"":13192,""measure"":1,""u"":18070},""qubits"":7,""transpiled_quantum_gate_count"":31262},{""grover_power"":2,""max_transpiled_quantum_depth"":34352,""operation_counts_including_non_gates"":{""barrier"":1,""cx"":22032,""measure"":1,""u"":30182},""qubits"":7,""transpiled_quantum_gate_count"":52214},{""grover_power"":4,""max_transpiled_quantum_depth"":61916,""operation_counts_including_non_gates"":{""barrier"":1,""cx"":39712,""measure"":1,""u"":54406},""qubits"":7,""transpiled_quantum_gate_count"":94118}]","[""u"",""cx""]",0,none; all-to-all analysis without a backend target or coupling map
1.0,actual_runtime_and_circuit_metrics,qiskit_statevector_mlae,Qiskit StatevectorSampler finite-shot CPU simulation of synthesized circuits; not a QPU,8,64,0.125,contiguous_prefix_visible_then_blocked,407b84e032b28972b59fe5732c4e37776624a39308e563a5604359ca2b16ec23,256,245,64,True,True,"[0,1,2,4,8]",7,35,3,False,1598941998,ok,,[],,,,0.12626478006241784,0.0012647800624178418,0.0012647800624178418,0.11009117817704836,0.1436402924330712,0.95,qiskit_mlae_likelihood_ratio,2038.341125,100.160917,2139.644583,2416.879166,340,128,measured-0128,0,qiskit_then_mc,20260802,3841747339,measured,140,105,105,105,5,1,1.132833,0.005708,277.230791,30548,46822,95910,671370,"[{""grover_power"":0,""max_transpiled_quantum_depth"":1700,""operation_counts_including_non_gates"":{""barrier"":1,""cx"":1088,""measure"":1,""u"":1510},""qubits"":7,""transpiled_quantum_gate_count"":2598},{""grover_power"":1,""max_transpiled_quantum_depth"":5306,""operation_counts_including_non_gates"":{""barrier"":1,""cx"":3400,""measure"":1,""u"":4726},""qubits"":7,""transpiled_quantum_gate_count"":8126},{""grover_power"":2,""max_transpiled_quantum_depth"":8912,""operation_counts_including_non_gates"":{""barrier"":1,""cx"":5712,""measure"":1,""u"":7942},""qubits"":7,""transpiled_quantum_gate_count"":13654},{""grover_power"":4,""max_transpiled_quantum_depth"":16124,""operation_counts_including_non_gates"":{""barrier"":1,""cx"":10336,""measure"":1,""u"":14374},""qubits"":7,""transpiled_quantum_gate_count"":24710},{""grover_power"":8,""max_transpiled_quantum_depth"":30548,""operation_counts_including_non_gates"":{""barrier"":1,""cx"":19584,""measure"":1,""u"":27238},""qubits"":7,""transpiled_quantum_gate_count"":46822}]","[""u"",""cx""]",0,none; all-to-all analysis without a backend target or coupling map
1.0,actual_runtime_and_circuit_metrics,classical_monte_carlo,Python table MC,8,64,0.125,contiguous_prefix_visible_then_blocked,407b84e032b28972b59fe5732c4e37776624a39308e563a5604359ca2b16ec23,256,245,64,True,True,,,,3,False,2063040529,ok,,[],245,41,with_replacement,0.1673469387755102,0.04234693877551021,0.04234693877551021,0.12581912824736974,0.21914532915258578,0.95,wilson_score,0.067792,0.007209,0.075084,0.075084,341,128,measured-0128,1,qiskit_then_mc,20260802,3841747339,measured,,,,,,,,,,,,,,,,,
1.0,actual_runtime_and_circuit_metrics,classical_monte_carlo,Python table MC,56,64,0.875,contiguous_prefix_visible_then_blocked,3c2388fcb014d41bb64b30937ecf31fd7ffb7b9790d03bc63ad567d3c56e6f33,1024,1015,64,True,True,,,,2,False,1019529309,ok,,[],1015,878,with_replacement,0.865024630541872,-0.009975369458128047,0.009975369458128047,0.8426217557378131,0.8846749140087296,0.95,wilson_score,0.242667,0.001833,0.244542,0.244542,342,129,measured-0129,0,mc_then_qiskit,20260802,3841747339,measured,,,,,,,,,,,,,,,,,
1.0,actual_runtime_and_circuit_metrics,qiskit_statevector_mlae,Qiskit StatevectorSampler finite-shot CPU simulation of synthesized circuits; not a QPU,56,64,0.875,contiguous_prefix_visible_then_blocked,3c2388fcb014d41bb64b30937ecf31fd7ffb7b9790d03bc63ad567d3c56e6f33,1024,1015,64,True,True,"[0,1,2,4,8]",29,145,2,False,2130789432,ok,,[],,,,0.8695960937043407,-0.005403906295659344,0.005403906295659344,0.8615374755092641,0.8773664083916023,0.95,qiskit_mlae_likelihood_ratio,10227.573,102.167333,10333.730333,12149.188417,343,129,measured-0129,1,mc_then_qiskit,20260802,3841747339,measured,580,435,435,435,5,1,3.979958,0.006291,1815.454125,202724,308758,635190,18420510,"[{""grover_power"":0,""max_transpiled_quantum_depth"":11828,""operation_counts_including_non_gates"":{""barrier"":1,""cx"":7616,""measure"":1,""u"":10390},""qubits"":7,""transpiled_quantum_gate_count"":18006},{""grover_power"":1,""max_transpiled_quantum_depth"":35690,""operation_counts_including_non_gates"":{""barrier"":1,""cx"":22984,""measure"":1,""u"":31366},""qubits"":7,""transpiled_quantum_gate_count"":54350},{""grover_power"":2,""max_transpiled_quantum_depth"":59552,""operation_counts_including_non_gates"":{""barrier"":1,""cx"":38352,""measure"":1,""u"":52342},""qubits"":7,""transpiled_quantum_gate_count"":90694},{""grover_power"":4,""max_transpiled_quantum_depth"":107276,""operation_counts_including_non_gates"":{""barrier"":1,""cx"":69088,""measure"":1,""u"":94294},""qubits"":7,""transpiled_quantum_gate_count"":163382},{""grover_power"":8,""max_transpiled_quantum_depth"":202724,""operation_counts_including_non_gates"":{""barrier"":1,""cx"":130560,""measure"":1,""u"":178198},""qubits"":7,""transpiled_quantum_gate_count"":308758}]","[""u"",""cx""]",0,none; all-to-all analysis without a backend target or coupling map
1.0,actual_runtime_and_circuit_metrics,qiskit_statevector_mlae,Qiskit StatevectorSampler finite-shot CPU simulation of synthesized circuits; not a QPU,56,64,0.875,contiguous_prefix_visible_then_blocked,3c2388fcb014d41bb64b30937ecf31fd7ffb7b9790d03bc63ad567d3c56e6f33,1024,1015,64,True,True,"[0,1,2,4,8]",29,145,4,False,3764760240,ok,,[],,,,0.8768739256666823,0.001873925666682319,0.001873925666682319,0.8557014272271942,0.881032884612094,0.95,qiskit_mlae_likelihood_ratio,10210.822625,100.994583,10315.902875,12145.400542,344,130,measured-0130,0,qiskit_then_mc,20260802,3841747339,measured,580,435,435,435,5,1,4.075292,0.006334,1829.4935,202724,308758,635190,18420510,"[{""grover_power"":0,""max_transpiled_quantum_depth"":11828,""operation_counts_including_non_gates"":{""barrier"":1,""cx"":7616,""measure"":1,""u"":10390},""qubits"":7,""transpiled_quantum_gate_count"":18006},{""grover_power"":1,""max_transpiled_quantum_depth"":35690,""operation_counts_including_non_gates"":{""barrier"":1,""cx"":22984,""measure"":1,""u"":31366},""qubits"":7,""transpiled_quantum_gate_count"":54350},{""grover_power"":2,""max_transpiled_quantum_depth"":59552,""operation_counts_including_non_gates"":{""barrier"":1,""cx"":38352,""measure"":1,""u"":52342},""qubits"":7,""transpiled_quantum_gate_count"":90694},{""grover_power"":4,""max_transpiled_quantum_depth"":107276,""operation_counts_including_non_gates"":{""barrier"":1,""cx"":69088,""measure"":1,""u"":94294},""qubits"":7,""transpiled_quantum_gate_count"":163382},{""grover_power"":8,""max_transpiled_quantum_depth"":202724,""operation_counts_including_non_gates"":{""barrier"":1,""cx"":130560,""measure"":1,""u"":178198},""qubits"":7,""transpiled_quantum_gate_count"":308758}]","[""u"",""cx""]",0,none; all-to-all analysis without a backend target or coupling map
1.0,actual_runtime_and_circuit_metrics,classical_monte_carlo,Python table MC,56,64,0.875,contiguous_prefix_visible_then_blocked,3c2388fcb014d41bb64b30937ecf31fd7ffb7b9790d03bc63ad567d3c56e6f33,1024,1015,64,True,True,,,,4,False,899358101,ok,,[],1015,872,with_replacement,0.8591133004926108,-0.01588669950738919,0.01588669950738919,0.8363537820480171,0.8791648039779336,0.95,wilson_score,0.2345,0.007167,0.241709,0.241709,345,130,measured-0130,1,qiskit_then_mc,20260802,3841747339,measured,,,,,,,,,,,,,,,,,
1.0,actual_runtime_and_circuit_metrics,classical_monte_carlo,Python table MC,0,64,0.0,contiguous_prefix_visible_then_blocked,f5a5fd42d16a20302798ef6ed309979b43003d2320d9f0e8ea9831a92759fb4b,512,490,64,True,True,,,,0,False,2132020132,ok,,[],490,0,with_replacement,0.0,0.0,0.0,0.0,0.007778728885718958,0.95,wilson_score,0.11625,0.001834,0.118125,0.118125,346,131,measured-0131,0,mc_then_qiskit,20260802,3841747339,measured,,,,,,,,,,,,,,,,,
1.0,actual_runtime_and_circuit_metrics,qiskit_statevector_mlae,Qiskit StatevectorSampler finite-shot CPU simulation of synthesized circuits; not a QPU,0,64,0.0,contiguous_prefix_visible_then_blocked,f5a5fd42d16a20302798ef6ed309979b43003d2320d9f0e8ea9831a92759fb4b,512,490,64,True,True,"[0,1,2,4,8]",14,70,0,False,3111920374,ok,,[],,,,1e-30,1e-30,1e-30,1e-30,0.00033307166931279903,0.95,qiskit_mlae_likelihood_ratio,702.113167,100.627667,803.156833,822.4045,347,131,measured-0131,1,mc_then_qiskit,20260802,3841747339,measured,280,210,210,210,5,1,0.406917,0.005167,19.244,1716,2758,5190,72660,"[{""grover_power"":0,""max_transpiled_quantum_depth"":1,""operation_counts_including_non_gates"":{""barrier"":1,""measure"":1,""u"":6},""qubits"":7,""transpiled_quantum_gate_count"":6},{""grover_power"":1,""max_transpiled_quantum_depth"":218,""operation_counts_including_non_gates"":{""barrier"":1,""cx"":136,""measure"":1,""u"":214},""qubits"":7,""transpiled_quantum_gate_count"":350},{""grover_power"":2,""max_transpiled_quantum_depth"":432,""operation_counts_including_non_gates"":{""barrier"":1,""cx"":272,""measure"":1,""u"":422},""qubits"":7,""transpiled_quantum_gate_count"":694},{""grover_power"":4,""max_transpiled_quantum_depth"":860,""operation_counts_including_non_gates"":{""barrier"":1,""cx"":544,""measure"":1,""u"":838},""qubits"":7,""transpiled_quantum_gate_count"":1382},{""grover_power"":8,""max_transpiled_quantum_depth"":1716,""operation_counts_including_non_gates"":{""barrier"":1,""cx"":1088,""measure"":1,""u"":1670},""qubits"":7,""transpiled_quantum_gate_count"":2758}]","[""u"",""cx""]",0,none; all-to-all analysis without a backend target or coupling map
1.0,actual_runtime_and_circuit_metrics,qiskit_statevector_mlae,Qiskit StatevectorSampler finite-shot CPU simulation of synthesized circuits; not a QPU,64,64,1.0,contiguous_prefix_visible_then_blocked,7c8975e1e60a5c8337f28edf8c33c3b180360b7279644a9bc1af3c51e6220bf5,512,490,64,True,True,"[0,1,2,4,8]",14,70,3,False,262289173,ok,,"[""RuntimeWarning: divide by zero encountered in scalar divide""]",,,,1.0,0.0,0.0,0.9996669283306872,1.0,0.95,qiskit_mlae_likelihood_ratio,694.922208,100.555583,796.023917,818.593792,348,132,measured-0132,0,qiskit_then_mc,20260802,3841747339,measured,280,210,210,210,5,1,0.53475,0.007041,22.566625,1716,2775,5225,73150,"[{""grover_power"":0,""max_transpiled_quantum_depth"":1,""operation_counts_including_non_gates"":{""barrier"":1,""measure"":1,""u"":7},""qubits"":7,""transpiled_quantum_gate_count"":7},{""grover_power"":1,""max_transpiled_quantum_depth"":218,""operation_counts_including_non_gates"":{""barrier"":1,""cx"":136,""measure"":1,""u"":217},""qubits"":7,""transpiled_quantum_gate_count"":353},{""grover_power"":2,""max_transpiled_quantum_depth"":432,""operation_counts_including_non_gates"":{""barrier"":1,""cx"":272,""measure"":1,""u"":427},""qubits"":7,""transpiled_quantum_gate_count"":699},{""grover_power"":4,""max_transpiled_quantum_depth"":860,""operation_counts_including_non_gates"":{""barrier"":1,""cx"":544,""measure"":1,""u"":847},""qubits"":7,""transpiled_quantum_gate_count"":1391},{""grover_power"":8,""max_transpiled_quantum_depth"":1716,""operation_counts_including_non_gates"":{""barrier"":1,""cx"":1088,""measure"":1,""u"":1687},""qubits"":7,""transpiled_quantum_gate_count"":2775}]","[""u"",""cx""]",0,none; all-to-all analysis without a backend target or coupling map
1.0,actual_runtime_and_circuit_metrics,classical_monte_carlo,Python table MC,64,64,1.0,contiguous_prefix_visible_then_blocked,7c8975e1e60a5c8337f28edf8c33c3b180360b7279644a9bc1af3c51e6220bf5,512,490,64,True,True,,,,3,False,3440021303,ok,,[],490,490,with_replacement,1.0,0.0,0.0,0.9922212711142809,1.0,0.95,wilson_score,0.127042,0.007583,0.134708,0.134708,349,132,measured-0132,1,qiskit_then_mc,20260802,3841747339,measured,,,,,,,,,,,,,,,,,
1.0,actual_runtime_and_circuit_metrics,classical_monte_carlo,Python table MC,32,64,0.5,contiguous_prefix_visible_then_blocked,037d6dfb3a369a41e01100fdd53c35ee3fb69ddec5830d61e1138d066a4c2285,64,35,64,True,False,,,,2,False,300828827,ok,,[],35,12,with_replacement,0.34285714285714286,-0.15714285714285714,0.15714285714285714,0.20831694987048965,0.5084805048600374,0.95,wilson_score,0.016583,0.002,0.018666,0.018666,350,133,measured-0133,0,mc_then_qiskit,20260802,3841747339,measured,,,,,,,,,,,,,,,,,
1.0,actual_runtime_and_circuit_metrics,qiskit_statevector_mlae,Qiskit StatevectorSampler finite-shot CPU simulation of synthesized circuits; not a QPU,32,64,0.5,contiguous_prefix_visible_then_blocked,037d6dfb3a369a41e01100fdd53c35ee3fb69ddec5830d61e1138d066a4c2285,64,35,64,True,False,"[0,1,2,4,8]",1,5,2,False,3904842000,ok,,[],,,,1e-30,-0.5,0.5,1e-30,0.00390950341710986,0.95,qiskit_mlae_likelihood_ratio,6005.4905,99.936417,6108.0785,7152.427458,351,133,measured-0133,1,mc_then_qiskit,20260802,3841747339,measured,20,15,15,15,5,1,2.641583,0.006,1044.344666,117044,177926,365830,365830,"[{""grover_power"":0,""max_transpiled_quantum_depth"":6788,""operation_counts_including_non_gates"":{""barrier"":1,""cx"":4352,""measure"":1,""u"":5958},""qubits"":7,""transpiled_quantum_gate_count"":10310},{""grover_power"":1,""max_transpiled_quantum_depth"":20570,""operation_counts_including_non_gates"":{""barrier"":1,""cx"":13192,""measure"":1,""u"":18070},""qubits"":7,""transpiled_quantum_gate_count"":31262},{""grover_power"":2,""max_transpiled_quantum_depth"":34352,""operation_counts_including_non_gates"":{""barrier"":1,""cx"":22032,""measure"":1,""u"":30182},""qubits"":7,""transpiled_quantum_gate_count"":52214},{""grover_power"":4,""max_transpiled_quantum_depth"":61916,""operation_counts_including_non_gates"":{""barrier"":1,""cx"":39712,""measure"":1,""u"":54406},""qubits"":7,""transpiled_quantum_gate_count"":94118},{""grover_power"":8,""max_transpiled_quantum_depth"":117044,""operation_counts_including_non_gates"":{""barrier"":1,""cx"":75072,""measure"":1,""u"":102854},""qubits"":7,""transpiled_quantum_gate_count"":177926}]","[""u"",""cx""]",0,none; all-to-all analysis without a backend target or coupling map
1.0,actual_runtime_and_circuit_metrics,qiskit_statevector_mlae,Qiskit StatevectorSampler finite-shot CPU simulation of synthesized circuits; not a QPU,63,64,0.984375,contiguous_prefix_visible_then_blocked,4a22bb45b68e2388bce472d38b49adb1bb6b08e220e9edede71b70cc62ad2db2,1024,1015,64,True,True,"[0,1,2,4,8]",29,145,1,False,359894184,ok,,[],,,,0.9842056613138622,-0.00016933868613777658,0.00016933868613777658,0.9817827796740255,0.9864004418690726,0.95,qiskit_mlae_likelihood_ratio,11329.389041,101.199625,11438.015708,13493.623,352,134,measured-0134,0,qiskit_then_mc,20260802,3841747339,measured,580,435,435,435,5,1,7.413334,0.007833,2055.6015,227715,346651,713205,20682945,"[{""grover_power"":0,""max_transpiled_quantum_depth"":13299,""operation_counts_including_non_gates"":{""barrier"":1,""cx"":8568,""measure"":1,""u"":11667},""qubits"":7,""transpiled_quantum_gate_count"":20235},{""grover_power"":1,""max_transpiled_quantum_depth"":40101,""operation_counts_including_non_gates"":{""barrier"":1,""cx"":25840,""measure"":1,""u"":35197},""qubits"":7,""transpiled_quantum_gate_count"":61037},{""grover_power"":2,""max_transpiled_quantum_depth"":66903,""operation_counts_including_non_gates"":{""barrier"":1,""cx"":43112,""measure"":1,""u"":58727},""qubits"":7,""transpiled_quantum_gate_count"":101839},{""grover_power"":4,""max_transpiled_quantum_depth"":120507,""operation_counts_including_non_gates"":{""barrier"":1,""cx"":77656,""measure"":1,""u"":105787},""qubits"":7,""transpiled_quantum_gate_count"":183443},{""grover_power"":8,""max_transpiled_quantum_depth"":227715,""operation_counts_including_non_gates"":{""barrier"":1,""cx"":146744,""measure"":1,""u"":199907},""qubits"":7,""transpiled_quantum_gate_count"":346651}]","[""u"",""cx""]",0,none; all-to-all analysis without a backend target or coupling map
1.0,actual_runtime_and_circuit_metrics,classical_monte_carlo,Python table MC,63,64,0.984375,contiguous_prefix_visible_then_blocked,4a22bb45b68e2388bce472d38b49adb1bb6b08e220e9edede71b70cc62ad2db2,1024,1015,64,True,True,,,,1,False,2453460317,ok,,[],1015,1002,with_replacement,0.987192118226601,0.002817118226601023,0.002817118226601023,0.9782104929717368,0.9924999070003695,0.95,wilson_score,0.242667,0.0065,0.24925,0.24925,353,134,measured-0134,1,qiskit_then_mc,20260802,3841747339,measured,,,,,,,,,,,,,,,,,
1.0,actual_runtime_and_circuit_metrics,classical_monte_carlo,Python table MC,56,64,0.875,contiguous_prefix_visible_then_blocked,3c2388fcb014d41bb64b30937ecf31fd7ffb7b9790d03bc63ad567d3c56e6f33,512,490,64,True,True,,,,2,False,2426367239,ok,,[],490,415,with_replacement,0.8469387755102041,-0.028061224489795866,0.028061224489795866,0.8123705026460915,0.8761095630250424,0.95,wilson_score,0.11175,0.001417,0.113209,0.113209,354,135,measured-0135,0,mc_then_qiskit,20260802,3841747339,measured,,,,,,,,,,,,,,,,,
1.0,actual_runtime_and_circuit_metrics,qiskit_statevector_mlae,Qiskit StatevectorSampler finite-shot CPU simulation of synthesized circuits; not a QPU,56,64,0.875,contiguous_prefix_visible_then_blocked,3c2388fcb014d41bb64b30937ecf31fd7ffb7b9790d03bc63ad567d3c56e6f33,512,490,64,True,True,"[0,1,2,4,8]",14,70,2,False,1192130214,ok,,[],,,,0.8601963053360447,-0.014803694663955258,0.014803694663955258,0.8505240979347859,0.8788387569914305,0.95,qiskit_mlae_likelihood_ratio,10173.043875,101.052292,10282.7605,12109.533625,355,135,measured-0135,1,mc_then_qiskit,20260802,3841747339,measured,280,210,210,210,5,1,8.653625,0.006667,1826.769167,202724,308758,635190,8892660,"[{""grover_power"":0,""max_transpiled_quantum_depth"":11828,""operation_counts_including_non_gates"":{""barrier"":1,""cx"":7616,""measure"":1,""u"":10390},""qubits"":7,""transpiled_quantum_gate_count"":18006},{""grover_power"":1,""max_transpiled_quantum_depth"":35690,""operation_counts_including_non_gates"":{""barrier"":1,""cx"":22984,""measure"":1,""u"":31366},""qubits"":7,""transpiled_quantum_gate_count"":54350},{""grover_power"":2,""max_transpiled_quantum_depth"":59552,""operation_counts_including_non_gates"":{""barrier"":1,""cx"":38352,""measure"":1,""u"":52342},""qubits"":7,""transpiled_quantum_gate_count"":90694},{""grover_power"":4,""max_transpiled_quantum_depth"":107276,""operation_counts_including_non_gates"":{""barrier"":1,""cx"":69088,""measure"":1,""u"":94294},""qubits"":7,""transpiled_quantum_gate_count"":163382},{""grover_power"":8,""max_transpiled_quantum_depth"":202724,""operation_counts_including_non_gates"":{""barrier"":1,""cx"":130560,""measure"":1,""u"":178198},""qubits"":7,""transpiled_quantum_gate_count"":308758}]","[""u"",""cx""]",0,none; all-to-all analysis without a backend target or coupling map
1.0,actual_runtime_and_circuit_metrics,qiskit_statevector_mlae,Qiskit StatevectorSampler finite-shot CPU simulation of synthesized circuits; not a QPU,64,64,1.0,contiguous_prefix_visible_then_blocked,7c8975e1e60a5c8337f28edf8c33c3b180360b7279644a9bc1af3c51e6220bf5,32,18,64,False,False,"[0,1,2,4]",1,4,3,False,1821121606,ok,,"[""RuntimeWarning: divide by zero encountered in scalar divide""]",,,,1.0,0.0,0.0,0.9863123486604318,1.0,0.95,qiskit_mlae_likelihood_ratio,296.498875,41.442625,338.486917,350.176292,356,136,measured-0136,0,qiskit_then_mc,20260802,3841747339,measured,11,7,7,7,4,1,0.536208,0.005,11.686083,860,1391,2450,2450,"[{""grover_power"":0,""max_transpiled_quantum_depth"":1,""operation_counts_including_non_gates"":{""barrier"":1,""measure"":1,""u"":7},""qubits"":7,""transpiled_quantum_gate_count"":7},{""grover_power"":1,""max_transpiled_quantum_depth"":218,""operation_counts_including_non_gates"":{""barrier"":1,""cx"":136,""measure"":1,""u"":217},""qubits"":7,""transpiled_quantum_gate_count"":353},{""grover_power"":2,""max_transpiled_quantum_depth"":432,""operation_counts_including_non_gates"":{""barrier"":1,""cx"":272,""measure"":1,""u"":427},""qubits"":7,""transpiled_quantum_gate_count"":699},{""grover_power"":4,""max_transpiled_quantum_depth"":860,""operation_counts_including_non_gates"":{""barrier"":1,""cx"":544,""measure"":1,""u"":847},""qubits"":7,""transpiled_quantum_gate_count"":1391}]","[""u"",""cx""]",0,none; all-to-all analysis without a backend target or coupling map
1.0,actual_runtime_and_circuit_metrics,classical_monte_carlo,Python table MC,64,64,1.0,contiguous_prefix_visible_then_blocked,7c8975e1e60a5c8337f28edf8c33c3b180360b7279644a9bc1af3c51e6220bf5,32,18,64,False,False,,,,3,False,3727635424,ok,,[],18,18,with_replacement,1.0,0.0,0.0,0.8241207763533426,1.0,0.95,wilson_score,0.021459,0.006541,0.028125,0.028125,357,136,measured-0136,1,qiskit_then_mc,20260802,3841747339,measured,,,,,,,,,,,,,,,,,
1.0,actual_runtime_and_circuit_metrics,classical_monte_carlo,Python table MC,56,64,0.875,contiguous_prefix_visible_then_blocked,3c2388fcb014d41bb64b30937ecf31fd7ffb7b9790d03bc63ad567d3c56e6f33,1024,1015,64,True,True,,,,3,False,3293175477,ok,,[],1015,878,with_replacement,0.865024630541872,-0.009975369458128047,0.009975369458128047,0.8426217557378131,0.8846749140087296,0.95,wilson_score,0.22475,0.001833,0.226625,0.226625,358,137,measured-0137,0,mc_then_qiskit,20260802,3841747339,measured,,,,,,,,,,,,,,,,,
1.0,actual_runtime_and_circuit_metrics,qiskit_statevector_mlae,Qiskit StatevectorSampler finite-shot CPU simulation of synthesized circuits; not a QPU,56,64,0.875,contiguous_prefix_visible_then_blocked,3c2388fcb014d41bb64b30937ecf31fd7ffb7b9790d03bc63ad567d3c56e6f33,1024,1015,64,True,True,"[0,1,2,4,8]",29,145,3,False,3087681761,ok,,[],,,,0.8724452559635405,-0.0025547440364594998,0.0025547440364594998,0.8643319553380765,0.8802222639545335,0.95,qiskit_mlae_likelihood_ratio,10011.605917,99.109875,10114.639459,11938.62775,359,137,measured-0137,1,mc_then_qiskit,20260802,3841747339,measured,580,435,435,435,5,1,3.914417,0.005417,1823.984708,202724,308758,635190,18420510,"[{""grover_power"":0,""max_transpiled_quantum_depth"":11828,""operation_counts_including_non_gates"":{""barrier"":1,""cx"":7616,""measure"":1,""u"":10390},""qubits"":7,""transpiled_quantum_gate_count"":18006},{""grover_power"":1,""max_transpiled_quantum_depth"":35690,""operation_counts_including_non_gates"":{""barrier"":1,""cx"":22984,""measure"":1,""u"":31366},""qubits"":7,""transpiled_quantum_gate_count"":54350},{""grover_power"":2,""max_transpiled_quantum_depth"":59552,""operation_counts_including_non_gates"":{""barrier"":1,""cx"":38352,""measure"":1,""u"":52342},""qubits"":7,""transpiled_quantum_gate_count"":90694},{""grover_power"":4,""max_transpiled_quantum_depth"":107276,""operation_counts_including_non_gates"":{""barrier"":1,""cx"":69088,""measure"":1,""u"":94294},""qubits"":7,""transpiled_quantum_gate_count"":163382},{""grover_power"":8,""max_transpiled_quantum_depth"":202724,""operation_counts_including_non_gates"":{""barrier"":1,""cx"":130560,""measure"":1,""u"":178198},""qubits"":7,""transpiled_quantum_gate_count"":308758}]","[""u"",""cx""]",0,none; all-to-all analysis without a backend target or coupling map
1.0,actual_runtime_and_circuit_metrics,qiskit_statevector_mlae,Qiskit StatevectorSampler finite-shot CPU simulation of synthesized circuits; not a QPU,63,64,0.984375,contiguous_prefix_visible_then_blocked,4a22bb45b68e2388bce472d38b49adb1bb6b08e220e9edede71b70cc62ad2db2,32,18,64,False,False,"[0,1,2,4]",1,4,2,False,3996895894,ok,,"[""RuntimeWarning: divide by zero encountered in scalar divide""]",,,,1.0,0.015625,0.015625,0.9863123486604318,1.0,0.95,qiskit_mlae_likelihood_ratio,5941.865917,40.936667,5987.314792,7044.484458,360,138,measured-0138,0,qiskit_then_mc,20260802,3841747339,measured,11,7,7,7,4,1,4.499333,0.006542,1057.166041,120507,183443,366554,366554,"[{""grover_power"":0,""max_transpiled_quantum_depth"":13299,""operation_counts_including_non_gates"":{""barrier"":1,""cx"":8568,""measure"":1,""u"":11667},""qubits"":7,""transpiled_quantum_gate_count"":20235},{""grover_power"":1,""max_transpiled_quantum_depth"":40101,""operation_counts_including_non_gates"":{""barrier"":1,""cx"":25840,""measure"":1,""u"":35197},""qubits"":7,""transpiled_quantum_gate_count"":61037},{""grover_power"":2,""max_transpiled_quantum_depth"":66903,""operation_counts_including_non_gates"":{""barrier"":1,""cx"":43112,""measure"":1,""u"":58727},""qubits"":7,""transpiled_quantum_gate_count"":101839},{""grover_power"":4,""max_transpiled_quantum_depth"":120507,""operation_counts_including_non_gates"":{""barrier"":1,""cx"":77656,""measure"":1,""u"":105787},""qubits"":7,""transpiled_quantum_gate_count"":183443}]","[""u"",""cx""]",0,none; all-to-all analysis without a backend target or coupling map
1.0,actual_runtime_and_circuit_metrics,classical_monte_carlo,Python table MC,63,64,0.984375,contiguous_prefix_visible_then_blocked,4a22bb45b68e2388bce472d38b49adb1bb6b08e220e9edede71b70cc62ad2db2,32,18,64,False,False,,,,2,False,1260980449,ok,,[],18,18,with_replacement,1.0,0.015625,0.015625,0.8241207763533426,1.0,0.95,wilson_score,0.022583,0.009875,0.0325,0.0325,361,138,measured-0138,1,qiskit_then_mc,20260802,3841747339,measured,,,,,,,,,,,,,,,,,
1.0,actual_runtime_and_circuit_metrics,classical_monte_carlo,Python table MC,32,64,0.5,contiguous_prefix_visible_then_blocked,037d6dfb3a369a41e01100fdd53c35ee3fb69ddec5830d61e1138d066a4c2285,512,490,64,True,True,,,,2,False,411991365,ok,,[],490,251,with_replacement,0.5122448979591837,0.01224489795918371,0.01224489795918371,0.4680642201197909,0.5562350763156609,0.95,wilson_score,0.111291,0.002041,0.113416,0.113416,362,139,measured-0139,0,mc_then_qiskit,20260802,3841747339,measured,,,,,,,,,,,,,,,,,
1.0,actual_runtime_and_circuit_metrics,qiskit_statevector_mlae,Qiskit StatevectorSampler finite-shot CPU simulation of synthesized circuits; not a QPU,32,64,0.5,contiguous_prefix_visible_then_blocked,037d6dfb3a369a41e01100fdd53c35ee3fb69ddec5830d61e1138d066a4c2285,512,490,64,True,True,"[0,1,2,4,8]",14,70,2,False,106736636,ok,,[],,,,0.5051565158453707,0.0051565158453706905,0.0051565158453706905,0.49215602832156674,0.5177787334855793,0.95,qiskit_mlae_likelihood_ratio,6029.165334,101.862375,6136.744667,7199.000334,363,139,measured-0139,1,mc_then_qiskit,20260802,3841747339,measured,280,210,210,210,5,1,5.698583,0.007292,1062.252,117044,177926,365830,5121620,"[{""grover_power"":0,""max_transpiled_quantum_depth"":6788,""operation_counts_including_non_gates"":{""barrier"":1,""cx"":4352,""measure"":1,""u"":5958},""qubits"":7,""transpiled_quantum_gate_count"":10310},{""grover_power"":1,""max_transpiled_quantum_depth"":20570,""operation_counts_including_non_gates"":{""barrier"":1,""cx"":13192,""measure"":1,""u"":18070},""qubits"":7,""transpiled_quantum_gate_count"":31262},{""grover_power"":2,""max_transpiled_quantum_depth"":34352,""operation_counts_including_non_gates"":{""barrier"":1,""cx"":22032,""measure"":1,""u"":30182},""qubits"":7,""transpiled_quantum_gate_count"":52214},{""grover_power"":4,""max_transpiled_quantum_depth"":61916,""operation_counts_including_non_gates"":{""barrier"":1,""cx"":39712,""measure"":1,""u"":54406},""qubits"":7,""transpiled_quantum_gate_count"":94118},{""grover_power"":8,""max_transpiled_quantum_depth"":117044,""operation_counts_including_non_gates"":{""barrier"":1,""cx"":75072,""measure"":1,""u"":102854},""qubits"":7,""transpiled_quantum_gate_count"":177926}]","[""u"",""cx""]",0,none; all-to-all analysis without a backend target or coupling map
1.0,actual_runtime_and_circuit_metrics,qiskit_statevector_mlae,Qiskit StatevectorSampler finite-shot CPU simulation of synthesized circuits; not a QPU,32,64,0.5,contiguous_prefix_visible_then_blocked,037d6dfb3a369a41e01100fdd53c35ee3fb69ddec5830d61e1138d066a4c2285,32,18,64,False,False,"[0,1,2,4]",1,4,0,False,2284583095,ok,,"[""RuntimeWarning: divide by zero encountered in scalar divide""]",,,,1.0,0.5,0.5,0.9863123486604318,1.0,0.95,qiskit_mlae_likelihood_ratio,3033.82,40.376666,3076.855375,3622.666834,364,140,measured-0140,0,qiskit_then_mc,20260802,3841747339,measured,11,7,7,7,4,1,2.64975,0.005334,545.806167,61916,94118,187904,187904,"[{""grover_power"":0,""max_transpiled_quantum_depth"":6788,""operation_counts_including_non_gates"":{""barrier"":1,""cx"":4352,""measure"":1,""u"":5958},""qubits"":7,""transpiled_quantum_gate_count"":10310},{""grover_power"":1,""max_transpiled_quantum_depth"":20570,""operation_counts_including_non_gates"":{""barrier"":1,""cx"":13192,""measure"":1,""u"":18070},""qubits"":7,""transpiled_quantum_gate_count"":31262},{""grover_power"":2,""max_transpiled_quantum_depth"":34352,""operation_counts_including_non_gates"":{""barrier"":1,""cx"":22032,""measure"":1,""u"":30182},""qubits"":7,""transpiled_quantum_gate_count"":52214},{""grover_power"":4,""max_transpiled_quantum_depth"":61916,""operation_counts_including_non_gates"":{""barrier"":1,""cx"":39712,""measure"":1,""u"":54406},""qubits"":7,""transpiled_quantum_gate_count"":94118}]","[""u"",""cx""]",0,none; all-to-all analysis without a backend target or coupling map
1.0,actual_runtime_and_circuit_metrics,classical_monte_carlo,Python table MC,32,64,0.5,contiguous_prefix_visible_then_blocked,037d6dfb3a369a41e01100fdd53c35ee3fb69ddec5830d61e1138d066a4c2285,32,18,64,False,False,,,,0,False,3635457863,ok,,[],18,11,with_replacement,0.6111111111111112,0.11111111111111116,0.11111111111111116,0.38619041602237913,0.7969475342783637,0.95,wilson_score,0.020041,0.006458,0.026583,0.026583,365,140,measured-0140,1,qiskit_then_mc,20260802,3841747339,measured,,,,,,,,,,,,,,,,,
1.0,actual_runtime_and_circuit_metrics,classical_monte_carlo,Python table MC,56,64,0.875,contiguous_prefix_visible_then_blocked,3c2388fcb014d41bb64b30937ecf31fd7ffb7b9790d03bc63ad567d3c56e6f33,256,245,64,True,True,,,,0,False,1339892942,ok,,[],245,214,with_replacement,0.8734693877551021,-0.001530612244897922,0.001530612244897922,0.8259980319795753,0.9094099698351986,0.95,wilson_score,0.060209,0.001542,0.061792,0.061792,366,141,measured-0141,0,mc_then_qiskit,20260802,3841747339,measured,,,,,,,,,,,,,,,,,
1.0,actual_runtime_and_circuit_metrics,qiskit_statevector_mlae,Qiskit StatevectorSampler finite-shot CPU simulation of synthesized circuits; not a QPU,56,64,0.875,contiguous_prefix_visible_then_blocked,3c2388fcb014d41bb64b30937ecf31fd7ffb7b9790d03bc63ad567d3c56e6f33,256,245,64,True,True,"[0,1,2,4,8]",7,35,0,False,2013379597,ok,,[],,,,0.8686685779735842,-0.0063314220264157894,0.0063314220264157894,0.852612952986631,0.8834103195615604,0.95,qiskit_mlae_likelihood_ratio,10235.116833,99.531333,10338.562667,12162.091125,367,141,measured-0141,1,mc_then_qiskit,20260802,3841747339,measured,140,105,105,105,5,1,3.905083,0.005583,1823.524541,202724,308758,635190,4446330,"[{""grover_power"":0,""max_transpiled_quantum_depth"":11828,""operation_counts_including_non_gates"":{""barrier"":1,""cx"":7616,""measure"":1,""u"":10390},""qubits"":7,""transpiled_quantum_gate_count"":18006},{""grover_power"":1,""max_transpiled_quantum_depth"":35690,""operation_counts_including_non_gates"":{""barrier"":1,""cx"":22984,""measure"":1,""u"":31366},""qubits"":7,""transpiled_quantum_gate_count"":54350},{""grover_power"":2,""max_transpiled_quantum_depth"":59552,""operation_counts_including_non_gates"":{""barrier"":1,""cx"":38352,""measure"":1,""u"":52342},""qubits"":7,""transpiled_quantum_gate_count"":90694},{""grover_power"":4,""max_transpiled_quantum_depth"":107276,""operation_counts_including_non_gates"":{""barrier"":1,""cx"":69088,""measure"":1,""u"":94294},""qubits"":7,""transpiled_quantum_gate_count"":163382},{""grover_power"":8,""max_transpiled_quantum_depth"":202724,""operation_counts_including_non_gates"":{""barrier"":1,""cx"":130560,""measure"":1,""u"":178198},""qubits"":7,""transpiled_quantum_gate_count"":308758}]","[""u"",""cx""]",0,none; all-to-all analysis without a backend target or coupling map
1.0,actual_runtime_and_circuit_metrics,qiskit_statevector_mlae,Qiskit StatevectorSampler finite-shot CPU simulation of synthesized circuits; not a QPU,32,64,0.5,contiguous_prefix_visible_then_blocked,037d6dfb3a369a41e01100fdd53c35ee3fb69ddec5830d61e1138d066a4c2285,512,490,64,True,True,"[0,1,2,4,8]",14,70,4,False,3457494085,ok,,[],,,,0.47235593683696886,-0.02764406316303114,0.02764406316303114,0.0014198719622525555,0.48540731129254433,0.95,qiskit_mlae_likelihood_ratio,6054.632208,100.738041,6157.937416,7204.40925,368,142,measured-0142,0,qiskit_then_mc,20260802,3841747339,measured,280,210,210,210,5,1,2.55825,0.005166,1046.468084,117044,177926,365830,5121620,"[{""grover_power"":0,""max_transpiled_quantum_depth"":6788,""operation_counts_including_non_gates"":{""barrier"":1,""cx"":4352,""measure"":1,""u"":5958},""qubits"":7,""transpiled_quantum_gate_count"":10310},{""grover_power"":1,""max_transpiled_quantum_depth"":20570,""operation_counts_including_non_gates"":{""barrier"":1,""cx"":13192,""measure"":1,""u"":18070},""qubits"":7,""transpiled_quantum_gate_count"":31262},{""grover_power"":2,""max_transpiled_quantum_depth"":34352,""operation_counts_including_non_gates"":{""barrier"":1,""cx"":22032,""measure"":1,""u"":30182},""qubits"":7,""transpiled_quantum_gate_count"":52214},{""grover_power"":4,""max_transpiled_quantum_depth"":61916,""operation_counts_including_non_gates"":{""barrier"":1,""cx"":39712,""measure"":1,""u"":54406},""qubits"":7,""transpiled_quantum_gate_count"":94118},{""grover_power"":8,""max_transpiled_quantum_depth"":117044,""operation_counts_including_non_gates"":{""barrier"":1,""cx"":75072,""measure"":1,""u"":102854},""qubits"":7,""transpiled_quantum_gate_count"":177926}]","[""u"",""cx""]",0,none; all-to-all analysis without a backend target or coupling map
1.0,actual_runtime_and_circuit_metrics,classical_monte_carlo,Python table MC,32,64,0.5,contiguous_prefix_visible_then_blocked,037d6dfb3a369a41e01100fdd53c35ee3fb69ddec5830d61e1138d066a4c2285,512,490,64,True,True,,,,4,False,2496744278,ok,,[],490,260,with_replacement,0.5306122448979592,0.030612244897959218,0.030612244897959218,0.4863576531303161,0.5743905879583134,0.95,wilson_score,0.12975,0.010041,0.139791,0.139791,369,142,measured-0142,1,qiskit_then_mc,20260802,3841747339,measured,,,,,,,,,,,,,,,,,
1.0,actual_runtime_and_circuit_metrics,classical_monte_carlo,Python table MC,32,64,0.5,contiguous_prefix_visible_then_blocked,037d6dfb3a369a41e01100fdd53c35ee3fb69ddec5830d61e1138d066a4c2285,512,490,64,True,True,,,,3,False,1358834381,ok,,[],490,257,with_replacement,0.5244897959183673,0.024489795918367308,0.024489795918367308,0.48025326122201195,0.5683453316488914,0.95,wilson_score,0.16825,0.005834,0.17425,0.17425,370,143,measured-0143,0,mc_then_qiskit,20260802,3841747339,measured,,,,,,,,,,,,,,,,,
1.0,actual_runtime_and_circuit_metrics,qiskit_statevector_mlae,Qiskit StatevectorSampler finite-shot CPU simulation of synthesized circuits; not a QPU,32,64,0.5,contiguous_prefix_visible_then_blocked,037d6dfb3a369a41e01100fdd53c35ee3fb69ddec5830d61e1138d066a4c2285,512,490,64,True,True,"[0,1,2,4,8]",14,70,3,False,1797940222,ok,,[],,,,0.5214011931066557,0.02140119310665567,0.02140119310665567,0.5082814450881311,0.5329471445024099,0.95,qiskit_mlae_likelihood_ratio,6225.043334,100.214542,6327.979417,7386.462209,371,143,measured-0143,1,mc_then_qiskit,20260802,3841747339,measured,280,210,210,210,5,1,2.711875,0.005792,1058.479125,117044,177926,365830,5121620,"[{""grover_power"":0,""max_transpiled_quantum_depth"":6788,""operation_counts_including_non_gates"":{""barrier"":1,""cx"":4352,""measure"":1,""u"":5958},""qubits"":7,""transpiled_quantum_gate_count"":10310},{""grover_power"":1,""max_transpiled_quantum_depth"":20570,""operation_counts_including_non_gates"":{""barrier"":1,""cx"":13192,""measure"":1,""u"":18070},""qubits"":7,""transpiled_quantum_gate_count"":31262},{""grover_power"":2,""max_transpiled_quantum_depth"":34352,""operation_counts_including_non_gates"":{""barrier"":1,""cx"":22032,""measure"":1,""u"":30182},""qubits"":7,""transpiled_quantum_gate_count"":52214},{""grover_power"":4,""max_transpiled_quantum_depth"":61916,""operation_counts_including_non_gates"":{""barrier"":1,""cx"":39712,""measure"":1,""u"":54406},""qubits"":7,""transpiled_quantum_gate_count"":94118},{""grover_power"":8,""max_transpiled_quantum_depth"":117044,""operation_counts_including_non_gates"":{""barrier"":1,""cx"":75072,""measure"":1,""u"":102854},""qubits"":7,""transpiled_quantum_gate_count"":177926}]","[""u"",""cx""]",0,none; all-to-all analysis without a backend target or coupling map
1.0,actual_runtime_and_circuit_metrics,qiskit_statevector_mlae,Qiskit StatevectorSampler finite-shot CPU simulation of synthesized circuits; not a QPU,8,64,0.125,contiguous_prefix_visible_then_blocked,407b84e032b28972b59fe5732c4e37776624a39308e563a5604359ca2b16ec23,64,35,64,True,False,"[0,1,2,4,8]",1,5,3,False,66319368,ok,,[],,,,0.12726297225402192,0.0022629722540219166,0.0022629722540219166,0.08958027263240104,0.17229059098815494,0.95,qiskit_mlae_likelihood_ratio,2044.043167,100.71775,2146.08,2426.075875,372,144,measured-0144,0,qiskit_then_mc,20260802,3841747339,measured,20,15,15,15,5,1,1.309042,0.005625,279.992209,30548,46822,95910,95910,"[{""grover_power"":0,""max_transpiled_quantum_depth"":1700,""operation_counts_including_non_gates"":{""barrier"":1,""cx"":1088,""measure"":1,""u"":1510},""qubits"":7,""transpiled_quantum_gate_count"":2598},{""grover_power"":1,""max_transpiled_quantum_depth"":5306,""operation_counts_including_non_gates"":{""barrier"":1,""cx"":3400,""measure"":1,""u"":4726},""qubits"":7,""transpiled_quantum_gate_count"":8126},{""grover_power"":2,""max_transpiled_quantum_depth"":8912,""operation_counts_including_non_gates"":{""barrier"":1,""cx"":5712,""measure"":1,""u"":7942},""qubits"":7,""transpiled_quantum_gate_count"":13654},{""grover_power"":4,""max_transpiled_quantum_depth"":16124,""operation_counts_including_non_gates"":{""barrier"":1,""cx"":10336,""measure"":1,""u"":14374},""qubits"":7,""transpiled_quantum_gate_count"":24710},{""grover_power"":8,""max_transpiled_quantum_depth"":30548,""operation_counts_including_non_gates"":{""barrier"":1,""cx"":19584,""measure"":1,""u"":27238},""qubits"":7,""transpiled_quantum_gate_count"":46822}]","[""u"",""cx""]",0,none; all-to-all analysis without a backend target or coupling map
1.0,actual_runtime_and_circuit_metrics,classical_monte_carlo,Python table MC,8,64,0.125,contiguous_prefix_visible_then_blocked,407b84e032b28972b59fe5732c4e37776624a39308e563a5604359ca2b16ec23,64,35,64,True,False,,,,3,False,2204556633,ok,,[],35,6,with_replacement,0.17142857142857143,0.04642857142857143,0.04642857142857143,0.08102640053701592,0.32682282299044957,0.95,wilson_score,0.02475,0.006542,0.031333,0.031333,373,144,measured-0144,1,qiskit_then_mc,20260802,3841747339,measured,,,,,,,,,,,,,,,,,
1.0,actual_runtime_and_circuit_metrics,classical_monte_carlo,Python table MC,64,64,1.0,contiguous_prefix_visible_then_blocked,7c8975e1e60a5c8337f28edf8c33c3b180360b7279644a9bc1af3c51e6220bf5,256,245,64,True,True,,,,4,False,53029318,ok,,[],245,245,with_replacement,1.0,0.0,0.0,0.984562625380435,1.0,0.95,wilson_score,0.058667,0.001625,0.060334,0.060334,374,145,measured-0145,0,mc_then_qiskit,20260802,3841747339,measured,,,,,,,,,,,,,,,,,
1.0,actual_runtime_and_circuit_metrics,qiskit_statevector_mlae,Qiskit StatevectorSampler finite-shot CPU simulation of synthesized circuits; not a QPU,64,64,1.0,contiguous_prefix_visible_then_blocked,7c8975e1e60a5c8337f28edf8c33c3b180360b7279644a9bc1af3c51e6220bf5,256,245,64,True,True,"[0,1,2,4,8]",7,35,4,False,400852007,ok,,"[""RuntimeWarning: divide by zero encountered in scalar divide""]",,,,1.0,0.0,0.0,0.9993402060644846,1.0,0.95,qiskit_mlae_likelihood_ratio,706.7295,102.261,809.518583,831.254708,375,145,measured-0145,1,mc_then_qiskit,20260802,3841747339,measured,140,105,105,105,5,1,0.518666,0.005625,21.733,1716,2775,5225,36575,"[{""grover_power"":0,""max_transpiled_quantum_depth"":1,""operation_counts_including_non_gates"":{""barrier"":1,""measure"":1,""u"":7},""qubits"":7,""transpiled_quantum_gate_count"":7},{""grover_power"":1,""max_transpiled_quantum_depth"":218,""operation_counts_including_non_gates"":{""barrier"":1,""cx"":136,""measure"":1,""u"":217},""qubits"":7,""transpiled_quantum_gate_count"":353},{""grover_power"":2,""max_transpiled_quantum_depth"":432,""operation_counts_including_non_gates"":{""barrier"":1,""cx"":272,""measure"":1,""u"":427},""qubits"":7,""transpiled_quantum_gate_count"":699},{""grover_power"":4,""max_transpiled_quantum_depth"":860,""operation_counts_including_non_gates"":{""barrier"":1,""cx"":544,""measure"":1,""u"":847},""qubits"":7,""transpiled_quantum_gate_count"":1391},{""grover_power"":8,""max_transpiled_quantum_depth"":1716,""operation_counts_including_non_gates"":{""barrier"":1,""cx"":1088,""measure"":1,""u"":1687},""qubits"":7,""transpiled_quantum_gate_count"":2775}]","[""u"",""cx""]",0,none; all-to-all analysis without a backend target or coupling map
1.0,actual_runtime_and_circuit_metrics,qiskit_statevector_mlae,Qiskit StatevectorSampler finite-shot CPU simulation of synthesized circuits; not a QPU,32,64,0.5,contiguous_prefix_visible_then_blocked,037d6dfb3a369a41e01100fdd53c35ee3fb69ddec5830d61e1138d066a4c2285,128,105,64,True,True,"[0,1,2,4,8]",3,15,4,False,3689858111,ok,,[],,,,0.48790659149346066,-0.012093408506539338,0.012093408506539338,0.463872753944933,0.5157172494974035,0.95,qiskit_mlae_likelihood_ratio,6049.623083,101.642375,6153.817791,7194.2515,376,146,measured-0146,0,qiskit_then_mc,20260802,3841747339,measured,60,45,45,45,5,1,2.5425,0.005834,1040.430417,117044,177926,365830,1097490,"[{""grover_power"":0,""max_transpiled_quantum_depth"":6788,""operation_counts_including_non_gates"":{""barrier"":1,""cx"":4352,""measure"":1,""u"":5958},""qubits"":7,""transpiled_quantum_gate_count"":10310},{""grover_power"":1,""max_transpiled_quantum_depth"":20570,""operation_counts_including_non_gates"":{""barrier"":1,""cx"":13192,""measure"":1,""u"":18070},""qubits"":7,""transpiled_quantum_gate_count"":31262},{""grover_power"":2,""max_transpiled_quantum_depth"":34352,""operation_counts_including_non_gates"":{""barrier"":1,""cx"":22032,""measure"":1,""u"":30182},""qubits"":7,""transpiled_quantum_gate_count"":52214},{""grover_power"":4,""max_transpiled_quantum_depth"":61916,""operation_counts_including_non_gates"":{""barrier"":1,""cx"":39712,""measure"":1,""u"":54406},""qubits"":7,""transpiled_quantum_gate_count"":94118},{""grover_power"":8,""max_transpiled_quantum_depth"":117044,""operation_counts_including_non_gates"":{""barrier"":1,""cx"":75072,""measure"":1,""u"":102854},""qubits"":7,""transpiled_quantum_gate_count"":177926}]","[""u"",""cx""]",0,none; all-to-all analysis without a backend target or coupling map
1.0,actual_runtime_and_circuit_metrics,classical_monte_carlo,Python table MC,32,64,0.5,contiguous_prefix_visible_then_blocked,037d6dfb3a369a41e01100fdd53c35ee3fb69ddec5830d61e1138d066a4c2285,128,105,64,True,True,,,,4,False,101772885,ok,,[],105,60,with_replacement,0.5714285714285714,0.0714285714285714,0.0714285714285714,0.4759032494751175,0.6619118823921526,0.95,wilson_score,0.038667,0.006542,0.04525,0.04525,377,146,measured-0146,1,qiskit_then_mc,20260802,3841747339,measured,,,,,,,,,,,,,,,,,
1.0,actual_runtime_and_circuit_metrics,classical_monte_carlo,Python table MC,56,64,0.875,contiguous_prefix_visible_then_blocked,3c2388fcb014d41bb64b30937ecf31fd7ffb7b9790d03bc63ad567d3c56e6f33,64,35,64,True,False,,,,2,False,886196690,ok,,[],35,29,with_replacement,0.8285714285714286,-0.046428571428571375,0.046428571428571375,0.6731771770095505,0.9189735994629842,0.95,wilson_score,0.014875,0.001666,0.016541,0.016541,378,147,measured-0147,0,mc_then_qiskit,20260802,3841747339,measured,,,,,,,,,,,,,,,,,
1.0,actual_runtime_and_circuit_metrics,qiskit_statevector_mlae,Qiskit StatevectorSampler finite-shot CPU simulation of synthesized circuits; not a QPU,56,64,0.875,contiguous_prefix_visible_then_blocked,3c2388fcb014d41bb64b30937ecf31fd7ffb7b9790d03bc63ad567d3c56e6f33,64,35,64,True,False,"[0,1,2,4,8]",1,5,2,False,2672586936,ok,,[],,,,0.872737027745978,-0.0022629722540220554,0.0022629722540220554,0.8277094090118451,0.910419727367599,0.95,qiskit_mlae_likelihood_ratio,10262.634125,100.675083,10370.462333,12206.164833,379,147,measured-0147,1,mc_then_qiskit,20260802,3841747339,measured,20,15,15,15,5,1,7.142375,0.006917,1835.699,202724,308758,635190,635190,"[{""grover_power"":0,""max_transpiled_quantum_depth"":11828,""operation_counts_including_non_gates"":{""barrier"":1,""cx"":7616,""measure"":1,""u"":10390},""qubits"":7,""transpiled_quantum_gate_count"":18006},{""grover_power"":1,""max_transpiled_quantum_depth"":35690,""operation_counts_including_non_gates"":{""barrier"":1,""cx"":22984,""measure"":1,""u"":31366},""qubits"":7,""transpiled_quantum_gate_count"":54350},{""grover_power"":2,""max_transpiled_quantum_depth"":59552,""operation_counts_including_non_gates"":{""barrier"":1,""cx"":38352,""measure"":1,""u"":52342},""qubits"":7,""transpiled_quantum_gate_count"":90694},{""grover_power"":4,""max_transpiled_quantum_depth"":107276,""operation_counts_including_non_gates"":{""barrier"":1,""cx"":69088,""measure"":1,""u"":94294},""qubits"":7,""transpiled_quantum_gate_count"":163382},{""grover_power"":8,""max_transpiled_quantum_depth"":202724,""operation_counts_including_non_gates"":{""barrier"":1,""cx"":130560,""measure"":1,""u"":178198},""qubits"":7,""transpiled_quantum_gate_count"":308758}]","[""u"",""cx""]",0,none; all-to-all analysis without a backend target or coupling map
1.0,actual_runtime_and_circuit_metrics,qiskit_statevector_mlae,Qiskit StatevectorSampler finite-shot CPU simulation of synthesized circuits; not a QPU,0,64,0.0,contiguous_prefix_visible_then_blocked,f5a5fd42d16a20302798ef6ed309979b43003d2320d9f0e8ea9831a92759fb4b,1024,1015,64,True,True,"[0,1,2,4,8]",29,145,0,False,1687775756,ok,,[],,,,1e-30,1e-30,1e-30,1e-30,0.0001609863237472779,0.95,qiskit_mlae_likelihood_ratio,694.491375,102.121125,797.044708,816.557125,380,148,measured-0148,0,qiskit_then_mc,20260802,3841747339,measured,580,435,435,435,5,1,0.422375,0.00575,19.508708,1716,2758,5190,150510,"[{""grover_power"":0,""max_transpiled_quantum_depth"":1,""operation_counts_including_non_gates"":{""barrier"":1,""measure"":1,""u"":6},""qubits"":7,""transpiled_quantum_gate_count"":6},{""grover_power"":1,""max_transpiled_quantum_depth"":218,""operation_counts_including_non_gates"":{""barrier"":1,""cx"":136,""measure"":1,""u"":214},""qubits"":7,""transpiled_quantum_gate_count"":350},{""grover_power"":2,""max_transpiled_quantum_depth"":432,""operation_counts_including_non_gates"":{""barrier"":1,""cx"":272,""measure"":1,""u"":422},""qubits"":7,""transpiled_quantum_gate_count"":694},{""grover_power"":4,""max_transpiled_quantum_depth"":860,""operation_counts_including_non_gates"":{""barrier"":1,""cx"":544,""measure"":1,""u"":838},""qubits"":7,""transpiled_quantum_gate_count"":1382},{""grover_power"":8,""max_transpiled_quantum_depth"":1716,""operation_counts_including_non_gates"":{""barrier"":1,""cx"":1088,""measure"":1,""u"":1670},""qubits"":7,""transpiled_quantum_gate_count"":2758}]","[""u"",""cx""]",0,none; all-to-all analysis without a backend target or coupling map
1.0,actual_runtime_and_circuit_metrics,classical_monte_carlo,Python table MC,0,64,0.0,contiguous_prefix_visible_then_blocked,f5a5fd42d16a20302798ef6ed309979b43003d2320d9f0e8ea9831a92759fb4b,1024,1015,64,True,True,,,,0,False,143221238,ok,,[],1015,0,with_replacement,0.0,0.0,0.0,0.0,0.0037704186332784295,0.95,wilson_score,0.246416,0.008083,0.254541,0.254541,381,148,measured-0148,1,qiskit_then_mc,20260802,3841747339,measured,,,,,,,,,,,,,,,,,
1.0,actual_runtime_and_circuit_metrics,classical_monte_carlo,Python table MC,0,64,0.0,contiguous_prefix_visible_then_blocked,f5a5fd42d16a20302798ef6ed309979b43003d2320d9f0e8ea9831a92759fb4b,512,490,64,True,True,,,,1,False,1265531034,ok,,[],490,0,with_replacement,0.0,0.0,0.0,0.0,0.007778728885718958,0.95,wilson_score,0.116041,0.001792,0.117875,0.117875,382,149,measured-0149,0,mc_then_qiskit,20260802,3841747339,measured,,,,,,,,,,,,,,,,,
1.0,actual_runtime_and_circuit_metrics,qiskit_statevector_mlae,Qiskit StatevectorSampler finite-shot CPU simulation of synthesized circuits; not a QPU,0,64,0.0,contiguous_prefix_visible_then_blocked,f5a5fd42d16a20302798ef6ed309979b43003d2320d9f0e8ea9831a92759fb4b,512,490,64,True,True,"[0,1,2,4,8]",14,70,1,False,3787388918,ok,,[],,,,1e-30,1e-30,1e-30,1e-30,0.00033307166931279903,0.95,qiskit_mlae_likelihood_ratio,696.120666,102.9755,799.53775,821.329458,383,149,measured-0149,1,mc_then_qiskit,20260802,3841747339,measured,280,210,210,210,5,1,0.431959,0.005625,21.787375,1716,2758,5190,72660,"[{""grover_power"":0,""max_transpiled_quantum_depth"":1,""operation_counts_including_non_gates"":{""barrier"":1,""measure"":1,""u"":6},""qubits"":7,""transpiled_quantum_gate_count"":6},{""grover_power"":1,""max_transpiled_quantum_depth"":218,""operation_counts_including_non_gates"":{""barrier"":1,""cx"":136,""measure"":1,""u"":214},""qubits"":7,""transpiled_quantum_gate_count"":350},{""grover_power"":2,""max_transpiled_quantum_depth"":432,""operation_counts_including_non_gates"":{""barrier"":1,""cx"":272,""measure"":1,""u"":422},""qubits"":7,""transpiled_quantum_gate_count"":694},{""grover_power"":4,""max_transpiled_quantum_depth"":860,""operation_counts_including_non_gates"":{""barrier"":1,""cx"":544,""measure"":1,""u"":838},""qubits"":7,""transpiled_quantum_gate_count"":1382},{""grover_power"":8,""max_transpiled_quantum_depth"":1716,""operation_counts_including_non_gates"":{""barrier"":1,""cx"":1088,""measure"":1,""u"":1670},""qubits"":7,""transpiled_quantum_gate_count"":2758}]","[""u"",""cx""]",0,none; all-to-all analysis without a backend target or coupling map
1.0,actual_runtime_and_circuit_metrics,qiskit_statevector_mlae,Qiskit StatevectorSampler finite-shot CPU simulation of synthesized circuits; not a QPU,56,64,0.875,contiguous_prefix_visible_then_blocked,3c2388fcb014d41bb64b30937ecf31fd7ffb7b9790d03bc63ad567d3c56e6f33,256,245,64,True,True,"[0,1,2,4,8]",7,35,3,False,3244477350,ok,,[],,,,0.8776123313762819,0.002612331376281918,0.002612331376281918,0.860586235470967,0.8931354107991066,0.95,qiskit_mlae_likelihood_ratio,10251.228458,100.586791,10355.969625,12179.281625,384,150,measured-0150,0,qiskit_then_mc,20260802,3841747339,measured,140,105,105,105,5,1,4.144125,0.005459,1823.306625,202724,308758,635190,4446330,"[{""grover_power"":0,""max_transpiled_quantum_depth"":11828,""operation_counts_including_non_gates"":{""barrier"":1,""cx"":7616,""measure"":1,""u"":10390},""qubits"":7,""transpiled_quantum_gate_count"":18006},{""grover_power"":1,""max_transpiled_quantum_depth"":35690,""operation_counts_including_non_gates"":{""barrier"":1,""cx"":22984,""measure"":1,""u"":31366},""qubits"":7,""transpiled_quantum_gate_count"":54350},{""grover_power"":2,""max_transpiled_quantum_depth"":59552,""operation_counts_including_non_gates"":{""barrier"":1,""cx"":38352,""measure"":1,""u"":52342},""qubits"":7,""transpiled_quantum_gate_count"":90694},{""grover_power"":4,""max_transpiled_quantum_depth"":107276,""operation_counts_including_non_gates"":{""barrier"":1,""cx"":69088,""measure"":1,""u"":94294},""qubits"":7,""transpiled_quantum_gate_count"":163382},{""grover_power"":8,""max_transpiled_quantum_depth"":202724,""operation_counts_including_non_gates"":{""barrier"":1,""cx"":130560,""measure"":1,""u"":178198},""qubits"":7,""transpiled_quantum_gate_count"":308758}]","[""u"",""cx""]",0,none; all-to-all analysis without a backend target or coupling map
1.0,actual_runtime_and_circuit_metrics,classical_monte_carlo,Python table MC,56,64,0.875,contiguous_prefix_visible_then_blocked,3c2388fcb014d41bb64b30937ecf31fd7ffb7b9790d03bc63ad567d3c56e6f33,256,245,64,True,True,,,,3,False,3045781478,ok,,[],245,213,with_replacement,0.8693877551020408,-0.0056122448979591955,0.0056122448979591955,0.8214305265809342,0.9059402293123667,0.95,wilson_score,0.07575,0.008583,0.084375,0.084375,385,150,measured-0150,1,qiskit_then_mc,20260802,3841747339,measured,,,,,,,,,,,,,,,,,
1.0,actual_runtime_and_circuit_metrics,classical_monte_carlo,Python table MC,8,64,0.125,contiguous_prefix_visible_then_blocked,407b84e032b28972b59fe5732c4e37776624a39308e563a5604359ca2b16ec23,512,490,64,True,True,,,,1,False,4006026817,ok,,[],490,77,with_replacement,0.15714285714285714,0.03214285714285714,0.03214285714285714,0.12760119339923084,0.19201850640811927,0.95,wilson_score,0.114709,0.001708,0.1165,0.1165,386,151,measured-0151,0,mc_then_qiskit,20260802,3841747339,measured,,,,,,,,,,,,,,,,,
1.0,actual_runtime_and_circuit_metrics,qiskit_statevector_mlae,Qiskit StatevectorSampler finite-shot CPU simulation of synthesized circuits; not a QPU,8,64,0.125,contiguous_prefix_visible_then_blocked,407b84e032b28972b59fe5732c4e37776624a39308e563a5604359ca2b16ec23,512,490,64,True,True,"[0,1,2,4,8]",14,70,1,False,2140033212,ok,,[],,,,0.11634907359329168,-0.008650926406708323,0.008650926406708323,0.10728978407781195,0.12423725957892849,0.95,qiskit_mlae_likelihood_ratio,2051.271083,102.753375,2155.21125,2429.789042,387,151,measured-0151,1,mc_then_qiskit,20260802,3841747339,measured,280,210,210,210,5,1,1.178125,0.004833,274.572083,30548,46822,95910,1342740,"[{""grover_power"":0,""max_transpiled_quantum_depth"":1700,""operation_counts_including_non_gates"":{""barrier"":1,""cx"":1088,""measure"":1,""u"":1510},""qubits"":7,""transpiled_quantum_gate_count"":2598},{""grover_power"":1,""max_transpiled_quantum_depth"":5306,""operation_counts_including_non_gates"":{""barrier"":1,""cx"":3400,""measure"":1,""u"":4726},""qubits"":7,""transpiled_quantum_gate_count"":8126},{""grover_power"":2,""max_transpiled_quantum_depth"":8912,""operation_counts_including_non_gates"":{""barrier"":1,""cx"":5712,""measure"":1,""u"":7942},""qubits"":7,""transpiled_quantum_gate_count"":13654},{""grover_power"":4,""max_transpiled_quantum_depth"":16124,""operation_counts_including_non_gates"":{""barrier"":1,""cx"":10336,""measure"":1,""u"":14374},""qubits"":7,""transpiled_quantum_gate_count"":24710},{""grover_power"":8,""max_transpiled_quantum_depth"":30548,""operation_counts_including_non_gates"":{""barrier"":1,""cx"":19584,""measure"":1,""u"":27238},""qubits"":7,""transpiled_quantum_gate_count"":46822}]","[""u"",""cx""]",0,none; all-to-all analysis without a backend target or coupling map
1.0,actual_runtime_and_circuit_metrics,qiskit_statevector_mlae,Qiskit StatevectorSampler finite-shot CPU simulation of synthesized circuits; not a QPU,63,64,0.984375,contiguous_prefix_visible_then_blocked,4a22bb45b68e2388bce472d38b49adb1bb6b08e220e9edede71b70cc62ad2db2,256,245,64,True,True,"[0,1,2,4,8]",7,35,3,False,3656967788,ok,,[],,,,0.9846391013339852,0.00026410133398524493,0.00026410133398524493,0.9797048433996856,0.9885531927971699,0.95,qiskit_mlae_likelihood_ratio,11184.960958,102.093292,11291.447917,13369.683458,388,152,measured-0152,0,qiskit_then_mc,20260802,3841747339,measured,140,105,105,105,5,1,4.383833,0.005916,2078.231333,227715,346651,713205,4992435,"[{""grover_power"":0,""max_transpiled_quantum_depth"":13299,""operation_counts_including_non_gates"":{""barrier"":1,""cx"":8568,""measure"":1,""u"":11667},""qubits"":7,""transpiled_quantum_gate_count"":20235},{""grover_power"":1,""max_transpiled_quantum_depth"":40101,""operation_counts_including_non_gates"":{""barrier"":1,""cx"":25840,""measure"":1,""u"":35197},""qubits"":7,""transpiled_quantum_gate_count"":61037},{""grover_power"":2,""max_transpiled_quantum_depth"":66903,""operation_counts_including_non_gates"":{""barrier"":1,""cx"":43112,""measure"":1,""u"":58727},""qubits"":7,""transpiled_quantum_gate_count"":101839},{""grover_power"":4,""max_transpiled_quantum_depth"":120507,""operation_counts_including_non_gates"":{""barrier"":1,""cx"":77656,""measure"":1,""u"":105787},""qubits"":7,""transpiled_quantum_gate_count"":183443},{""grover_power"":8,""max_transpiled_quantum_depth"":227715,""operation_counts_including_non_gates"":{""barrier"":1,""cx"":146744,""measure"":1,""u"":199907},""qubits"":7,""transpiled_quantum_gate_count"":346651}]","[""u"",""cx""]",0,none; all-to-all analysis without a backend target or coupling map
1.0,actual_runtime_and_circuit_metrics,classical_monte_carlo,Python table MC,63,64,0.984375,contiguous_prefix_visible_then_blocked,4a22bb45b68e2388bce472d38b49adb1bb6b08e220e9edede71b70cc62ad2db2,256,245,64,True,True,,,,3,False,1685100931,ok,,[],245,242,with_replacement,0.9877551020408163,0.0033801020408162907,0.0033801020408162907,0.9646238352909898,0.9958270523250262,0.95,wilson_score,0.071583,0.007458,0.079125,0.079125,389,152,measured-0152,1,qiskit_then_mc,20260802,3841747339,measured,,,,,,,,,,,,,,,,,
1.0,actual_runtime_and_circuit_metrics,classical_monte_carlo,Python table MC,8,64,0.125,contiguous_prefix_visible_then_blocked,407b84e032b28972b59fe5732c4e37776624a39308e563a5604359ca2b16ec23,512,490,64,True,True,,,,4,False,3228529878,ok,,[],490,67,with_replacement,0.13673469387755102,0.011734693877551022,0.011734693877551022,0.10912734749393911,0.1699935249209914,0.95,wilson_score,0.114167,0.002041,0.11625,0.11625,390,153,measured-0153,0,mc_then_qiskit,20260802,3841747339,measured,,,,,,,,,,,,,,,,,
1.0,actual_runtime_and_circuit_metrics,qiskit_statevector_mlae,Qiskit StatevectorSampler finite-shot CPU simulation of synthesized circuits; not a QPU,8,64,0.125,contiguous_prefix_visible_then_blocked,407b84e032b28972b59fe5732c4e37776624a39308e563a5604359ca2b16ec23,512,490,64,True,True,"[0,1,2,4,8]",14,70,4,False,4064764432,ok,,[],,,,0.12788854670485672,0.0028885467048567204,0.0028885467048567204,0.11666993065977256,0.13980369466395529,0.95,qiskit_mlae_likelihood_ratio,2302.21575,99.550208,2402.986792,2679.625292,391,153,measured-0153,1,mc_then_qiskit,20260802,3841747339,measured,280,210,210,210,5,1,1.211583,0.005542,276.634667,30548,46822,95910,1342740,"[{""grover_power"":0,""max_transpiled_quantum_depth"":1700,""operation_counts_including_non_gates"":{""barrier"":1,""cx"":1088,""measure"":1,""u"":1510},""qubits"":7,""transpiled_quantum_gate_count"":2598},{""grover_power"":1,""max_transpiled_quantum_depth"":5306,""operation_counts_including_non_gates"":{""barrier"":1,""cx"":3400,""measure"":1,""u"":4726},""qubits"":7,""transpiled_quantum_gate_count"":8126},{""grover_power"":2,""max_transpiled_quantum_depth"":8912,""operation_counts_including_non_gates"":{""barrier"":1,""cx"":5712,""measure"":1,""u"":7942},""qubits"":7,""transpiled_quantum_gate_count"":13654},{""grover_power"":4,""max_transpiled_quantum_depth"":16124,""operation_counts_including_non_gates"":{""barrier"":1,""cx"":10336,""measure"":1,""u"":14374},""qubits"":7,""transpiled_quantum_gate_count"":24710},{""grover_power"":8,""max_transpiled_quantum_depth"":30548,""operation_counts_including_non_gates"":{""barrier"":1,""cx"":19584,""measure"":1,""u"":27238},""qubits"":7,""transpiled_quantum_gate_count"":46822}]","[""u"",""cx""]",0,none; all-to-all analysis without a backend target or coupling map
1.0,actual_runtime_and_circuit_metrics,qiskit_statevector_mlae,Qiskit StatevectorSampler finite-shot CPU simulation of synthesized circuits; not a QPU,56,64,0.875,contiguous_prefix_visible_then_blocked,3c2388fcb014d41bb64b30937ecf31fd7ffb7b9790d03bc63ad567d3c56e6f33,256,245,64,True,True,"[0,1,2,4,8]",7,35,4,False,3511556166,ok,,[],,,,0.8564912133488238,-0.018508786651176168,0.018508786651176168,0.8430955603278039,0.9023744351053252,0.95,qiskit_mlae_likelihood_ratio,9765.784208,104.066833,9875.457125,11703.057667,392,154,measured-0154,0,qiskit_then_mc,20260802,3841747339,measured,140,105,105,105,5,1,5.595625,0.0065,1827.596958,202724,308758,635190,4446330,"[{""grover_power"":0,""max_transpiled_quantum_depth"":11828,""operation_counts_including_non_gates"":{""barrier"":1,""cx"":7616,""measure"":1,""u"":10390},""qubits"":7,""transpiled_quantum_gate_count"":18006},{""grover_power"":1,""max_transpiled_quantum_depth"":35690,""operation_counts_including_non_gates"":{""barrier"":1,""cx"":22984,""measure"":1,""u"":31366},""qubits"":7,""transpiled_quantum_gate_count"":54350},{""grover_power"":2,""max_transpiled_quantum_depth"":59552,""operation_counts_including_non_gates"":{""barrier"":1,""cx"":38352,""measure"":1,""u"":52342},""qubits"":7,""transpiled_quantum_gate_count"":90694},{""grover_power"":4,""max_transpiled_quantum_depth"":107276,""operation_counts_including_non_gates"":{""barrier"":1,""cx"":69088,""measure"":1,""u"":94294},""qubits"":7,""transpiled_quantum_gate_count"":163382},{""grover_power"":8,""max_transpiled_quantum_depth"":202724,""operation_counts_including_non_gates"":{""barrier"":1,""cx"":130560,""measure"":1,""u"":178198},""qubits"":7,""transpiled_quantum_gate_count"":308758}]","[""u"",""cx""]",0,none; all-to-all analysis without a backend target or coupling map
1.0,actual_runtime_and_circuit_metrics,classical_monte_carlo,Python table MC,56,64,0.875,contiguous_prefix_visible_then_blocked,3c2388fcb014d41bb64b30937ecf31fd7ffb7b9790d03bc63ad567d3c56e6f33,256,245,64,True,True,,,,4,False,518548157,ok,,[],245,218,with_replacement,0.889795918367347,0.01479591836734695,0.01479591836734695,0.8444086423396907,0.9231483431609749,0.95,wilson_score,0.068375,0.006959,0.075375,0.075375,393,154,measured-0154,1,qiskit_then_mc,20260802,3841747339,measured,,,,,,,,,,,,,,,,,
1.0,actual_runtime_and_circuit_metrics,classical_monte_carlo,Python table MC,64,64,1.0,contiguous_prefix_visible_then_blocked,7c8975e1e60a5c8337f28edf8c33c3b180360b7279644a9bc1af3c51e6220bf5,32,18,64,False,False,,,,1,False,1959517989,ok,,[],18,18,with_replacement,1.0,0.0,0.0,0.8241207763533426,1.0,0.95,wilson_score,0.012584,0.001583,0.01425,0.01425,394,155,measured-0155,0,mc_then_qiskit,20260802,3841747339,measured,,,,,,,,,,,,,,,,,
1.0,actual_runtime_and_circuit_metrics,qiskit_statevector_mlae,Qiskit StatevectorSampler finite-shot CPU simulation of synthesized circuits; not a QPU,64,64,1.0,contiguous_prefix_visible_then_blocked,7c8975e1e60a5c8337f28edf8c33c3b180360b7279644a9bc1af3c51e6220bf5,32,18,64,False,False,"[0,1,2,4]",1,4,1,False,474392995,ok,,"[""RuntimeWarning: divide by zero encountered in scalar divide""]",,,,1.0,0.0,0.0,0.9863123486604318,1.0,0.95,qiskit_mlae_likelihood_ratio,292.314625,41.586459,334.444875,345.177958,395,155,measured-0155,1,mc_then_qiskit,20260802,3841747339,measured,11,7,7,7,4,1,0.533375,0.005333,10.729208,860,1391,2450,2450,"[{""grover_power"":0,""max_transpiled_quantum_depth"":1,""operation_counts_including_non_gates"":{""barrier"":1,""measure"":1,""u"":7},""qubits"":7,""transpiled_quantum_gate_count"":7},{""grover_power"":1,""max_transpiled_quantum_depth"":218,""operation_counts_including_non_gates"":{""barrier"":1,""cx"":136,""measure"":1,""u"":217},""qubits"":7,""transpiled_quantum_gate_count"":353},{""grover_power"":2,""max_transpiled_quantum_depth"":432,""operation_counts_including_non_gates"":{""barrier"":1,""cx"":272,""measure"":1,""u"":427},""qubits"":7,""transpiled_quantum_gate_count"":699},{""grover_power"":4,""max_transpiled_quantum_depth"":860,""operation_counts_including_non_gates"":{""barrier"":1,""cx"":544,""measure"":1,""u"":847},""qubits"":7,""transpiled_quantum_gate_count"":1391}]","[""u"",""cx""]",0,none; all-to-all analysis without a backend target or coupling map
1.0,actual_runtime_and_circuit_metrics,qiskit_statevector_mlae,Qiskit StatevectorSampler finite-shot CPU simulation of synthesized circuits; not a QPU,56,64,0.875,contiguous_prefix_visible_then_blocked,3c2388fcb014d41bb64b30937ecf31fd7ffb7b9790d03bc63ad567d3c56e6f33,256,245,64,True,True,"[0,1,2,4,8]",7,35,1,False,1050859107,ok,,[],,,,0.8753913934323262,0.0003913934323261925,0.0003913934323261925,0.8581526072680955,0.8912356524690762,0.95,qiskit_mlae_likelihood_ratio,10260.681125,101.617542,10371.297208,12197.041916,396,156,measured-0156,0,qiskit_then_mc,20260802,3841747339,measured,140,105,105,105,5,1,8.987292,0.006875,1825.722291,202724,308758,635190,4446330,"[{""grover_power"":0,""max_transpiled_quantum_depth"":11828,""operation_counts_including_non_gates"":{""barrier"":1,""cx"":7616,""measure"":1,""u"":10390},""qubits"":7,""transpiled_quantum_gate_count"":18006},{""grover_power"":1,""max_transpiled_quantum_depth"":35690,""operation_counts_including_non_gates"":{""barrier"":1,""cx"":22984,""measure"":1,""u"":31366},""qubits"":7,""transpiled_quantum_gate_count"":54350},{""grover_power"":2,""max_transpiled_quantum_depth"":59552,""operation_counts_including_non_gates"":{""barrier"":1,""cx"":38352,""measure"":1,""u"":52342},""qubits"":7,""transpiled_quantum_gate_count"":90694},{""grover_power"":4,""max_transpiled_quantum_depth"":107276,""operation_counts_including_non_gates"":{""barrier"":1,""cx"":69088,""measure"":1,""u"":94294},""qubits"":7,""transpiled_quantum_gate_count"":163382},{""grover_power"":8,""max_transpiled_quantum_depth"":202724,""operation_counts_including_non_gates"":{""barrier"":1,""cx"":130560,""measure"":1,""u"":178198},""qubits"":7,""transpiled_quantum_gate_count"":308758}]","[""u"",""cx""]",0,none; all-to-all analysis without a backend target or coupling map
1.0,actual_runtime_and_circuit_metrics,classical_monte_carlo,Python table MC,56,64,0.875,contiguous_prefix_visible_then_blocked,3c2388fcb014d41bb64b30937ecf31fd7ffb7b9790d03bc63ad567d3c56e6f33,256,245,64,True,True,,,,1,False,4047837251,ok,,[],245,214,with_replacement,0.8734693877551021,-0.001530612244897922,0.001530612244897922,0.8259980319795753,0.9094099698351986,0.95,wilson_score,0.089292,0.021416,0.11075,0.11075,397,156,measured-0156,1,qiskit_then_mc,20260802,3841747339,measured,,,,,,,,,,,,,,,,,
1.0,actual_runtime_and_circuit_metrics,classical_monte_carlo,Python table MC,8,64,0.125,contiguous_prefix_visible_then_blocked,407b84e032b28972b59fe5732c4e37776624a39308e563a5604359ca2b16ec23,128,105,64,True,True,,,,0,False,2243774987,ok,,[],105,13,with_replacement,0.12380952380952381,-0.0011904761904761862,0.0011904761904761862,0.0738016422092698,0.2003719966231081,0.95,wilson_score,0.030083,0.00175,0.031875,0.031875,398,157,measured-0157,0,mc_then_qiskit,20260802,3841747339,measured,,,,,,,,,,,,,,,,,
1.0,actual_runtime_and_circuit_metrics,qiskit_statevector_mlae,Qiskit StatevectorSampler finite-shot CPU simulation of synthesized circuits; not a QPU,8,64,0.125,contiguous_prefix_visible_then_blocked,407b84e032b28972b59fe5732c4e37776624a39308e563a5604359ca2b16ec23,128,105,64,True,True,"[0,1,2,4,8]",3,15,0,False,914853871,ok,,[],,,,0.1166298025536113,-0.0083701974463887,0.0083701974463887,0.09577826022578804,0.6734257148645473,0.95,qiskit_mlae_likelihood_ratio,2052.503834,99.685542,2153.50025,2428.42175,399,157,measured-0157,1,mc_then_qiskit,20260802,3841747339,measured,60,45,45,45,5,1,1.293875,0.011292,274.915542,30548,46822,95910,287730,"[{""grover_power"":0,""max_transpiled_quantum_depth"":1700,""operation_counts_including_non_gates"":{""barrier"":1,""cx"":1088,""measure"":1,""u"":1510},""qubits"":7,""transpiled_quantum_gate_count"":2598},{""grover_power"":1,""max_transpiled_quantum_depth"":5306,""operation_counts_including_non_gates"":{""barrier"":1,""cx"":3400,""measure"":1,""u"":4726},""qubits"":7,""transpiled_quantum_gate_count"":8126},{""grover_power"":2,""max_transpiled_quantum_depth"":8912,""operation_counts_including_non_gates"":{""barrier"":1,""cx"":5712,""measure"":1,""u"":7942},""qubits"":7,""transpiled_quantum_gate_count"":13654},{""grover_power"":4,""max_transpiled_quantum_depth"":16124,""operation_counts_including_non_gates"":{""barrier"":1,""cx"":10336,""measure"":1,""u"":14374},""qubits"":7,""transpiled_quantum_gate_count"":24710},{""grover_power"":8,""max_transpiled_quantum_depth"":30548,""operation_counts_including_non_gates"":{""barrier"":1,""cx"":19584,""measure"":1,""u"":27238},""qubits"":7,""transpiled_quantum_gate_count"":46822}]","[""u"",""cx""]",0,none; all-to-all analysis without a backend target or coupling map
1.0,actual_runtime_and_circuit_metrics,qiskit_statevector_mlae,Qiskit StatevectorSampler finite-shot CPU simulation of synthesized circuits; not a QPU,32,64,0.5,contiguous_prefix_visible_then_blocked,037d6dfb3a369a41e01100fdd53c35ee3fb69ddec5830d61e1138d066a4c2285,256,245,64,True,True,"[0,1,2,4,8]",7,35,0,False,2215664563,ok,,[],,,,0.5051565158453707,0.0051565158453706905,0.0051565158453706905,0.4869693226267672,0.5226500658931931,0.95,qiskit_mlae_likelihood_ratio,5986.500166,101.043875,6090.152333,7140.349917,400,158,measured-0158,0,qiskit_then_mc,20260802,3841747339,measured,140,105,105,105,5,1,2.599459,0.00525,1050.192917,117044,177926,365830,2560810,"[{""grover_power"":0,""max_transpiled_quantum_depth"":6788,""operation_counts_including_non_gates"":{""barrier"":1,""cx"":4352,""measure"":1,""u"":5958},""qubits"":7,""transpiled_quantum_gate_count"":10310},{""grover_power"":1,""max_transpiled_quantum_depth"":20570,""operation_counts_including_non_gates"":{""barrier"":1,""cx"":13192,""measure"":1,""u"":18070},""qubits"":7,""transpiled_quantum_gate_count"":31262},{""grover_power"":2,""max_transpiled_quantum_depth"":34352,""operation_counts_including_non_gates"":{""barrier"":1,""cx"":22032,""measure"":1,""u"":30182},""qubits"":7,""transpiled_quantum_gate_count"":52214},{""grover_power"":4,""max_transpiled_quantum_depth"":61916,""operation_counts_including_non_gates"":{""barrier"":1,""cx"":39712,""measure"":1,""u"":54406},""qubits"":7,""transpiled_quantum_gate_count"":94118},{""grover_power"":8,""max_transpiled_quantum_depth"":117044,""operation_counts_including_non_gates"":{""barrier"":1,""cx"":75072,""measure"":1,""u"":102854},""qubits"":7,""transpiled_quantum_gate_count"":177926}]","[""u"",""cx""]",0,none; all-to-all analysis without a backend target or coupling map
1.0,actual_runtime_and_circuit_metrics,classical_monte_carlo,Python table MC,32,64,0.5,contiguous_prefix_visible_then_blocked,037d6dfb3a369a41e01100fdd53c35ee3fb69ddec5830d61e1138d066a4c2285,256,245,64,True,True,,,,0,False,535977574,ok,,[],245,140,with_replacement,0.5714285714285714,0.0714285714285714,0.0714285714285714,0.5088295814370587,0.6318222221887178,0.95,wilson_score,0.070333,0.007333,0.077708,0.077708,401,158,measured-0158,1,qiskit_then_mc,20260802,3841747339,measured,,,,,,,,,,,,,,,,,
1.0,actual_runtime_and_circuit_metrics,classical_monte_carlo,Python table MC,64,64,1.0,contiguous_prefix_visible_then_blocked,7c8975e1e60a5c8337f28edf8c33c3b180360b7279644a9bc1af3c51e6220bf5,64,35,64,True,False,,,,4,False,1791460115,ok,,[],35,35,with_replacement,1.0,0.0,0.0,0.9010990076755961,1.0,0.95,wilson_score,0.015417,0.00175,0.017208,0.017208,402,159,measured-0159,0,mc_then_qiskit,20260802,3841747339,measured,,,,,,,,,,,,,,,,,
1.0,actual_runtime_and_circuit_metrics,qiskit_statevector_mlae,Qiskit StatevectorSampler finite-shot CPU simulation of synthesized circuits; not a QPU,64,64,1.0,contiguous_prefix_visible_then_blocked,7c8975e1e60a5c8337f28edf8c33c3b180360b7279644a9bc1af3c51e6220bf5,64,35,64,True,False,"[0,1,2,4,8]",1,5,4,False,1819713523,ok,,"[""RuntimeWarning: divide by zero encountered in scalar divide""]",,,,1.0,0.0,0.0,0.9960904965828902,1.0,0.95,qiskit_mlae_likelihood_ratio,701.362166,105.2135,807.132583,826.998625,403,159,measured-0159,1,mc_then_qiskit,20260802,3841747339,measured,20,15,15,15,5,1,0.546208,0.006333,19.862417,1716,2775,5225,5225,"[{""grover_power"":0,""max_transpiled_quantum_depth"":1,""operation_counts_including_non_gates"":{""barrier"":1,""measure"":1,""u"":7},""qubits"":7,""transpiled_quantum_gate_count"":7},{""grover_power"":1,""max_transpiled_quantum_depth"":218,""operation_counts_including_non_gates"":{""barrier"":1,""cx"":136,""measure"":1,""u"":217},""qubits"":7,""transpiled_quantum_gate_count"":353},{""grover_power"":2,""max_transpiled_quantum_depth"":432,""operation_counts_including_non_gates"":{""barrier"":1,""cx"":272,""measure"":1,""u"":427},""qubits"":7,""transpiled_quantum_gate_count"":699},{""grover_power"":4,""max_transpiled_quantum_depth"":860,""operation_counts_including_non_gates"":{""barrier"":1,""cx"":544,""measure"":1,""u"":847},""qubits"":7,""transpiled_quantum_gate_count"":1391},{""grover_power"":8,""max_transpiled_quantum_depth"":1716,""operation_counts_including_non_gates"":{""barrier"":1,""cx"":1088,""measure"":1,""u"":1687},""qubits"":7,""transpiled_quantum_gate_count"":2775}]","[""u"",""cx""]",0,none; all-to-all analysis without a backend target or coupling map
1.0,actual_runtime_and_circuit_metrics,qiskit_statevector_mlae,Qiskit StatevectorSampler finite-shot CPU simulation of synthesized circuits; not a QPU,0,64,0.0,contiguous_prefix_visible_then_blocked,f5a5fd42d16a20302798ef6ed309979b43003d2320d9f0e8ea9831a92759fb4b,256,245,64,True,True,"[0,1,2,4,8]",7,35,0,False,1918562329,ok,,[],,,,1e-30,1e-30,1e-30,1e-30,0.0006597939355153962,0.95,qiskit_mlae_likelihood_ratio,694.166208,101.692166,796.161958,814.456417,404,160,measured-0160,0,qiskit_then_mc,20260802,3841747339,measured,140,105,105,105,5,1,0.294583,0.005209,18.289709,1716,2758,5190,36330,"[{""grover_power"":0,""max_transpiled_quantum_depth"":1,""operation_counts_including_non_gates"":{""barrier"":1,""measure"":1,""u"":6},""qubits"":7,""transpiled_quantum_gate_count"":6},{""grover_power"":1,""max_transpiled_quantum_depth"":218,""operation_counts_including_non_gates"":{""barrier"":1,""cx"":136,""measure"":1,""u"":214},""qubits"":7,""transpiled_quantum_gate_count"":350},{""grover_power"":2,""max_transpiled_quantum_depth"":432,""operation_counts_including_non_gates"":{""barrier"":1,""cx"":272,""measure"":1,""u"":422},""qubits"":7,""transpiled_quantum_gate_count"":694},{""grover_power"":4,""max_transpiled_quantum_depth"":860,""operation_counts_including_non_gates"":{""barrier"":1,""cx"":544,""measure"":1,""u"":838},""qubits"":7,""transpiled_quantum_gate_count"":1382},{""grover_power"":8,""max_transpiled_quantum_depth"":1716,""operation_counts_including_non_gates"":{""barrier"":1,""cx"":1088,""measure"":1,""u"":1670},""qubits"":7,""transpiled_quantum_gate_count"":2758}]","[""u"",""cx""]",0,none; all-to-all analysis without a backend target or coupling map
1.0,actual_runtime_and_circuit_metrics,classical_monte_carlo,Python table MC,0,64,0.0,contiguous_prefix_visible_then_blocked,f5a5fd42d16a20302798ef6ed309979b43003d2320d9f0e8ea9831a92759fb4b,256,245,64,True,True,,,,0,False,981794122,ok,,[],245,0,with_replacement,0.0,0.0,0.0,0.0,0.015437374619565042,0.95,wilson_score,0.06775,0.006166,0.074,0.074,405,160,measured-0160,1,qiskit_then_mc,20260802,3841747339,measured,,,,,,,,,,,,,,,,,
1.0,actual_runtime_and_circuit_metrics,classical_monte_carlo,Python table MC,8,64,0.125,contiguous_prefix_visible_then_blocked,407b84e032b28972b59fe5732c4e37776624a39308e563a5604359ca2b16ec23,256,245,64,True,True,,,,2,False,2506997589,ok,,[],245,32,with_replacement,0.1306122448979592,0.0056122448979591955,0.0056122448979591955,0.09405977068763327,0.17856947341906582,0.95,wilson_score,0.059417,0.001291,0.06075,0.06075,406,161,measured-0161,0,mc_then_qiskit,20260802,3841747339,measured,,,,,,,,,,,,,,,,,
1.0,actual_runtime_and_circuit_metrics,qiskit_statevector_mlae,Qiskit StatevectorSampler finite-shot CPU simulation of synthesized circuits; not a QPU,8,64,0.125,contiguous_prefix_visible_then_blocked,407b84e032b28972b59fe5732c4e37776624a39308e563a5604359ca2b16ec23,256,245,64,True,True,"[0,1,2,4,8]",7,35,2,False,3996130014,ok,,[],,,,0.12998323193304312,0.00498323193304312,0.00498323193304312,0.11451160155527317,0.1467671845277612,0.95,qiskit_mlae_likelihood_ratio,2272.909041,99.608667,2373.679042,2650.49275,407,161,measured-0161,1,mc_then_qiskit,20260802,3841747339,measured,140,105,105,105,5,1,1.152625,0.005167,276.81025,30548,46822,95910,671370,"[{""grover_power"":0,""max_transpiled_quantum_depth"":1700,""operation_counts_including_non_gates"":{""barrier"":1,""cx"":1088,""measure"":1,""u"":1510},""qubits"":7,""transpiled_quantum_gate_count"":2598},{""grover_power"":1,""max_transpiled_quantum_depth"":5306,""operation_counts_including_non_gates"":{""barrier"":1,""cx"":3400,""measure"":1,""u"":4726},""qubits"":7,""transpiled_quantum_gate_count"":8126},{""grover_power"":2,""max_transpiled_quantum_depth"":8912,""operation_counts_including_non_gates"":{""barrier"":1,""cx"":5712,""measure"":1,""u"":7942},""qubits"":7,""transpiled_quantum_gate_count"":13654},{""grover_power"":4,""max_transpiled_quantum_depth"":16124,""operation_counts_including_non_gates"":{""barrier"":1,""cx"":10336,""measure"":1,""u"":14374},""qubits"":7,""transpiled_quantum_gate_count"":24710},{""grover_power"":8,""max_transpiled_quantum_depth"":30548,""operation_counts_including_non_gates"":{""barrier"":1,""cx"":19584,""measure"":1,""u"":27238},""qubits"":7,""transpiled_quantum_gate_count"":46822}]","[""u"",""cx""]",0,none; all-to-all analysis without a backend target or coupling map
1.0,actual_runtime_and_circuit_metrics,qiskit_statevector_mlae,Qiskit StatevectorSampler finite-shot CPU simulation of synthesized circuits; not a QPU,63,64,0.984375,contiguous_prefix_visible_then_blocked,4a22bb45b68e2388bce472d38b49adb1bb6b08e220e9edede71b70cc62ad2db2,512,490,64,True,True,"[0,1,2,4,8]",14,70,1,False,450255757,ok,,[],,,,0.9855777236978069,0.00120272369780694,0.00120272369780694,0.9823468442104961,0.9882318454381086,0.95,qiskit_mlae_likelihood_ratio,11145.6405,100.934959,11252.021125,13295.815291,408,162,measured-0162,0,qiskit_then_mc,20260802,3841747339,measured,280,210,210,210,5,1,5.434333,0.006167,2043.790416,227715,346651,713205,9984870,"[{""grover_power"":0,""max_transpiled_quantum_depth"":13299,""operation_counts_including_non_gates"":{""barrier"":1,""cx"":8568,""measure"":1,""u"":11667},""qubits"":7,""transpiled_quantum_gate_count"":20235},{""grover_power"":1,""max_transpiled_quantum_depth"":40101,""operation_counts_including_non_gates"":{""barrier"":1,""cx"":25840,""measure"":1,""u"":35197},""qubits"":7,""transpiled_quantum_gate_count"":61037},{""grover_power"":2,""max_transpiled_quantum_depth"":66903,""operation_counts_including_non_gates"":{""barrier"":1,""cx"":43112,""measure"":1,""u"":58727},""qubits"":7,""transpiled_quantum_gate_count"":101839},{""grover_power"":4,""max_transpiled_quantum_depth"":120507,""operation_counts_including_non_gates"":{""barrier"":1,""cx"":77656,""measure"":1,""u"":105787},""qubits"":7,""transpiled_quantum_gate_count"":183443},{""grover_power"":8,""max_transpiled_quantum_depth"":227715,""operation_counts_including_non_gates"":{""barrier"":1,""cx"":146744,""measure"":1,""u"":199907},""qubits"":7,""transpiled_quantum_gate_count"":346651}]","[""u"",""cx""]",0,none; all-to-all analysis without a backend target or coupling map
1.0,actual_runtime_and_circuit_metrics,classical_monte_carlo,Python table MC,63,64,0.984375,contiguous_prefix_visible_then_blocked,4a22bb45b68e2388bce472d38b49adb1bb6b08e220e9edede71b70cc62ad2db2,512,490,64,True,True,,,,1,False,1833658943,ok,,[],490,483,with_replacement,0.9857142857142858,0.001339285714285765,0.001339285714285765,0.9708089484936632,0.9930631434459242,0.95,wilson_score,0.124292,0.006875,0.131209,0.131209,409,162,measured-0162,1,qiskit_then_mc,20260802,3841747339,measured,,,,,,,,,,,,,,,,,
1.0,actual_runtime_and_circuit_metrics,classical_monte_carlo,Python table MC,8,64,0.125,contiguous_prefix_visible_then_blocked,407b84e032b28972b59fe5732c4e37776624a39308e563a5604359ca2b16ec23,1024,1015,64,True,True,,,,3,False,1740178481,ok,,[],1015,150,with_replacement,0.1477832512315271,0.022783251231527107,0.022783251231527107,0.1272795633886326,0.17094294825944045,0.95,wilson_score,0.223291,0.003,0.226375,0.226375,410,163,measured-0163,0,mc_then_qiskit,20260802,3841747339,measured,,,,,,,,,,,,,,,,,
1.0,actual_runtime_and_circuit_metrics,qiskit_statevector_mlae,Qiskit StatevectorSampler finite-shot CPU simulation of synthesized circuits; not a QPU,8,64,0.125,contiguous_prefix_visible_then_blocked,407b84e032b28972b59fe5732c4e37776624a39308e563a5604359ca2b16ec23,1024,1015,64,True,True,"[0,1,2,4,8]",29,145,3,False,1707207554,ok,,[],,,,0.12144693304489623,-0.0035530669551037675,0.0035530669551037675,0.11443200018432995,0.12751304488725118,0.95,qiskit_mlae_likelihood_ratio,2056.30525,100.399292,2157.898458,2431.819125,411,163,measured-0163,1,mc_then_qiskit,20260802,3841747339,measured,580,435,435,435,5,1,1.184209,0.005625,273.916959,30548,46822,95910,2781390,"[{""grover_power"":0,""max_transpiled_quantum_depth"":1700,""operation_counts_including_non_gates"":{""barrier"":1,""cx"":1088,""measure"":1,""u"":1510},""qubits"":7,""transpiled_quantum_gate_count"":2598},{""grover_power"":1,""max_transpiled_quantum_depth"":5306,""operation_counts_including_non_gates"":{""barrier"":1,""cx"":3400,""measure"":1,""u"":4726},""qubits"":7,""transpiled_quantum_gate_count"":8126},{""grover_power"":2,""max_transpiled_quantum_depth"":8912,""operation_counts_including_non_gates"":{""barrier"":1,""cx"":5712,""measure"":1,""u"":7942},""qubits"":7,""transpiled_quantum_gate_count"":13654},{""grover_power"":4,""max_transpiled_quantum_depth"":16124,""operation_counts_including_non_gates"":{""barrier"":1,""cx"":10336,""measure"":1,""u"":14374},""qubits"":7,""transpiled_quantum_gate_count"":24710},{""grover_power"":8,""max_transpiled_quantum_depth"":30548,""operation_counts_including_non_gates"":{""barrier"":1,""cx"":19584,""measure"":1,""u"":27238},""qubits"":7,""transpiled_quantum_gate_count"":46822}]","[""u"",""cx""]",0,none; all-to-all analysis without a backend target or coupling map
1.0,actual_runtime_and_circuit_metrics,qiskit_statevector_mlae,Qiskit StatevectorSampler finite-shot CPU simulation of synthesized circuits; not a QPU,1,64,0.015625,contiguous_prefix_visible_then_blocked,16abab341fb7f370e27e4dadcf81766dd0dfd0ae64469477bb2cf6614938b2af,128,105,64,True,True,"[0,1,2,4,8]",3,15,1,False,2746954219,ok,,[],,,,0.01604468253870773,0.0004196825387077288,0.0004196825387077288,0.0038318810579276827,0.024219354401888053,0.95,qiskit_mlae_likelihood_ratio,868.744541,100.646125,970.013209,1024.178834,412,164,measured-0164,0,qiskit_then_mc,20260802,3841747339,measured,60,45,45,45,5,1,0.613167,0.00525,54.161125,5320,8317,16635,49905,"[{""grover_power"":0,""max_transpiled_quantum_depth"":216,""operation_counts_including_non_gates"":{""barrier"":1,""cx"":136,""measure"":1,""u"":197},""qubits"":7,""transpiled_quantum_gate_count"":333},{""grover_power"":1,""max_transpiled_quantum_depth"":854,""operation_counts_including_non_gates"":{""barrier"":1,""cx"":544,""measure"":1,""u"":787},""qubits"":7,""transpiled_quantum_gate_count"":1331},{""grover_power"":2,""max_transpiled_quantum_depth"":1492,""operation_counts_including_non_gates"":{""barrier"":1,""cx"":952,""measure"":1,""u"":1377},""qubits"":7,""transpiled_quantum_gate_count"":2329},{""grover_power"":4,""max_transpiled_quantum_depth"":2768,""operation_counts_including_non_gates"":{""barrier"":1,""cx"":1768,""measure"":1,""u"":2557},""qubits"":7,""transpiled_quantum_gate_count"":4325},{""grover_power"":8,""max_transpiled_quantum_depth"":5320,""operation_counts_including_non_gates"":{""barrier"":1,""cx"":3400,""measure"":1,""u"":4917},""qubits"":7,""transpiled_quantum_gate_count"":8317}]","[""u"",""cx""]",0,none; all-to-all analysis without a backend target or coupling map
1.0,actual_runtime_and_circuit_metrics,classical_monte_carlo,Python table MC,1,64,0.015625,contiguous_prefix_visible_then_blocked,16abab341fb7f370e27e4dadcf81766dd0dfd0ae64469477bb2cf6614938b2af,128,105,64,True,True,,,,1,False,3942289340,ok,,[],105,0,with_replacement,0.0,-0.015625,0.015625,0.0,0.035294076929109866,0.95,wilson_score,0.0425,0.009125,0.051666,0.051666,413,164,measured-0164,1,qiskit_then_mc,20260802,3841747339,measured,,,,,,,,,,,,,,,,,
1.0,actual_runtime_and_circuit_metrics,classical_monte_carlo,Python table MC,8,64,0.125,contiguous_prefix_visible_then_blocked,407b84e032b28972b59fe5732c4e37776624a39308e563a5604359ca2b16ec23,1024,1015,64,True,True,,,,2,False,3579544607,ok,,[],1015,131,with_replacement,0.129064039408867,0.004064039408866987,0.004064039408866987,0.109828291475633,0.1510969550572327,0.95,wilson_score,0.2285,0.00175,0.230292,0.230292,414,165,measured-0165,0,mc_then_qiskit,20260802,3841747339,measured,,,,,,,,,,,,,,,,,
1.0,actual_runtime_and_circuit_metrics,qiskit_statevector_mlae,Qiskit StatevectorSampler finite-shot CPU simulation of synthesized circuits; not a QPU,8,64,0.125,contiguous_prefix_visible_then_blocked,407b84e032b28972b59fe5732c4e37776624a39308e563a5604359ca2b16ec23,1024,1015,64,True,True,"[0,1,2,4,8]",29,145,2,False,3784485737,ok,,[],,,,0.12436098908275785,-0.0006390109172421526,0.0006390109172421526,0.119493748204051,0.1387216827039121,0.95,qiskit_mlae_likelihood_ratio,2290.065042,100.002417,2391.322375,2670.282916,415,165,measured-0165,1,mc_then_qiskit,20260802,3841747339,measured,580,435,435,435,5,1,1.245667,0.00575,278.95675,30548,46822,95910,2781390,"[{""grover_power"":0,""max_transpiled_quantum_depth"":1700,""operation_counts_including_non_gates"":{""barrier"":1,""cx"":1088,""measure"":1,""u"":1510},""qubits"":7,""transpiled_quantum_gate_count"":2598},{""grover_power"":1,""max_transpiled_quantum_depth"":5306,""operation_counts_including_non_gates"":{""barrier"":1,""cx"":3400,""measure"":1,""u"":4726},""qubits"":7,""transpiled_quantum_gate_count"":8126},{""grover_power"":2,""max_transpiled_quantum_depth"":8912,""operation_counts_including_non_gates"":{""barrier"":1,""cx"":5712,""measure"":1,""u"":7942},""qubits"":7,""transpiled_quantum_gate_count"":13654},{""grover_power"":4,""max_transpiled_quantum_depth"":16124,""operation_counts_including_non_gates"":{""barrier"":1,""cx"":10336,""measure"":1,""u"":14374},""qubits"":7,""transpiled_quantum_gate_count"":24710},{""grover_power"":8,""max_transpiled_quantum_depth"":30548,""operation_counts_including_non_gates"":{""barrier"":1,""cx"":19584,""measure"":1,""u"":27238},""qubits"":7,""transpiled_quantum_gate_count"":46822}]","[""u"",""cx""]",0,none; all-to-all analysis without a backend target or coupling map
1.0,actual_runtime_and_circuit_metrics,qiskit_statevector_mlae,Qiskit StatevectorSampler finite-shot CPU simulation of synthesized circuits; not a QPU,0,64,0.0,contiguous_prefix_visible_then_blocked,f5a5fd42d16a20302798ef6ed309979b43003d2320d9f0e8ea9831a92759fb4b,256,245,64,True,True,"[0,1,2,4,8]",7,35,4,False,3169941653,ok,,[],,,,1e-30,1e-30,1e-30,1e-30,0.0006597939355153962,0.95,qiskit_mlae_likelihood_ratio,691.121042,100.869708,792.528833,811.541208,416,166,measured-0166,0,qiskit_then_mc,20260802,3841747339,measured,140,105,105,105,5,1,0.528375,0.005625,19.007833,1716,2758,5190,36330,"[{""grover_power"":0,""max_transpiled_quantum_depth"":1,""operation_counts_including_non_gates"":{""barrier"":1,""measure"":1,""u"":6},""qubits"":7,""transpiled_quantum_gate_count"":6},{""grover_power"":1,""max_transpiled_quantum_depth"":218,""operation_counts_including_non_gates"":{""barrier"":1,""cx"":136,""measure"":1,""u"":214},""qubits"":7,""transpiled_quantum_gate_count"":350},{""grover_power"":2,""max_transpiled_quantum_depth"":432,""operation_counts_including_non_gates"":{""barrier"":1,""cx"":272,""measure"":1,""u"":422},""qubits"":7,""transpiled_quantum_gate_count"":694},{""grover_power"":4,""max_transpiled_quantum_depth"":860,""operation_counts_including_non_gates"":{""barrier"":1,""cx"":544,""measure"":1,""u"":838},""qubits"":7,""transpiled_quantum_gate_count"":1382},{""grover_power"":8,""max_transpiled_quantum_depth"":1716,""operation_counts_including_non_gates"":{""barrier"":1,""cx"":1088,""measure"":1,""u"":1670},""qubits"":7,""transpiled_quantum_gate_count"":2758}]","[""u"",""cx""]",0,none; all-to-all analysis without a backend target or coupling map
1.0,actual_runtime_and_circuit_metrics,classical_monte_carlo,Python table MC,0,64,0.0,contiguous_prefix_visible_then_blocked,f5a5fd42d16a20302798ef6ed309979b43003d2320d9f0e8ea9831a92759fb4b,256,245,64,True,True,,,,4,False,3280822589,ok,,[],245,0,with_replacement,0.0,0.0,0.0,0.0,0.015437374619565042,0.95,wilson_score,0.069917,0.00625,0.07625,0.07625,417,166,measured-0166,1,qiskit_then_mc,20260802,3841747339,measured,,,,,,,,,,,,,,,,,
1.0,actual_runtime_and_circuit_metrics,classical_monte_carlo,Python table MC,63,64,0.984375,contiguous_prefix_visible_then_blocked,4a22bb45b68e2388bce472d38b49adb1bb6b08e220e9edede71b70cc62ad2db2,512,490,64,True,True,,,,4,False,3126584693,ok,,[],490,484,with_replacement,0.9877551020408163,0.0033801020408162907,0.0033801020408162907,0.973545675320066,0.994376299358763,0.95,wilson_score,0.112375,0.001792,0.114209,0.114209,418,167,measured-0167,0,mc_then_qiskit,20260802,3841747339,measured,,,,,,,,,,,,,,,,,
1.0,actual_runtime_and_circuit_metrics,qiskit_statevector_mlae,Qiskit StatevectorSampler finite-shot CPU simulation of synthesized circuits; not a QPU,63,64,0.984375,contiguous_prefix_visible_then_blocked,4a22bb45b68e2388bce472d38b49adb1bb6b08e220e9edede71b70cc62ad2db2,512,490,64,True,True,"[0,1,2,4,8]",14,70,4,False,2846864644,ok,,[],,,,0.9841744742464577,-0.00020052575354234659,0.00020052575354234659,0.9810739790824118,0.9868883222830639,0.95,qiskit_mlae_likelihood_ratio,11192.973291,100.349917,11297.818417,13348.156958,419,167,measured-0167,1,mc_then_qiskit,20260802,3841747339,measured,280,210,210,210,5,1,4.485375,0.005709,2050.333125,227715,346651,713205,9984870,"[{""grover_power"":0,""max_transpiled_quantum_depth"":13299,""operation_counts_including_non_gates"":{""barrier"":1,""cx"":8568,""measure"":1,""u"":11667},""qubits"":7,""transpiled_quantum_gate_count"":20235},{""grover_power"":1,""max_transpiled_quantum_depth"":40101,""operation_counts_including_non_gates"":{""barrier"":1,""cx"":25840,""measure"":1,""u"":35197},""qubits"":7,""transpiled_quantum_gate_count"":61037},{""grover_power"":2,""max_transpiled_quantum_depth"":66903,""operation_counts_including_non_gates"":{""barrier"":1,""cx"":43112,""measure"":1,""u"":58727},""qubits"":7,""transpiled_quantum_gate_count"":101839},{""grover_power"":4,""max_transpiled_quantum_depth"":120507,""operation_counts_including_non_gates"":{""barrier"":1,""cx"":77656,""measure"":1,""u"":105787},""qubits"":7,""transpiled_quantum_gate_count"":183443},{""grover_power"":8,""max_transpiled_quantum_depth"":227715,""operation_counts_including_non_gates"":{""barrier"":1,""cx"":146744,""measure"":1,""u"":199907},""qubits"":7,""transpiled_quantum_gate_count"":346651}]","[""u"",""cx""]",0,none; all-to-all analysis without a backend target or coupling map
1.0,actual_runtime_and_circuit_metrics,qiskit_statevector_mlae,Qiskit StatevectorSampler finite-shot CPU simulation of synthesized circuits; not a QPU,1,64,0.015625,contiguous_prefix_visible_then_blocked,16abab341fb7f370e27e4dadcf81766dd0dfd0ae64469477bb2cf6614938b2af,128,105,64,True,True,"[0,1,2,4,8]",3,15,3,False,2459953297,ok,,[],,,,0.01505493363812339,-0.0005700663618766096,0.0005700663618766096,0.007901199875843803,0.5850589656350923,0.95,qiskit_mlae_likelihood_ratio,866.879625,105.113,972.7625,1025.7755,420,168,measured-0168,0,qiskit_then_mc,20260802,3841747339,measured,60,45,45,45,5,1,0.75675,0.008791,53.009334,5320,8317,16635,49905,"[{""grover_power"":0,""max_transpiled_quantum_depth"":216,""operation_counts_including_non_gates"":{""barrier"":1,""cx"":136,""measure"":1,""u"":197},""qubits"":7,""transpiled_quantum_gate_count"":333},{""grover_power"":1,""max_transpiled_quantum_depth"":854,""operation_counts_including_non_gates"":{""barrier"":1,""cx"":544,""measure"":1,""u"":787},""qubits"":7,""transpiled_quantum_gate_count"":1331},{""grover_power"":2,""max_transpiled_quantum_depth"":1492,""operation_counts_including_non_gates"":{""barrier"":1,""cx"":952,""measure"":1,""u"":1377},""qubits"":7,""transpiled_quantum_gate_count"":2329},{""grover_power"":4,""max_transpiled_quantum_depth"":2768,""operation_counts_including_non_gates"":{""barrier"":1,""cx"":1768,""measure"":1,""u"":2557},""qubits"":7,""transpiled_quantum_gate_count"":4325},{""grover_power"":8,""max_transpiled_quantum_depth"":5320,""operation_counts_including_non_gates"":{""barrier"":1,""cx"":3400,""measure"":1,""u"":4917},""qubits"":7,""transpiled_quantum_gate_count"":8317}]","[""u"",""cx""]",0,none; all-to-all analysis without a backend target or coupling map
1.0,actual_runtime_and_circuit_metrics,classical_monte_carlo,Python table MC,1,64,0.015625,contiguous_prefix_visible_then_blocked,16abab341fb7f370e27e4dadcf81766dd0dfd0ae64469477bb2cf6614938b2af,128,105,64,True,True,,,,3,False,3569979911,ok,,[],105,1,with_replacement,0.009523809523809525,-0.006101190476190475,0.006101190476190475,0.0016831692328561979,0.05198625861188968,0.95,wilson_score,0.040708,0.00725,0.048041,0.048041,421,168,measured-0168,1,qiskit_then_mc,20260802,3841747339,measured,,,,,,,,,,,,,,,,,
1.0,actual_runtime_and_circuit_metrics,classical_monte_carlo,Python table MC,1,64,0.015625,contiguous_prefix_visible_then_blocked,16abab341fb7f370e27e4dadcf81766dd0dfd0ae64469477bb2cf6614938b2af,1024,1015,64,True,True,,,,1,False,3974096480,ok,,[],1015,19,with_replacement,0.0187192118226601,0.0030942118226600993,0.0030942118226600993,0.012016156797435232,0.029051526951050514,0.95,wilson_score,0.233625,0.002083,0.235792,0.235792,422,169,measured-0169,0,mc_then_qiskit,20260802,3841747339,measured,,,,,,,,,,,,,,,,,
1.0,actual_runtime_and_circuit_metrics,qiskit_statevector_mlae,Qiskit StatevectorSampler finite-shot CPU simulation of synthesized circuits; not a QPU,1,64,0.015625,contiguous_prefix_visible_then_blocked,16abab341fb7f370e27e4dadcf81766dd0dfd0ae64469477bb2cf6614938b2af,1024,1015,64,True,True,"[0,1,2,4,8]",29,145,1,False,2968553053,ok,,[],,,,0.015611211435459025,-1.378856454097542e-05,1.378856454097542e-05,0.013527259722085204,0.01795069340543537,0.95,qiskit_mlae_likelihood_ratio,873.791,99.989292,974.467083,1027.192375,423,169,measured-0169,1,mc_then_qiskit,20260802,3841747339,measured,580,435,435,435,5,1,0.677333,0.005375,52.718917,5320,8317,16635,482415,"[{""grover_power"":0,""max_transpiled_quantum_depth"":216,""operation_counts_including_non_gates"":{""barrier"":1,""cx"":136,""measure"":1,""u"":197},""qubits"":7,""transpiled_quantum_gate_count"":333},{""grover_power"":1,""max_transpiled_quantum_depth"":854,""operation_counts_including_non_gates"":{""barrier"":1,""cx"":544,""measure"":1,""u"":787},""qubits"":7,""transpiled_quantum_gate_count"":1331},{""grover_power"":2,""max_transpiled_quantum_depth"":1492,""operation_counts_including_non_gates"":{""barrier"":1,""cx"":952,""measure"":1,""u"":1377},""qubits"":7,""transpiled_quantum_gate_count"":2329},{""grover_power"":4,""max_transpiled_quantum_depth"":2768,""operation_counts_including_non_gates"":{""barrier"":1,""cx"":1768,""measure"":1,""u"":2557},""qubits"":7,""transpiled_quantum_gate_count"":4325},{""grover_power"":8,""max_transpiled_quantum_depth"":5320,""operation_counts_including_non_gates"":{""barrier"":1,""cx"":3400,""measure"":1,""u"":4917},""qubits"":7,""transpiled_quantum_gate_count"":8317}]","[""u"",""cx""]",0,none; all-to-all analysis without a backend target or coupling map
1.0,actual_runtime_and_circuit_metrics,qiskit_statevector_mlae,Qiskit StatevectorSampler finite-shot CPU simulation of synthesized circuits; not a QPU,8,64,0.125,contiguous_prefix_visible_then_blocked,407b84e032b28972b59fe5732c4e37776624a39308e563a5604359ca2b16ec23,32,18,64,False,False,"[0,1,2,4]",1,4,3,False,2083182881,ok,,[],,,,0.9854570973016683,0.8604570973016683,0.8604570973016683,0.10243398592040628,0.9991224247281091,0.95,qiskit_mlae_likelihood_ratio,979.836125,41.305,1022.249625,1169.008834,424,170,measured-0170,0,qiskit_then_mc,20260802,3841747339,measured,11,7,7,7,4,1,1.099958,0.004917,146.754292,16124,24710,49088,49088,"[{""grover_power"":0,""max_transpiled_quantum_depth"":1700,""operation_counts_including_non_gates"":{""barrier"":1,""cx"":1088,""measure"":1,""u"":1510},""qubits"":7,""transpiled_quantum_gate_count"":2598},{""grover_power"":1,""max_transpiled_quantum_depth"":5306,""operation_counts_including_non_gates"":{""barrier"":1,""cx"":3400,""measure"":1,""u"":4726},""qubits"":7,""transpiled_quantum_gate_count"":8126},{""grover_power"":2,""max_transpiled_quantum_depth"":8912,""operation_counts_including_non_gates"":{""barrier"":1,""cx"":5712,""measure"":1,""u"":7942},""qubits"":7,""transpiled_quantum_gate_count"":13654},{""grover_power"":4,""max_transpiled_quantum_depth"":16124,""operation_counts_including_non_gates"":{""barrier"":1,""cx"":10336,""measure"":1,""u"":14374},""qubits"":7,""transpiled_quantum_gate_count"":24710}]","[""u"",""cx""]",0,none; all-to-all analysis without a backend target or coupling map
1.0,actual_runtime_and_circuit_metrics,classical_monte_carlo,Python table MC,8,64,0.125,contiguous_prefix_visible_then_blocked,407b84e032b28972b59fe5732c4e37776624a39308e563a5604359ca2b16ec23,32,18,64,False,False,,,,3,False,422488728,ok,,[],18,3,with_replacement,0.16666666666666666,0.04166666666666666,0.04166666666666666,0.05836576805861446,0.39222038103915724,0.95,wilson_score,0.0205,0.006583,0.027167,0.027167,425,170,measured-0170,1,qiskit_then_mc,20260802,3841747339,measured,,,,,,,,,,,,,,,,,
1.0,actual_runtime_and_circuit_metrics,classical_monte_carlo,Python table MC,8,64,0.125,contiguous_prefix_visible_then_blocked,407b84e032b28972b59fe5732c4e37776624a39308e563a5604359ca2b16ec23,1024,1015,64,True,True,,,,4,False,34348513,ok,,[],1015,128,with_replacement,0.12610837438423644,0.0011083743842364435,0.0011083743842364435,0.10708512615680918,0.14795107851576064,0.95,wilson_score,0.224958,0.001833,0.226833,0.226833,426,171,measured-0171,0,mc_then_qiskit,20260802,3841747339,measured,,,,,,,,,,,,,,,,,
1.0,actual_runtime_and_circuit_metrics,qiskit_statevector_mlae,Qiskit StatevectorSampler finite-shot CPU simulation of synthesized circuits; not a QPU,8,64,0.125,contiguous_prefix_visible_then_blocked,407b84e032b28972b59fe5732c4e37776624a39308e563a5604359ca2b16ec23,1024,1015,64,True,True,"[0,1,2,4,8]",29,145,4,False,749512123,ok,,[],,,,0.1248564352395001,-0.00014356476049989797,0.00014356476049989797,0.11683050298176861,0.1332372907272585,0.95,qiskit_mlae_likelihood_ratio,2287.392333,100.513375,2389.019125,2665.601125,427,171,measured-0171,1,mc_then_qiskit,20260802,3841747339,measured,580,435,435,435,5,1,1.104875,0.005125,276.5765,30548,46822,95910,2781390,"[{""grover_power"":0,""max_transpiled_quantum_depth"":1700,""operation_counts_including_non_gates"":{""barrier"":1,""cx"":1088,""measure"":1,""u"":1510},""qubits"":7,""transpiled_quantum_gate_count"":2598},{""grover_power"":1,""max_transpiled_quantum_depth"":5306,""operation_counts_including_non_gates"":{""barrier"":1,""cx"":3400,""measure"":1,""u"":4726},""qubits"":7,""transpiled_quantum_gate_count"":8126},{""grover_power"":2,""max_transpiled_quantum_depth"":8912,""operation_counts_including_non_gates"":{""barrier"":1,""cx"":5712,""measure"":1,""u"":7942},""qubits"":7,""transpiled_quantum_gate_count"":13654},{""grover_power"":4,""max_transpiled_quantum_depth"":16124,""operation_counts_including_non_gates"":{""barrier"":1,""cx"":10336,""measure"":1,""u"":14374},""qubits"":7,""transpiled_quantum_gate_count"":24710},{""grover_power"":8,""max_transpiled_quantum_depth"":30548,""operation_counts_including_non_gates"":{""barrier"":1,""cx"":19584,""measure"":1,""u"":27238},""qubits"":7,""transpiled_quantum_gate_count"":46822}]","[""u"",""cx""]",0,none; all-to-all analysis without a backend target or coupling map
1.0,actual_runtime_and_circuit_metrics,qiskit_statevector_mlae,Qiskit StatevectorSampler finite-shot CPU simulation of synthesized circuits; not a QPU,64,64,1.0,contiguous_prefix_visible_then_blocked,7c8975e1e60a5c8337f28edf8c33c3b180360b7279644a9bc1af3c51e6220bf5,32,18,64,False,False,"[0,1,2,4]",1,4,0,False,2335903958,ok,,"[""RuntimeWarning: divide by zero encountered in scalar divide""]",,,,1.0,0.0,0.0,0.9863123486604318,1.0,0.95,qiskit_mlae_likelihood_ratio,294.823542,41.033541,336.356625,347.491292,428,172,measured-0172,0,qiskit_then_mc,20260802,3841747339,measured,11,7,7,7,4,1,0.490083,0.00525,11.1315,860,1391,2450,2450,"[{""grover_power"":0,""max_transpiled_quantum_depth"":1,""operation_counts_including_non_gates"":{""barrier"":1,""measure"":1,""u"":7},""qubits"":7,""transpiled_quantum_gate_count"":7},{""grover_power"":1,""max_transpiled_quantum_depth"":218,""operation_counts_including_non_gates"":{""barrier"":1,""cx"":136,""measure"":1,""u"":217},""qubits"":7,""transpiled_quantum_gate_count"":353},{""grover_power"":2,""max_transpiled_quantum_depth"":432,""operation_counts_including_non_gates"":{""barrier"":1,""cx"":272,""measure"":1,""u"":427},""qubits"":7,""transpiled_quantum_gate_count"":699},{""grover_power"":4,""max_transpiled_quantum_depth"":860,""operation_counts_including_non_gates"":{""barrier"":1,""cx"":544,""measure"":1,""u"":847},""qubits"":7,""transpiled_quantum_gate_count"":1391}]","[""u"",""cx""]",0,none; all-to-all analysis without a backend target or coupling map
1.0,actual_runtime_and_circuit_metrics,classical_monte_carlo,Python table MC,64,64,1.0,contiguous_prefix_visible_then_blocked,7c8975e1e60a5c8337f28edf8c33c3b180360b7279644a9bc1af3c51e6220bf5,32,18,64,False,False,,,,0,False,2542650514,ok,,[],18,18,with_replacement,1.0,0.0,0.0,0.8241207763533426,1.0,0.95,wilson_score,0.022875,0.008709,0.031625,0.031625,429,172,measured-0172,1,qiskit_then_mc,20260802,3841747339,measured,,,,,,,,,,,,,,,,,
1.0,actual_runtime_and_circuit_metrics,classical_monte_carlo,Python table MC,8,64,0.125,contiguous_prefix_visible_then_blocked,407b84e032b28972b59fe5732c4e37776624a39308e563a5604359ca2b16ec23,64,35,64,True,False,,,,2,False,2761271037,ok,,[],35,4,with_replacement,0.11428571428571428,-0.010714285714285718,0.010714285714285718,0.0453517933309736,0.25951468646213804,0.95,wilson_score,0.015917,0.00225,0.018208,0.018208,430,173,measured-0173,0,mc_then_qiskit,20260802,3841747339,measured,,,,,,,,,,,,,,,,,
1.0,actual_runtime_and_circuit_metrics,qiskit_statevector_mlae,Qiskit StatevectorSampler finite-shot CPU simulation of synthesized circuits; not a QPU,8,64,0.125,contiguous_prefix_visible_then_blocked,407b84e032b28972b59fe5732c4e37776624a39308e563a5604359ca2b16ec23,64,35,64,True,False,"[0,1,2,4,8]",1,5,2,False,498975498,ok,,[],,,,0.12726297225402192,0.0022629722540219166,0.0022629722540219166,0.08958027263240104,0.17229059098815494,0.95,qiskit_mlae_likelihood_ratio,2049.330875,102.443792,2153.007375,2429.405791,431,173,measured-0173,1,mc_then_qiskit,20260802,3841747339,measured,20,15,15,15,5,1,1.219167,0.009291,276.39475,30548,46822,95910,95910,"[{""grover_power"":0,""max_transpiled_quantum_depth"":1700,""operation_counts_including_non_gates"":{""barrier"":1,""cx"":1088,""measure"":1,""u"":1510},""qubits"":7,""transpiled_quantum_gate_count"":2598},{""grover_power"":1,""max_transpiled_quantum_depth"":5306,""operation_counts_including_non_gates"":{""barrier"":1,""cx"":3400,""measure"":1,""u"":4726},""qubits"":7,""transpiled_quantum_gate_count"":8126},{""grover_power"":2,""max_transpiled_quantum_depth"":8912,""operation_counts_including_non_gates"":{""barrier"":1,""cx"":5712,""measure"":1,""u"":7942},""qubits"":7,""transpiled_quantum_gate_count"":13654},{""grover_power"":4,""max_transpiled_quantum_depth"":16124,""operation_counts_including_non_gates"":{""barrier"":1,""cx"":10336,""measure"":1,""u"":14374},""qubits"":7,""transpiled_quantum_gate_count"":24710},{""grover_power"":8,""max_transpiled_quantum_depth"":30548,""operation_counts_including_non_gates"":{""barrier"":1,""cx"":19584,""measure"":1,""u"":27238},""qubits"":7,""transpiled_quantum_gate_count"":46822}]","[""u"",""cx""]",0,none; all-to-all analysis without a backend target or coupling map
1.0,actual_runtime_and_circuit_metrics,qiskit_statevector_mlae,Qiskit StatevectorSampler finite-shot CPU simulation of synthesized circuits; not a QPU,32,64,0.5,contiguous_prefix_visible_then_blocked,037d6dfb3a369a41e01100fdd53c35ee3fb69ddec5830d61e1138d066a4c2285,1024,1015,64,True,True,"[0,1,2,4,8]",29,145,4,False,790329659,ok,,[],,,,0.49628102663403373,-0.0037189733659662716,0.0037189733659662716,0.48740670926334334,0.5052815176956148,0.95,qiskit_mlae_likelihood_ratio,6044.697792,103.297833,6150.796083,7209.338291,432,174,measured-0174,0,qiskit_then_mc,20260802,3841747339,measured,580,435,435,435,5,1,2.789416,0.006791,1058.5385,117044,177926,365830,10609070,"[{""grover_power"":0,""max_transpiled_quantum_depth"":6788,""operation_counts_including_non_gates"":{""barrier"":1,""cx"":4352,""measure"":1,""u"":5958},""qubits"":7,""transpiled_quantum_gate_count"":10310},{""grover_power"":1,""max_transpiled_quantum_depth"":20570,""operation_counts_including_non_gates"":{""barrier"":1,""cx"":13192,""measure"":1,""u"":18070},""qubits"":7,""transpiled_quantum_gate_count"":31262},{""grover_power"":2,""max_transpiled_quantum_depth"":34352,""operation_counts_including_non_gates"":{""barrier"":1,""cx"":22032,""measure"":1,""u"":30182},""qubits"":7,""transpiled_quantum_gate_count"":52214},{""grover_power"":4,""max_transpiled_quantum_depth"":61916,""operation_counts_including_non_gates"":{""barrier"":1,""cx"":39712,""measure"":1,""u"":54406},""qubits"":7,""transpiled_quantum_gate_count"":94118},{""grover_power"":8,""max_transpiled_quantum_depth"":117044,""operation_counts_including_non_gates"":{""barrier"":1,""cx"":75072,""measure"":1,""u"":102854},""qubits"":7,""transpiled_quantum_gate_count"":177926}]","[""u"",""cx""]",0,none; all-to-all analysis without a backend target or coupling map
1.0,actual_runtime_and_circuit_metrics,classical_monte_carlo,Python table MC,32,64,0.5,contiguous_prefix_visible_then_blocked,037d6dfb3a369a41e01100fdd53c35ee3fb69ddec5830d61e1138d066a4c2285,1024,1015,64,True,True,,,,4,False,2993981658,ok,,[],1015,516,with_replacement,0.5083743842364532,0.008374384236453203,0.008374384236453203,0.47764523228591965,0.539040386318252,0.95,wilson_score,0.246583,0.007208,0.253833,0.253833,433,174,measured-0174,1,qiskit_then_mc,20260802,3841747339,measured,,,,,,,,,,,,,,,,,
1.0,actual_runtime_and_circuit_metrics,classical_monte_carlo,Python table MC,1,64,0.015625,contiguous_prefix_visible_then_blocked,16abab341fb7f370e27e4dadcf81766dd0dfd0ae64469477bb2cf6614938b2af,64,35,64,True,False,,,,2,False,20309563,ok,,[],35,0,with_replacement,0.0,-0.015625,0.015625,0.0,0.09890099232440398,0.95,wilson_score,0.0165,0.002166,0.018708,0.018708,434,175,measured-0175,0,mc_then_qiskit,20260802,3841747339,measured,,,,,,,,,,,,,,,,,
1.0,actual_runtime_and_circuit_metrics,qiskit_statevector_mlae,Qiskit StatevectorSampler finite-shot CPU simulation of synthesized circuits; not a QPU,1,64,0.015625,contiguous_prefix_visible_then_blocked,16abab341fb7f370e27e4dadcf81766dd0dfd0ae64469477bb2cf6614938b2af,64,35,64,True,False,"[0,1,2,4,8]",1,5,2,False,1089298646,ok,,[],,,,0.0104709534878072,-0.005154046512192799,0.005154046512192799,0.0018913186560000812,0.8883388285275304,0.95,qiskit_mlae_likelihood_ratio,871.287458,99.714833,971.691458,1025.918416,435,175,measured-0175,1,mc_then_qiskit,20260802,3841747339,measured,20,15,15,15,5,1,0.679042,0.005708,54.222458,5320,8317,16635,16635,"[{""grover_power"":0,""max_transpiled_quantum_depth"":216,""operation_counts_including_non_gates"":{""barrier"":1,""cx"":136,""measure"":1,""u"":197},""qubits"":7,""transpiled_quantum_gate_count"":333},{""grover_power"":1,""max_transpiled_quantum_depth"":854,""operation_counts_including_non_gates"":{""barrier"":1,""cx"":544,""measure"":1,""u"":787},""qubits"":7,""transpiled_quantum_gate_count"":1331},{""grover_power"":2,""max_transpiled_quantum_depth"":1492,""operation_counts_including_non_gates"":{""barrier"":1,""cx"":952,""measure"":1,""u"":1377},""qubits"":7,""transpiled_quantum_gate_count"":2329},{""grover_power"":4,""max_transpiled_quantum_depth"":2768,""operation_counts_including_non_gates"":{""barrier"":1,""cx"":1768,""measure"":1,""u"":2557},""qubits"":7,""transpiled_quantum_gate_count"":4325},{""grover_power"":8,""max_transpiled_quantum_depth"":5320,""operation_counts_including_non_gates"":{""barrier"":1,""cx"":3400,""measure"":1,""u"":4917},""qubits"":7,""transpiled_quantum_gate_count"":8317}]","[""u"",""cx""]",0,none; all-to-all analysis without a backend target or coupling map
1.0,actual_runtime_and_circuit_metrics,qiskit_statevector_mlae,Qiskit StatevectorSampler finite-shot CPU simulation of synthesized circuits; not a QPU,1,64,0.015625,contiguous_prefix_visible_then_blocked,16abab341fb7f370e27e4dadcf81766dd0dfd0ae64469477bb2cf6614938b2af,32,18,64,False,False,"[0,1,2,4]",1,4,1,False,506543093,ok,,[],,,,0.01454290269833175,-0.00108209730166825,0.00108209730166825,0.0008775752718910155,0.8975660140795936,0.95,qiskit_mlae_likelihood_ratio,381.247,40.822292,422.713458,452.405375,436,176,measured-0176,0,qiskit_then_mc,20260802,3841747339,measured,11,7,7,7,4,1,0.634458,0.005416,29.687667,2768,4325,8318,8318,"[{""grover_power"":0,""max_transpiled_quantum_depth"":216,""operation_counts_including_non_gates"":{""barrier"":1,""cx"":136,""measure"":1,""u"":197},""qubits"":7,""transpiled_quantum_gate_count"":333},{""grover_power"":1,""max_transpiled_quantum_depth"":854,""operation_counts_including_non_gates"":{""barrier"":1,""cx"":544,""measure"":1,""u"":787},""qubits"":7,""transpiled_quantum_gate_count"":1331},{""grover_power"":2,""max_transpiled_quantum_depth"":1492,""operation_counts_including_non_gates"":{""barrier"":1,""cx"":952,""measure"":1,""u"":1377},""qubits"":7,""transpiled_quantum_gate_count"":2329},{""grover_power"":4,""max_transpiled_quantum_depth"":2768,""operation_counts_including_non_gates"":{""barrier"":1,""cx"":1768,""measure"":1,""u"":2557},""qubits"":7,""transpiled_quantum_gate_count"":4325}]","[""u"",""cx""]",0,none; all-to-all analysis without a backend target or coupling map
1.0,actual_runtime_and_circuit_metrics,classical_monte_carlo,Python table MC,1,64,0.015625,contiguous_prefix_visible_then_blocked,16abab341fb7f370e27e4dadcf81766dd0dfd0ae64469477bb2cf6614938b2af,32,18,64,False,False,,,,1,False,1016417266,ok,,[],18,0,with_replacement,0.0,-0.015625,0.015625,0.0,0.17587922364665756,0.95,wilson_score,0.02825,0.0065,0.034792,0.034792,437,176,measured-0176,1,qiskit_then_mc,20260802,3841747339,measured,,,,,,,,,,,,,,,,,
1.0,actual_runtime_and_circuit_metrics,classical_monte_carlo,Python table MC,32,64,0.5,contiguous_prefix_visible_then_blocked,037d6dfb3a369a41e01100fdd53c35ee3fb69ddec5830d61e1138d066a4c2285,1024,1015,64,True,True,,,,1,False,1239544493,ok,,[],1015,526,with_replacement,0.5182266009852217,0.018226600985221664,0.018226600985221664,0.48747634041682625,0.5488394177216651,0.95,wilson_score,0.231541,0.002042,0.233625,0.233625,438,177,measured-0177,0,mc_then_qiskit,20260802,3841747339,measured,,,,,,,,,,,,,,,,,
1.0,actual_runtime_and_circuit_metrics,qiskit_statevector_mlae,Qiskit StatevectorSampler finite-shot CPU simulation of synthesized circuits; not a QPU,32,64,0.5,contiguous_prefix_visible_then_blocked,037d6dfb3a369a41e01100fdd53c35ee3fb69ddec5830d61e1138d066a4c2285,1024,1015,64,True,True,"[0,1,2,4,8]",29,145,1,False,4083352661,ok,,[],,,,0.49628102663403373,-0.0037189733659662716,0.0037189733659662716,0.48740670926334334,0.5052815176956148,0.95,qiskit_mlae_likelihood_ratio,6025.32725,100.299917,6128.241542,7421.91025,439,177,measured-0177,1,mc_then_qiskit,20260802,3841747339,measured,580,435,435,435,5,1,2.604041,0.006167,1293.664792,117044,177926,365830,10609070,"[{""grover_power"":0,""max_transpiled_quantum_depth"":6788,""operation_counts_including_non_gates"":{""barrier"":1,""cx"":4352,""measure"":1,""u"":5958},""qubits"":7,""transpiled_quantum_gate_count"":10310},{""grover_power"":1,""max_transpiled_quantum_depth"":20570,""operation_counts_including_non_gates"":{""barrier"":1,""cx"":13192,""measure"":1,""u"":18070},""qubits"":7,""transpiled_quantum_gate_count"":31262},{""grover_power"":2,""max_transpiled_quantum_depth"":34352,""operation_counts_including_non_gates"":{""barrier"":1,""cx"":22032,""measure"":1,""u"":30182},""qubits"":7,""transpiled_quantum_gate_count"":52214},{""grover_power"":4,""max_transpiled_quantum_depth"":61916,""operation_counts_including_non_gates"":{""barrier"":1,""cx"":39712,""measure"":1,""u"":54406},""qubits"":7,""transpiled_quantum_gate_count"":94118},{""grover_power"":8,""max_transpiled_quantum_depth"":117044,""operation_counts_including_non_gates"":{""barrier"":1,""cx"":75072,""measure"":1,""u"":102854},""qubits"":7,""transpiled_quantum_gate_count"":177926}]","[""u"",""cx""]",0,none; all-to-all analysis without a backend target or coupling map
1.0,actual_runtime_and_circuit_metrics,qiskit_statevector_mlae,Qiskit StatevectorSampler finite-shot CPU simulation of synthesized circuits; not a QPU,8,64,0.125,contiguous_prefix_visible_then_blocked,407b84e032b28972b59fe5732c4e37776624a39308e563a5604359ca2b16ec23,512,490,64,True,True,"[0,1,2,4,8]",14,70,2,False,490911694,ok,,[],,,,0.12801381867171938,0.003013818671719376,0.003013818671719376,0.1171117350534341,0.13963033606394917,0.95,qiskit_mlae_likelihood_ratio,2045.273417,100.8325,2147.433041,2427.108458,440,178,measured-0178,0,qiskit_then_mc,20260802,3841747339,measured,280,210,210,210,5,1,1.316583,0.006292,279.671542,30548,46822,95910,1342740,"[{""grover_power"":0,""max_transpiled_quantum_depth"":1700,""operation_counts_including_non_gates"":{""barrier"":1,""cx"":1088,""measure"":1,""u"":1510},""qubits"":7,""transpiled_quantum_gate_count"":2598},{""grover_power"":1,""max_transpiled_quantum_depth"":5306,""operation_counts_including_non_gates"":{""barrier"":1,""cx"":3400,""measure"":1,""u"":4726},""qubits"":7,""transpiled_quantum_gate_count"":8126},{""grover_power"":2,""max_transpiled_quantum_depth"":8912,""operation_counts_including_non_gates"":{""barrier"":1,""cx"":5712,""measure"":1,""u"":7942},""qubits"":7,""transpiled_quantum_gate_count"":13654},{""grover_power"":4,""max_transpiled_quantum_depth"":16124,""operation_counts_including_non_gates"":{""barrier"":1,""cx"":10336,""measure"":1,""u"":14374},""qubits"":7,""transpiled_quantum_gate_count"":24710},{""grover_power"":8,""max_transpiled_quantum_depth"":30548,""operation_counts_including_non_gates"":{""barrier"":1,""cx"":19584,""measure"":1,""u"":27238},""qubits"":7,""transpiled_quantum_gate_count"":46822}]","[""u"",""cx""]",0,none; all-to-all analysis without a backend target or coupling map
1.0,actual_runtime_and_circuit_metrics,classical_monte_carlo,Python table MC,8,64,0.125,contiguous_prefix_visible_then_blocked,407b84e032b28972b59fe5732c4e37776624a39308e563a5604359ca2b16ec23,512,490,64,True,True,,,,2,False,3934882710,ok,,[],490,56,with_replacement,0.11428571428571428,-0.010714285714285718,0.010714285714285718,0.08906552012687469,0.1455066421563942,0.95,wilson_score,0.119042,0.007458,0.126583,0.126583,441,178,measured-0178,1,qiskit_then_mc,20260802,3841747339,measured,,,,,,,,,,,,,,,,,
1.0,actual_runtime_and_circuit_metrics,classical_monte_carlo,Python table MC,1,64,0.015625,contiguous_prefix_visible_then_blocked,16abab341fb7f370e27e4dadcf81766dd0dfd0ae64469477bb2cf6614938b2af,64,35,64,True,False,,,,3,False,2080253593,ok,,[],35,0,with_replacement,0.0,-0.015625,0.015625,0.0,0.09890099232440398,0.95,wilson_score,0.018208,0.001958,0.020208,0.020208,442,179,measured-0179,0,mc_then_qiskit,20260802,3841747339,measured,,,,,,,,,,,,,,,,,
1.0,actual_runtime_and_circuit_metrics,qiskit_statevector_mlae,Qiskit StatevectorSampler finite-shot CPU simulation of synthesized circuits; not a QPU,1,64,0.015625,contiguous_prefix_visible_then_blocked,16abab341fb7f370e27e4dadcf81766dd0dfd0ae64469477bb2cf6614938b2af,64,35,64,True,False,"[0,1,2,4,8]",1,5,3,False,1674228155,ok,,[],,,,0.0104709534878072,-0.005154046512192799,0.005154046512192799,0.0018913186560000812,0.8883388285275304,0.95,qiskit_mlae_likelihood_ratio,866.018875,100.07675,966.803667,1018.284167,443,179,measured-0179,1,mc_then_qiskit,20260802,3841747339,measured,20,15,15,15,5,1,0.697583,0.006334,51.476625,5320,8317,16635,16635,"[{""grover_power"":0,""max_transpiled_quantum_depth"":216,""operation_counts_including_non_gates"":{""barrier"":1,""cx"":136,""measure"":1,""u"":197},""qubits"":7,""transpiled_quantum_gate_count"":333},{""grover_power"":1,""max_transpiled_quantum_depth"":854,""operation_counts_including_non_gates"":{""barrier"":1,""cx"":544,""measure"":1,""u"":787},""qubits"":7,""transpiled_quantum_gate_count"":1331},{""grover_power"":2,""max_transpiled_quantum_depth"":1492,""operation_counts_including_non_gates"":{""barrier"":1,""cx"":952,""measure"":1,""u"":1377},""qubits"":7,""transpiled_quantum_gate_count"":2329},{""grover_power"":4,""max_transpiled_quantum_depth"":2768,""operation_counts_including_non_gates"":{""barrier"":1,""cx"":1768,""measure"":1,""u"":2557},""qubits"":7,""transpiled_quantum_gate_count"":4325},{""grover_power"":8,""max_transpiled_quantum_depth"":5320,""operation_counts_including_non_gates"":{""barrier"":1,""cx"":3400,""measure"":1,""u"":4917},""qubits"":7,""transpiled_quantum_gate_count"":8317}]","[""u"",""cx""]",0,none; all-to-all analysis without a backend target or coupling map
1.0,actual_runtime_and_circuit_metrics,qiskit_statevector_mlae,Qiskit StatevectorSampler finite-shot CPU simulation of synthesized circuits; not a QPU,0,64,0.0,contiguous_prefix_visible_then_blocked,f5a5fd42d16a20302798ef6ed309979b43003d2320d9f0e8ea9831a92759fb4b,128,105,64,True,True,"[0,1,2,4,8]",3,15,2,False,3489444206,ok,,[],,,,1e-30,1e-30,1e-30,1e-30,0.0014865352991439325,0.95,qiskit_mlae_likelihood_ratio,687.934791,99.406292,787.728167,806.508834,444,180,measured-0180,0,qiskit_then_mc,20260802,3841747339,measured,60,45,45,45,5,1,0.378375,0.005042,18.776417,1716,2758,5190,15570,"[{""grover_power"":0,""max_transpiled_quantum_depth"":1,""operation_counts_including_non_gates"":{""barrier"":1,""measure"":1,""u"":6},""qubits"":7,""transpiled_quantum_gate_count"":6},{""grover_power"":1,""max_transpiled_quantum_depth"":218,""operation_counts_including_non_gates"":{""barrier"":1,""cx"":136,""measure"":1,""u"":214},""qubits"":7,""transpiled_quantum_gate_count"":350},{""grover_power"":2,""max_transpiled_quantum_depth"":432,""operation_counts_including_non_gates"":{""barrier"":1,""cx"":272,""measure"":1,""u"":422},""qubits"":7,""transpiled_quantum_gate_count"":694},{""grover_power"":4,""max_transpiled_quantum_depth"":860,""operation_counts_including_non_gates"":{""barrier"":1,""cx"":544,""measure"":1,""u"":838},""qubits"":7,""transpiled_quantum_gate_count"":1382},{""grover_power"":8,""max_transpiled_quantum_depth"":1716,""operation_counts_including_non_gates"":{""barrier"":1,""cx"":1088,""measure"":1,""u"":1670},""qubits"":7,""transpiled_quantum_gate_count"":2758}]","[""u"",""cx""]",0,none; all-to-all analysis without a backend target or coupling map
1.0,actual_runtime_and_circuit_metrics,classical_monte_carlo,Python table MC,0,64,0.0,contiguous_prefix_visible_then_blocked,f5a5fd42d16a20302798ef6ed309979b43003d2320d9f0e8ea9831a92759fb4b,128,105,64,True,True,,,,2,False,3004602848,ok,,[],105,0,with_replacement,0.0,0.0,0.0,0.0,0.035294076929109866,0.95,wilson_score,0.037916,0.00675,0.04475,0.04475,445,180,measured-0180,1,qiskit_then_mc,20260802,3841747339,measured,,,,,,,,,,,,,,,,,
1.0,actual_runtime_and_circuit_metrics,classical_monte_carlo,Python table MC,1,64,0.015625,contiguous_prefix_visible_then_blocked,16abab341fb7f370e27e4dadcf81766dd0dfd0ae64469477bb2cf6614938b2af,32,18,64,False,False,,,,0,False,179213658,ok,,[],18,0,with_replacement,0.0,-0.015625,0.015625,0.0,0.17587922364665756,0.95,wilson_score,0.011958,0.001208,0.013208,0.013208,446,181,measured-0181,0,mc_then_qiskit,20260802,3841747339,measured,,,,,,,,,,,,,,,,,
1.0,actual_runtime_and_circuit_metrics,qiskit_statevector_mlae,Qiskit StatevectorSampler finite-shot CPU simulation of synthesized circuits; not a QPU,1,64,0.015625,contiguous_prefix_visible_then_blocked,16abab341fb7f370e27e4dadcf81766dd0dfd0ae64469477bb2cf6614938b2af,32,18,64,False,False,"[0,1,2,4]",1,4,0,False,951737057,ok,,[],,,,0.01454290269833175,-0.00108209730166825,0.00108209730166825,0.0008775752718910155,0.8975660140795936,0.95,qiskit_mlae_likelihood_ratio,372.848791,40.141375,413.540041,441.427916,447,181,measured-0181,1,mc_then_qiskit,20260802,3841747339,measured,11,7,7,7,4,1,0.540708,0.005458,27.884791,2768,4325,8318,8318,"[{""grover_power"":0,""max_transpiled_quantum_depth"":216,""operation_counts_including_non_gates"":{""barrier"":1,""cx"":136,""measure"":1,""u"":197},""qubits"":7,""transpiled_quantum_gate_count"":333},{""grover_power"":1,""max_transpiled_quantum_depth"":854,""operation_counts_including_non_gates"":{""barrier"":1,""cx"":544,""measure"":1,""u"":787},""qubits"":7,""transpiled_quantum_gate_count"":1331},{""grover_power"":2,""max_transpiled_quantum_depth"":1492,""operation_counts_including_non_gates"":{""barrier"":1,""cx"":952,""measure"":1,""u"":1377},""qubits"":7,""transpiled_quantum_gate_count"":2329},{""grover_power"":4,""max_transpiled_quantum_depth"":2768,""operation_counts_including_non_gates"":{""barrier"":1,""cx"":1768,""measure"":1,""u"":2557},""qubits"":7,""transpiled_quantum_gate_count"":4325}]","[""u"",""cx""]",0,none; all-to-all analysis without a backend target or coupling map
1.0,actual_runtime_and_circuit_metrics,qiskit_statevector_mlae,Qiskit StatevectorSampler finite-shot CPU simulation of synthesized circuits; not a QPU,56,64,0.875,contiguous_prefix_visible_then_blocked,3c2388fcb014d41bb64b30937ecf31fd7ffb7b9790d03bc63ad567d3c56e6f33,64,35,64,True,False,"[0,1,2,4,8]",1,5,3,False,619687000,ok,,[],,,,0.872737027745978,-0.0022629722540220554,0.0022629722540220554,0.8277094090118451,0.910419727367599,0.95,qiskit_mlae_likelihood_ratio,10017.56675,100.0875,10121.783,11949.14675,448,182,measured-0182,0,qiskit_then_mc,20260802,3841747339,measured,20,15,15,15,5,1,4.117584,0.007458,1827.359792,202724,308758,635190,635190,"[{""grover_power"":0,""max_transpiled_quantum_depth"":11828,""operation_counts_including_non_gates"":{""barrier"":1,""cx"":7616,""measure"":1,""u"":10390},""qubits"":7,""transpiled_quantum_gate_count"":18006},{""grover_power"":1,""max_transpiled_quantum_depth"":35690,""operation_counts_including_non_gates"":{""barrier"":1,""cx"":22984,""measure"":1,""u"":31366},""qubits"":7,""transpiled_quantum_gate_count"":54350},{""grover_power"":2,""max_transpiled_quantum_depth"":59552,""operation_counts_including_non_gates"":{""barrier"":1,""cx"":38352,""measure"":1,""u"":52342},""qubits"":7,""transpiled_quantum_gate_count"":90694},{""grover_power"":4,""max_transpiled_quantum_depth"":107276,""operation_counts_including_non_gates"":{""barrier"":1,""cx"":69088,""measure"":1,""u"":94294},""qubits"":7,""transpiled_quantum_gate_count"":163382},{""grover_power"":8,""max_transpiled_quantum_depth"":202724,""operation_counts_including_non_gates"":{""barrier"":1,""cx"":130560,""measure"":1,""u"":178198},""qubits"":7,""transpiled_quantum_gate_count"":308758}]","[""u"",""cx""]",0,none; all-to-all analysis without a backend target or coupling map
1.0,actual_runtime_and_circuit_metrics,classical_monte_carlo,Python table MC,56,64,0.875,contiguous_prefix_visible_then_blocked,3c2388fcb014d41bb64b30937ecf31fd7ffb7b9790d03bc63ad567d3c56e6f33,64,35,64,True,False,,,,3,False,908946008,ok,,[],35,32,with_replacement,0.9142857142857143,0.03928571428571426,0.03928571428571426,0.776207260341035,0.9704176317330302,0.95,wilson_score,0.026625,0.00775,0.034416,0.034416,449,182,measured-0182,1,qiskit_then_mc,20260802,3841747339,measured,,,,,,,,,,,,,,,,,
1.0,actual_runtime_and_circuit_metrics,classical_monte_carlo,Python table MC,1,64,0.015625,contiguous_prefix_visible_then_blocked,16abab341fb7f370e27e4dadcf81766dd0dfd0ae64469477bb2cf6614938b2af,128,105,64,True,True,,,,2,False,2110042673,ok,,[],105,0,with_replacement,0.0,-0.015625,0.015625,0.0,0.035294076929109866,0.95,wilson_score,0.032125,0.001625,0.033834,0.033834,450,183,measured-0183,0,mc_then_qiskit,20260802,3841747339,measured,,,,,,,,,,,,,,,,,
1.0,actual_runtime_and_circuit_metrics,qiskit_statevector_mlae,Qiskit StatevectorSampler finite-shot CPU simulation of synthesized circuits; not a QPU,1,64,0.015625,contiguous_prefix_visible_then_blocked,16abab341fb7f370e27e4dadcf81766dd0dfd0ae64469477bb2cf6614938b2af,128,105,64,True,True,"[0,1,2,4,8]",3,15,2,False,489547255,ok,,[],,,,0.01604468253870773,0.0004196825387077288,0.0004196825387077288,0.0038318810579276827,0.024219354401888053,0.95,qiskit_mlae_likelihood_ratio,869.078917,112.538,982.302667,1034.471375,451,183,measured-0183,1,mc_then_qiskit,20260802,3841747339,measured,60,45,45,45,5,1,0.675708,0.006208,52.164042,5320,8317,16635,49905,"[{""grover_power"":0,""max_transpiled_quantum_depth"":216,""operation_counts_including_non_gates"":{""barrier"":1,""cx"":136,""measure"":1,""u"":197},""qubits"":7,""transpiled_quantum_gate_count"":333},{""grover_power"":1,""max_transpiled_quantum_depth"":854,""operation_counts_including_non_gates"":{""barrier"":1,""cx"":544,""measure"":1,""u"":787},""qubits"":7,""transpiled_quantum_gate_count"":1331},{""grover_power"":2,""max_transpiled_quantum_depth"":1492,""operation_counts_including_non_gates"":{""barrier"":1,""cx"":952,""measure"":1,""u"":1377},""qubits"":7,""transpiled_quantum_gate_count"":2329},{""grover_power"":4,""max_transpiled_quantum_depth"":2768,""operation_counts_including_non_gates"":{""barrier"":1,""cx"":1768,""measure"":1,""u"":2557},""qubits"":7,""transpiled_quantum_gate_count"":4325},{""grover_power"":8,""max_transpiled_quantum_depth"":5320,""operation_counts_including_non_gates"":{""barrier"":1,""cx"":3400,""measure"":1,""u"":4917},""qubits"":7,""transpiled_quantum_gate_count"":8317}]","[""u"",""cx""]",0,none; all-to-all analysis without a backend target or coupling map
1.0,actual_runtime_and_circuit_metrics,qiskit_statevector_mlae,Qiskit StatevectorSampler finite-shot CPU simulation of synthesized circuits; not a QPU,1,64,0.015625,contiguous_prefix_visible_then_blocked,16abab341fb7f370e27e4dadcf81766dd0dfd0ae64469477bb2cf6614938b2af,512,490,64,True,True,"[0,1,2,4,8]",14,70,2,False,3157278622,ok,,[],,,,0.01620213068059599,0.0005771306805959914,0.0005771306805959914,0.013397601543051503,0.0194059233156902,0.95,qiskit_mlae_likelihood_ratio,861.667667,100.752291,963.05275,1016.82025,452,184,measured-0184,0,qiskit_then_mc,20260802,3841747339,measured,280,210,210,210,5,1,0.623583,0.00525,53.763333,5320,8317,16635,232890,"[{""grover_power"":0,""max_transpiled_quantum_depth"":216,""operation_counts_including_non_gates"":{""barrier"":1,""cx"":136,""measure"":1,""u"":197},""qubits"":7,""transpiled_quantum_gate_count"":333},{""grover_power"":1,""max_transpiled_quantum_depth"":854,""operation_counts_including_non_gates"":{""barrier"":1,""cx"":544,""measure"":1,""u"":787},""qubits"":7,""transpiled_quantum_gate_count"":1331},{""grover_power"":2,""max_transpiled_quantum_depth"":1492,""operation_counts_including_non_gates"":{""barrier"":1,""cx"":952,""measure"":1,""u"":1377},""qubits"":7,""transpiled_quantum_gate_count"":2329},{""grover_power"":4,""max_transpiled_quantum_depth"":2768,""operation_counts_including_non_gates"":{""barrier"":1,""cx"":1768,""measure"":1,""u"":2557},""qubits"":7,""transpiled_quantum_gate_count"":4325},{""grover_power"":8,""max_transpiled_quantum_depth"":5320,""operation_counts_including_non_gates"":{""barrier"":1,""cx"":3400,""measure"":1,""u"":4917},""qubits"":7,""transpiled_quantum_gate_count"":8317}]","[""u"",""cx""]",0,none; all-to-all analysis without a backend target or coupling map
1.0,actual_runtime_and_circuit_metrics,classical_monte_carlo,Python table MC,1,64,0.015625,contiguous_prefix_visible_then_blocked,16abab341fb7f370e27e4dadcf81766dd0dfd0ae64469477bb2cf6614938b2af,512,490,64,True,True,,,,2,False,11702396,ok,,[],490,12,with_replacement,0.024489795918367346,0.008864795918367346,0.008864795918367346,0.014063654986336896,0.04231366677028562,0.95,wilson_score,0.12025,0.007,0.12725,0.12725,453,184,measured-0184,1,qiskit_then_mc,20260802,3841747339,measured,,,,,,,,,,,,,,,,,
1.0,actual_runtime_and_circuit_metrics,classical_monte_carlo,Python table MC,56,64,0.875,contiguous_prefix_visible_then_blocked,3c2388fcb014d41bb64b30937ecf31fd7ffb7b9790d03bc63ad567d3c56e6f33,128,105,64,True,True,,,,4,False,962639937,ok,,[],105,95,with_replacement,0.9047619047619048,0.029761904761904767,0.029761904761904767,0.8335087237779633,0.9474436901365668,0.95,wilson_score,0.029375,0.001709,0.031125,0.031125,454,185,measured-0185,0,mc_then_qiskit,20260802,3841747339,measured,,,,,,,,,,,,,,,,,
1.0,actual_runtime_and_circuit_metrics,qiskit_statevector_mlae,Qiskit StatevectorSampler finite-shot CPU simulation of synthesized circuits; not a QPU,56,64,0.875,contiguous_prefix_visible_then_blocked,3c2388fcb014d41bb64b30937ecf31fd7ffb7b9790d03bc63ad567d3c56e6f33,128,105,64,True,True,"[0,1,2,4,8]",3,15,4,False,3016903671,ok,,[],,,,0.8711496987232107,-0.003850301276789314,0.003850301276789314,0.8444571538438973,0.8955180376342293,0.95,qiskit_mlae_likelihood_ratio,10255.039625,101.319083,10360.392625,12189.341375,455,185,measured-0185,1,mc_then_qiskit,20260802,3841747339,measured,60,45,45,45,5,1,4.017125,0.008042,1828.944833,202724,308758,635190,1905570,"[{""grover_power"":0,""max_transpiled_quantum_depth"":11828,""operation_counts_including_non_gates"":{""barrier"":1,""cx"":7616,""measure"":1,""u"":10390},""qubits"":7,""transpiled_quantum_gate_count"":18006},{""grover_power"":1,""max_transpiled_quantum_depth"":35690,""operation_counts_including_non_gates"":{""barrier"":1,""cx"":22984,""measure"":1,""u"":31366},""qubits"":7,""transpiled_quantum_gate_count"":54350},{""grover_power"":2,""max_transpiled_quantum_depth"":59552,""operation_counts_including_non_gates"":{""barrier"":1,""cx"":38352,""measure"":1,""u"":52342},""qubits"":7,""transpiled_quantum_gate_count"":90694},{""grover_power"":4,""max_transpiled_quantum_depth"":107276,""operation_counts_including_non_gates"":{""barrier"":1,""cx"":69088,""measure"":1,""u"":94294},""qubits"":7,""transpiled_quantum_gate_count"":163382},{""grover_power"":8,""max_transpiled_quantum_depth"":202724,""operation_counts_including_non_gates"":{""barrier"":1,""cx"":130560,""measure"":1,""u"":178198},""qubits"":7,""transpiled_quantum_gate_count"":308758}]","[""u"",""cx""]",0,none; all-to-all analysis without a backend target or coupling map
1.0,actual_runtime_and_circuit_metrics,qiskit_statevector_mlae,Qiskit StatevectorSampler finite-shot CPU simulation of synthesized circuits; not a QPU,0,64,0.0,contiguous_prefix_visible_then_blocked,f5a5fd42d16a20302798ef6ed309979b43003d2320d9f0e8ea9831a92759fb4b,512,490,64,True,True,"[0,1,2,4,8]",14,70,3,False,331578911,ok,,[],,,,1e-30,1e-30,1e-30,1e-30,0.00033307166931279903,0.95,qiskit_mlae_likelihood_ratio,697.113625,100.882458,798.409208,818.219458,456,186,measured-0186,0,qiskit_then_mc,20260802,3841747339,measured,280,210,210,210,5,1,0.40425,0.004875,19.806708,1716,2758,5190,72660,"[{""grover_power"":0,""max_transpiled_quantum_depth"":1,""operation_counts_including_non_gates"":{""barrier"":1,""measure"":1,""u"":6},""qubits"":7,""transpiled_quantum_gate_count"":6},{""grover_power"":1,""max_transpiled_quantum_depth"":218,""operation_counts_including_non_gates"":{""barrier"":1,""cx"":136,""measure"":1,""u"":214},""qubits"":7,""transpiled_quantum_gate_count"":350},{""grover_power"":2,""max_transpiled_quantum_depth"":432,""operation_counts_including_non_gates"":{""barrier"":1,""cx"":272,""measure"":1,""u"":422},""qubits"":7,""transpiled_quantum_gate_count"":694},{""grover_power"":4,""max_transpiled_quantum_depth"":860,""operation_counts_including_non_gates"":{""barrier"":1,""cx"":544,""measure"":1,""u"":838},""qubits"":7,""transpiled_quantum_gate_count"":1382},{""grover_power"":8,""max_transpiled_quantum_depth"":1716,""operation_counts_including_non_gates"":{""barrier"":1,""cx"":1088,""measure"":1,""u"":1670},""qubits"":7,""transpiled_quantum_gate_count"":2758}]","[""u"",""cx""]",0,none; all-to-all analysis without a backend target or coupling map
1.0,actual_runtime_and_circuit_metrics,classical_monte_carlo,Python table MC,0,64,0.0,contiguous_prefix_visible_then_blocked,f5a5fd42d16a20302798ef6ed309979b43003d2320d9f0e8ea9831a92759fb4b,512,490,64,True,True,,,,3,False,133625037,ok,,[],490,0,with_replacement,0.0,0.0,0.0,0.0,0.007778728885718958,0.95,wilson_score,0.120917,0.007625,0.128584,0.128584,457,186,measured-0186,1,qiskit_then_mc,20260802,3841747339,measured,,,,,,,,,,,,,,,,,
1.0,actual_runtime_and_circuit_metrics,classical_monte_carlo,Python table MC,32,64,0.5,contiguous_prefix_visible_then_blocked,037d6dfb3a369a41e01100fdd53c35ee3fb69ddec5830d61e1138d066a4c2285,1024,1015,64,True,True,,,,2,False,546657636,ok,,[],1015,506,with_replacement,0.49852216748768474,-0.001477832512315258,0.001477832512315258,0.46782600579211037,0.5292294732777416,0.95,wilson_score,0.226625,0.001834,0.228542,0.228542,458,187,measured-0187,0,mc_then_qiskit,20260802,3841747339,measured,,,,,,,,,,,,,,,,,
1.0,actual_runtime_and_circuit_metrics,qiskit_statevector_mlae,Qiskit StatevectorSampler finite-shot CPU simulation of synthesized circuits; not a QPU,32,64,0.5,contiguous_prefix_visible_then_blocked,037d6dfb3a369a41e01100fdd53c35ee3fb69ddec5830d61e1138d066a4c2285,1024,1015,64,True,True,"[0,1,2,4,8]",29,145,2,False,1086248994,ok,,[],,,,0.48353308716871135,-0.01646691283128865,0.01646691283128865,0.47497747232343723,0.49259350773763705,0.95,qiskit_mlae_likelihood_ratio,6035.056792,101.539334,6139.358167,7411.27175,459,187,measured-0187,1,mc_then_qiskit,20260802,3841747339,measured,580,435,435,435,5,1,2.750125,0.00725,1271.909708,117044,177926,365830,10609070,"[{""grover_power"":0,""max_transpiled_quantum_depth"":6788,""operation_counts_including_non_gates"":{""barrier"":1,""cx"":4352,""measure"":1,""u"":5958},""qubits"":7,""transpiled_quantum_gate_count"":10310},{""grover_power"":1,""max_transpiled_quantum_depth"":20570,""operation_counts_including_non_gates"":{""barrier"":1,""cx"":13192,""measure"":1,""u"":18070},""qubits"":7,""transpiled_quantum_gate_count"":31262},{""grover_power"":2,""max_transpiled_quantum_depth"":34352,""operation_counts_including_non_gates"":{""barrier"":1,""cx"":22032,""measure"":1,""u"":30182},""qubits"":7,""transpiled_quantum_gate_count"":52214},{""grover_power"":4,""max_transpiled_quantum_depth"":61916,""operation_counts_including_non_gates"":{""barrier"":1,""cx"":39712,""measure"":1,""u"":54406},""qubits"":7,""transpiled_quantum_gate_count"":94118},{""grover_power"":8,""max_transpiled_quantum_depth"":117044,""operation_counts_including_non_gates"":{""barrier"":1,""cx"":75072,""measure"":1,""u"":102854},""qubits"":7,""transpiled_quantum_gate_count"":177926}]","[""u"",""cx""]",0,none; all-to-all analysis without a backend target or coupling map
1.0,actual_runtime_and_circuit_metrics,qiskit_statevector_mlae,Qiskit StatevectorSampler finite-shot CPU simulation of synthesized circuits; not a QPU,64,64,1.0,contiguous_prefix_visible_then_blocked,7c8975e1e60a5c8337f28edf8c33c3b180360b7279644a9bc1af3c51e6220bf5,64,35,64,True,False,"[0,1,2,4,8]",1,5,3,False,3463625431,ok,,"[""RuntimeWarning: divide by zero encountered in scalar divide""]",,,,1.0,0.0,0.0,0.9960904965828902,1.0,0.95,qiskit_mlae_likelihood_ratio,705.345333,101.4455,807.305708,827.2545,460,188,measured-0188,0,qiskit_then_mc,20260802,3841747339,measured,20,15,15,15,5,1,0.505459,0.005375,19.945292,1716,2775,5225,5225,"[{""grover_power"":0,""max_transpiled_quantum_depth"":1,""operation_counts_including_non_gates"":{""barrier"":1,""measure"":1,""u"":7},""qubits"":7,""transpiled_quantum_gate_count"":7},{""grover_power"":1,""max_transpiled_quantum_depth"":218,""operation_counts_including_non_gates"":{""barrier"":1,""cx"":136,""measure"":1,""u"":217},""qubits"":7,""transpiled_quantum_gate_count"":353},{""grover_power"":2,""max_transpiled_quantum_depth"":432,""operation_counts_including_non_gates"":{""barrier"":1,""cx"":272,""measure"":1,""u"":427},""qubits"":7,""transpiled_quantum_gate_count"":699},{""grover_power"":4,""max_transpiled_quantum_depth"":860,""operation_counts_including_non_gates"":{""barrier"":1,""cx"":544,""measure"":1,""u"":847},""qubits"":7,""transpiled_quantum_gate_count"":1391},{""grover_power"":8,""max_transpiled_quantum_depth"":1716,""operation_counts_including_non_gates"":{""barrier"":1,""cx"":1088,""measure"":1,""u"":1687},""qubits"":7,""transpiled_quantum_gate_count"":2775}]","[""u"",""cx""]",0,none; all-to-all analysis without a backend target or coupling map
1.0,actual_runtime_and_circuit_metrics,classical_monte_carlo,Python table MC,64,64,1.0,contiguous_prefix_visible_then_blocked,7c8975e1e60a5c8337f28edf8c33c3b180360b7279644a9bc1af3c51e6220bf5,64,35,64,True,False,,,,3,False,74992302,ok,,[],35,35,with_replacement,1.0,0.0,0.0,0.9010990076755961,1.0,0.95,wilson_score,0.025125,0.00625,0.031417,0.031417,461,188,measured-0188,1,qiskit_then_mc,20260802,3841747339,measured,,,,,,,,,,,,,,,,,
1.0,actual_runtime_and_circuit_metrics,classical_monte_carlo,Python table MC,1,64,0.015625,contiguous_prefix_visible_then_blocked,16abab341fb7f370e27e4dadcf81766dd0dfd0ae64469477bb2cf6614938b2af,128,105,64,True,True,,,,0,False,283369320,ok,,[],105,2,with_replacement,0.01904761904761905,0.0034226190476190493,0.0034226190476190493,0.0052391820659629315,0.06680559669441893,0.95,wilson_score,0.029709,0.001625,0.031417,0.031417,462,189,measured-0189,0,mc_then_qiskit,20260802,3841747339,measured,,,,,,,,,,,,,,,,,
1.0,actual_runtime_and_circuit_metrics,qiskit_statevector_mlae,Qiskit StatevectorSampler finite-shot CPU simulation of synthesized circuits; not a QPU,1,64,0.015625,contiguous_prefix_visible_then_blocked,16abab341fb7f370e27e4dadcf81766dd0dfd0ae64469477bb2cf6614938b2af,128,105,64,True,True,"[0,1,2,4,8]",3,15,0,False,1517357885,ok,,[],,,,0.012134923225792694,-0.003490076774207306,0.003490076774207306,0.005596570713904537,0.02068476918259607,0.95,qiskit_mlae_likelihood_ratio,862.952583,102.158917,965.663417,1017.958208,463,189,measured-0189,1,mc_then_qiskit,20260802,3841747339,measured,60,45,45,45,5,1,0.542333,0.005625,52.290416,5320,8317,16635,49905,"[{""grover_power"":0,""max_transpiled_quantum_depth"":216,""operation_counts_including_non_gates"":{""barrier"":1,""cx"":136,""measure"":1,""u"":197},""qubits"":7,""transpiled_quantum_gate_count"":333},{""grover_power"":1,""max_transpiled_quantum_depth"":854,""operation_counts_including_non_gates"":{""barrier"":1,""cx"":544,""measure"":1,""u"":787},""qubits"":7,""transpiled_quantum_gate_count"":1331},{""grover_power"":2,""max_transpiled_quantum_depth"":1492,""operation_counts_including_non_gates"":{""barrier"":1,""cx"":952,""measure"":1,""u"":1377},""qubits"":7,""transpiled_quantum_gate_count"":2329},{""grover_power"":4,""max_transpiled_quantum_depth"":2768,""operation_counts_including_non_gates"":{""barrier"":1,""cx"":1768,""measure"":1,""u"":2557},""qubits"":7,""transpiled_quantum_gate_count"":4325},{""grover_power"":8,""max_transpiled_quantum_depth"":5320,""operation_counts_including_non_gates"":{""barrier"":1,""cx"":3400,""measure"":1,""u"":4917},""qubits"":7,""transpiled_quantum_gate_count"":8317}]","[""u"",""cx""]",0,none; all-to-all analysis without a backend target or coupling map
1.0,actual_runtime_and_circuit_metrics,qiskit_statevector_mlae,Qiskit StatevectorSampler finite-shot CPU simulation of synthesized circuits; not a QPU,64,64,1.0,contiguous_prefix_visible_then_blocked,7c8975e1e60a5c8337f28edf8c33c3b180360b7279644a9bc1af3c51e6220bf5,128,105,64,True,True,"[0,1,2,4,8]",3,15,2,False,1208600091,ok,,"[""RuntimeWarning: divide by zero encountered in scalar divide""]",,,,1.0,0.0,0.0,0.998513464700856,1.0,0.95,qiskit_mlae_likelihood_ratio,701.433459,102.443833,804.406666,826.164,464,190,measured-0190,0,qiskit_then_mc,20260802,3841747339,measured,60,45,45,45,5,1,0.518708,0.00625,21.753459,1716,2775,5225,15675,"[{""grover_power"":0,""max_transpiled_quantum_depth"":1,""operation_counts_including_non_gates"":{""barrier"":1,""measure"":1,""u"":7},""qubits"":7,""transpiled_quantum_gate_count"":7},{""grover_power"":1,""max_transpiled_quantum_depth"":218,""operation_counts_including_non_gates"":{""barrier"":1,""cx"":136,""measure"":1,""u"":217},""qubits"":7,""transpiled_quantum_gate_count"":353},{""grover_power"":2,""max_transpiled_quantum_depth"":432,""operation_counts_including_non_gates"":{""barrier"":1,""cx"":272,""measure"":1,""u"":427},""qubits"":7,""transpiled_quantum_gate_count"":699},{""grover_power"":4,""max_transpiled_quantum_depth"":860,""operation_counts_including_non_gates"":{""barrier"":1,""cx"":544,""measure"":1,""u"":847},""qubits"":7,""transpiled_quantum_gate_count"":1391},{""grover_power"":8,""max_transpiled_quantum_depth"":1716,""operation_counts_including_non_gates"":{""barrier"":1,""cx"":1088,""measure"":1,""u"":1687},""qubits"":7,""transpiled_quantum_gate_count"":2775}]","[""u"",""cx""]",0,none; all-to-all analysis without a backend target or coupling map
1.0,actual_runtime_and_circuit_metrics,classical_monte_carlo,Python table MC,64,64,1.0,contiguous_prefix_visible_then_blocked,7c8975e1e60a5c8337f28edf8c33c3b180360b7279644a9bc1af3c51e6220bf5,128,105,64,True,True,,,,2,False,3207053692,ok,,[],105,105,with_replacement,1.0,0.0,0.0,0.9647059230708901,1.0,0.95,wilson_score,0.042458,0.0065,0.049,0.049,465,190,measured-0190,1,qiskit_then_mc,20260802,3841747339,measured,,,,,,,,,,,,,,,,,
1.0,actual_runtime_and_circuit_metrics,classical_monte_carlo,Python table MC,32,64,0.5,contiguous_prefix_visible_then_blocked,037d6dfb3a369a41e01100fdd53c35ee3fb69ddec5830d61e1138d066a4c2285,32,18,64,False,False,,,,3,False,1854718569,ok,,[],18,10,with_replacement,0.5555555555555556,0.05555555555555558,0.05555555555555558,0.33716415642042785,0.7544048187299436,0.95,wilson_score,0.011958,0.001666,0.013666,0.013666,466,191,measured-0191,0,mc_then_qiskit,20260802,3841747339,measured,,,,,,,,,,,,,,,,,
1.0,actual_runtime_and_circuit_metrics,qiskit_statevector_mlae,Qiskit StatevectorSampler finite-shot CPU simulation of synthesized circuits; not a QPU,32,64,0.5,contiguous_prefix_visible_then_blocked,037d6dfb3a369a41e01100fdd53c35ee3fb69ddec5830d61e1138d066a4c2285,32,18,64,False,False,"[0,1,2,4]",1,4,3,False,622484157,ok,,[],,,,1e-30,-0.5,0.5,1e-30,0.013687651339568268,0.95,qiskit_mlae_likelihood_ratio,3026.142375,40.711833,3070.020333,3623.877875,467,191,measured-0191,1,mc_then_qiskit,20260802,3841747339,measured,11,7,7,7,4,1,3.156542,0.00575,553.853125,61916,94118,187904,187904,"[{""grover_power"":0,""max_transpiled_quantum_depth"":6788,""operation_counts_including_non_gates"":{""barrier"":1,""cx"":4352,""measure"":1,""u"":5958},""qubits"":7,""transpiled_quantum_gate_count"":10310},{""grover_power"":1,""max_transpiled_quantum_depth"":20570,""operation_counts_including_non_gates"":{""barrier"":1,""cx"":13192,""measure"":1,""u"":18070},""qubits"":7,""transpiled_quantum_gate_count"":31262},{""grover_power"":2,""max_transpiled_quantum_depth"":34352,""operation_counts_including_non_gates"":{""barrier"":1,""cx"":22032,""measure"":1,""u"":30182},""qubits"":7,""transpiled_quantum_gate_count"":52214},{""grover_power"":4,""max_transpiled_quantum_depth"":61916,""operation_counts_including_non_gates"":{""barrier"":1,""cx"":39712,""measure"":1,""u"":54406},""qubits"":7,""transpiled_quantum_gate_count"":94118}]","[""u"",""cx""]",0,none; all-to-all analysis without a backend target or coupling map
1.0,actual_runtime_and_circuit_metrics,qiskit_statevector_mlae,Qiskit StatevectorSampler finite-shot CPU simulation of synthesized circuits; not a QPU,8,64,0.125,contiguous_prefix_visible_then_blocked,407b84e032b28972b59fe5732c4e37776624a39308e563a5604359ca2b16ec23,1024,1015,64,True,True,"[0,1,2,4,8]",29,145,1,False,1196970463,ok,,[],,,,0.1368688821361065,0.011868882136106512,0.011868882136106512,0.12255159368466872,0.1435087866511761,0.95,qiskit_mlae_likelihood_ratio,2048.445125,100.819792,2150.47875,2425.785916,468,192,measured-0192,0,qiskit_then_mc,20260802,3841747339,measured,580,435,435,435,5,1,1.203959,0.005708,275.3035,30548,46822,95910,2781390,"[{""grover_power"":0,""max_transpiled_quantum_depth"":1700,""operation_counts_including_non_gates"":{""barrier"":1,""cx"":1088,""measure"":1,""u"":1510},""qubits"":7,""transpiled_quantum_gate_count"":2598},{""grover_power"":1,""max_transpiled_quantum_depth"":5306,""operation_counts_including_non_gates"":{""barrier"":1,""cx"":3400,""measure"":1,""u"":4726},""qubits"":7,""transpiled_quantum_gate_count"":8126},{""grover_power"":2,""max_transpiled_quantum_depth"":8912,""operation_counts_including_non_gates"":{""barrier"":1,""cx"":5712,""measure"":1,""u"":7942},""qubits"":7,""transpiled_quantum_gate_count"":13654},{""grover_power"":4,""max_transpiled_quantum_depth"":16124,""operation_counts_including_non_gates"":{""barrier"":1,""cx"":10336,""measure"":1,""u"":14374},""qubits"":7,""transpiled_quantum_gate_count"":24710},{""grover_power"":8,""max_transpiled_quantum_depth"":30548,""operation_counts_including_non_gates"":{""barrier"":1,""cx"":19584,""measure"":1,""u"":27238},""qubits"":7,""transpiled_quantum_gate_count"":46822}]","[""u"",""cx""]",0,none; all-to-all analysis without a backend target or coupling map
1.0,actual_runtime_and_circuit_metrics,classical_monte_carlo,Python table MC,8,64,0.125,contiguous_prefix_visible_then_blocked,407b84e032b28972b59fe5732c4e37776624a39308e563a5604359ca2b16ec23,1024,1015,64,True,True,,,,1,False,778461959,ok,,[],1015,137,with_replacement,0.13497536945812807,0.009975369458128075,0.009975369458128075,0.11532508599127056,0.15737824426218694,0.95,wilson_score,0.234833,0.007042,0.241958,0.241958,469,192,measured-0192,1,qiskit_then_mc,20260802,3841747339,measured,,,,,,,,,,,,,,,,,
1.0,actual_runtime_and_circuit_metrics,classical_monte_carlo,Python table MC,8,64,0.125,contiguous_prefix_visible_then_blocked,407b84e032b28972b59fe5732c4e37776624a39308e563a5604359ca2b16ec23,256,245,64,True,True,,,,1,False,940639729,ok,,[],245,32,with_replacement,0.1306122448979592,0.0056122448979591955,0.0056122448979591955,0.09405977068763327,0.17856947341906582,0.95,wilson_score,0.057042,0.00175,0.058834,0.058834,470,193,measured-0193,0,mc_then_qiskit,20260802,3841747339,measured,,,,,,,,,,,,,,,,,
1.0,actual_runtime_and_circuit_metrics,qiskit_statevector_mlae,Qiskit StatevectorSampler finite-shot CPU simulation of synthesized circuits; not a QPU,8,64,0.125,contiguous_prefix_visible_then_blocked,407b84e032b28972b59fe5732c4e37776624a39308e563a5604359ca2b16ec23,256,245,64,True,True,"[0,1,2,4,8]",7,35,1,False,4047160910,ok,,[],,,,0.14619256665815147,0.021192566658151474,0.021192566658151474,0.13524025513234494,0.160100223600457,0.95,qiskit_mlae_likelihood_ratio,2046.199208,99.376792,2146.73475,2426.741916,471,193,measured-0193,1,mc_then_qiskit,20260802,3841747339,measured,140,105,105,105,5,1,1.149542,0.005583,280.002583,30548,46822,95910,671370,"[{""grover_power"":0,""max_transpiled_quantum_depth"":1700,""operation_counts_including_non_gates"":{""barrier"":1,""cx"":1088,""measure"":1,""u"":1510},""qubits"":7,""transpiled_quantum_gate_count"":2598},{""grover_power"":1,""max_transpiled_quantum_depth"":5306,""operation_counts_including_non_gates"":{""barrier"":1,""cx"":3400,""measure"":1,""u"":4726},""qubits"":7,""transpiled_quantum_gate_count"":8126},{""grover_power"":2,""max_transpiled_quantum_depth"":8912,""operation_counts_including_non_gates"":{""barrier"":1,""cx"":5712,""measure"":1,""u"":7942},""qubits"":7,""transpiled_quantum_gate_count"":13654},{""grover_power"":4,""max_transpiled_quantum_depth"":16124,""operation_counts_including_non_gates"":{""barrier"":1,""cx"":10336,""measure"":1,""u"":14374},""qubits"":7,""transpiled_quantum_gate_count"":24710},{""grover_power"":8,""max_transpiled_quantum_depth"":30548,""operation_counts_including_non_gates"":{""barrier"":1,""cx"":19584,""measure"":1,""u"":27238},""qubits"":7,""transpiled_quantum_gate_count"":46822}]","[""u"",""cx""]",0,none; all-to-all analysis without a backend target or coupling map
1.0,actual_runtime_and_circuit_metrics,qiskit_statevector_mlae,Qiskit StatevectorSampler finite-shot CPU simulation of synthesized circuits; not a QPU,8,64,0.125,contiguous_prefix_visible_then_blocked,407b84e032b28972b59fe5732c4e37776624a39308e563a5604359ca2b16ec23,1024,1015,64,True,True,"[0,1,2,4,8]",29,145,0,False,394329776,ok,,[],,,,0.12626478006241784,0.0012647800624178418,0.0012647800624178418,0.11827996030810504,0.13455697779608258,0.95,qiskit_mlae_likelihood_ratio,2048.881417,100.825709,2150.917542,2425.91675,472,194,measured-0194,0,qiskit_then_mc,20260802,3841747339,measured,580,435,435,435,5,1,1.197167,0.009666,274.995542,30548,46822,95910,2781390,"[{""grover_power"":0,""max_transpiled_quantum_depth"":1700,""operation_counts_including_non_gates"":{""barrier"":1,""cx"":1088,""measure"":1,""u"":1510},""qubits"":7,""transpiled_quantum_gate_count"":2598},{""grover_power"":1,""max_transpiled_quantum_depth"":5306,""operation_counts_including_non_gates"":{""barrier"":1,""cx"":3400,""measure"":1,""u"":4726},""qubits"":7,""transpiled_quantum_gate_count"":8126},{""grover_power"":2,""max_transpiled_quantum_depth"":8912,""operation_counts_including_non_gates"":{""barrier"":1,""cx"":5712,""measure"":1,""u"":7942},""qubits"":7,""transpiled_quantum_gate_count"":13654},{""grover_power"":4,""max_transpiled_quantum_depth"":16124,""operation_counts_including_non_gates"":{""barrier"":1,""cx"":10336,""measure"":1,""u"":14374},""qubits"":7,""transpiled_quantum_gate_count"":24710},{""grover_power"":8,""max_transpiled_quantum_depth"":30548,""operation_counts_including_non_gates"":{""barrier"":1,""cx"":19584,""measure"":1,""u"":27238},""qubits"":7,""transpiled_quantum_gate_count"":46822}]","[""u"",""cx""]",0,none; all-to-all analysis without a backend target or coupling map
1.0,actual_runtime_and_circuit_metrics,classical_monte_carlo,Python table MC,8,64,0.125,contiguous_prefix_visible_then_blocked,407b84e032b28972b59fe5732c4e37776624a39308e563a5604359ca2b16ec23,1024,1015,64,True,True,,,,0,False,1688759971,ok,,[],1015,136,with_replacement,0.13399014778325122,0.008990147783251218,0.008990147783251218,0.11440800901076623,0.15633230728925926,0.95,wilson_score,0.243125,0.007333,0.250458,0.250458,473,194,measured-0194,1,qiskit_then_mc,20260802,3841747339,measured,,,,,,,,,,,,,,,,,
1.0,actual_runtime_and_circuit_metrics,classical_monte_carlo,Python table MC,64,64,1.0,contiguous_prefix_visible_then_blocked,7c8975e1e60a5c8337f28edf8c33c3b180360b7279644a9bc1af3c51e6220bf5,1024,1015,64,True,True,,,,0,False,2085561363,ok,,[],1015,1015,with_replacement,1.0,0.0,0.0,0.9962295813667217,1.0,0.95,wilson_score,0.227416,0.001875,0.229375,0.229375,474,195,measured-0195,0,mc_then_qiskit,20260802,3841747339,measured,,,,,,,,,,,,,,,,,
1.0,actual_runtime_and_circuit_metrics,qiskit_statevector_mlae,Qiskit StatevectorSampler finite-shot CPU simulation of synthesized circuits; not a QPU,64,64,1.0,contiguous_prefix_visible_then_blocked,7c8975e1e60a5c8337f28edf8c33c3b180360b7279644a9bc1af3c51e6220bf5,1024,1015,64,True,True,"[0,1,2,4,8]",29,145,0,False,51127015,ok,,"[""RuntimeWarning: divide by zero encountered in scalar divide""]",,,,1.0,0.0,0.0,0.9998390136762528,1.0,0.95,qiskit_mlae_likelihood_ratio,702.336417,100.656333,803.528583,824.777375,475,195,measured-0195,1,mc_then_qiskit,20260802,3841747339,measured,580,435,435,435,5,1,0.525917,0.005417,21.245709,1716,2775,5225,151525,"[{""grover_power"":0,""max_transpiled_quantum_depth"":1,""operation_counts_including_non_gates"":{""barrier"":1,""measure"":1,""u"":7},""qubits"":7,""transpiled_quantum_gate_count"":7},{""grover_power"":1,""max_transpiled_quantum_depth"":218,""operation_counts_including_non_gates"":{""barrier"":1,""cx"":136,""measure"":1,""u"":217},""qubits"":7,""transpiled_quantum_gate_count"":353},{""grover_power"":2,""max_transpiled_quantum_depth"":432,""operation_counts_including_non_gates"":{""barrier"":1,""cx"":272,""measure"":1,""u"":427},""qubits"":7,""transpiled_quantum_gate_count"":699},{""grover_power"":4,""max_transpiled_quantum_depth"":860,""operation_counts_including_non_gates"":{""barrier"":1,""cx"":544,""measure"":1,""u"":847},""qubits"":7,""transpiled_quantum_gate_count"":1391},{""grover_power"":8,""max_transpiled_quantum_depth"":1716,""operation_counts_including_non_gates"":{""barrier"":1,""cx"":1088,""measure"":1,""u"":1687},""qubits"":7,""transpiled_quantum_gate_count"":2775}]","[""u"",""cx""]",0,none; all-to-all analysis without a backend target or coupling map
1.0,actual_runtime_and_circuit_metrics,qiskit_statevector_mlae,Qiskit StatevectorSampler finite-shot CPU simulation of synthesized circuits; not a QPU,64,64,1.0,contiguous_prefix_visible_then_blocked,7c8975e1e60a5c8337f28edf8c33c3b180360b7279644a9bc1af3c51e6220bf5,1024,1015,64,True,True,"[0,1,2,4,8]",29,145,3,False,2663929601,ok,,"[""RuntimeWarning: divide by zero encountered in scalar divide""]",,,,1.0,0.0,0.0,0.9998390136762528,1.0,0.95,qiskit_mlae_likelihood_ratio,702.511375,100.15675,803.191917,823.098292,476,196,measured-0196,0,qiskit_then_mc,20260802,3841747339,measured,580,435,435,435,5,1,0.513917,0.0055,19.902875,1716,2775,5225,151525,"[{""grover_power"":0,""max_transpiled_quantum_depth"":1,""operation_counts_including_non_gates"":{""barrier"":1,""measure"":1,""u"":7},""qubits"":7,""transpiled_quantum_gate_count"":7},{""grover_power"":1,""max_transpiled_quantum_depth"":218,""operation_counts_including_non_gates"":{""barrier"":1,""cx"":136,""measure"":1,""u"":217},""qubits"":7,""transpiled_quantum_gate_count"":353},{""grover_power"":2,""max_transpiled_quantum_depth"":432,""operation_counts_including_non_gates"":{""barrier"":1,""cx"":272,""measure"":1,""u"":427},""qubits"":7,""transpiled_quantum_gate_count"":699},{""grover_power"":4,""max_transpiled_quantum_depth"":860,""operation_counts_including_non_gates"":{""barrier"":1,""cx"":544,""measure"":1,""u"":847},""qubits"":7,""transpiled_quantum_gate_count"":1391},{""grover_power"":8,""max_transpiled_quantum_depth"":1716,""operation_counts_including_non_gates"":{""barrier"":1,""cx"":1088,""measure"":1,""u"":1687},""qubits"":7,""transpiled_quantum_gate_count"":2775}]","[""u"",""cx""]",0,none; all-to-all analysis without a backend target or coupling map
1.0,actual_runtime_and_circuit_metrics,classical_monte_carlo,Python table MC,64,64,1.0,contiguous_prefix_visible_then_blocked,7c8975e1e60a5c8337f28edf8c33c3b180360b7279644a9bc1af3c51e6220bf5,1024,1015,64,True,True,,,,3,False,3282534928,ok,,[],1015,1015,with_replacement,1.0,0.0,0.0,0.9962295813667217,1.0,0.95,wilson_score,0.232375,0.006875,0.239292,0.239292,477,196,measured-0196,1,qiskit_then_mc,20260802,3841747339,measured,,,,,,,,,,,,,,,,,
1.0,actual_runtime_and_circuit_metrics,classical_monte_carlo,Python table MC,63,64,0.984375,contiguous_prefix_visible_then_blocked,4a22bb45b68e2388bce472d38b49adb1bb6b08e220e9edede71b70cc62ad2db2,1024,1015,64,True,True,,,,0,False,3238852551,ok,,[],1015,1001,with_replacement,0.9862068965517241,0.0018318965517241104,0.0018318965517241104,0.9769811908310642,0.99176619518761,0.95,wilson_score,0.221834,0.001709,0.223584,0.223584,478,197,measured-0197,0,mc_then_qiskit,20260802,3841747339,measured,,,,,,,,,,,,,,,,,
1.0,actual_runtime_and_circuit_metrics,qiskit_statevector_mlae,Qiskit StatevectorSampler finite-shot CPU simulation of synthesized circuits; not a QPU,63,64,0.984375,contiguous_prefix_visible_then_blocked,4a22bb45b68e2388bce472d38b49adb1bb6b08e220e9edede71b70cc62ad2db2,1024,1015,64,True,True,"[0,1,2,4,8]",29,145,0,False,782655055,ok,,[],,,,0.9832408486423708,-0.0011341513576291762,0.0011341513576291762,0.9808861485891831,0.9854283044617708,0.95,qiskit_mlae_likelihood_ratio,11402.081375,100.184375,11506.565958,13556.73975,479,197,measured-0197,1,mc_then_qiskit,20260802,3841747339,measured,580,435,435,435,5,1,4.289041,0.006833,2050.169833,227715,346651,713205,20682945,"[{""grover_power"":0,""max_transpiled_quantum_depth"":13299,""operation_counts_including_non_gates"":{""barrier"":1,""cx"":8568,""measure"":1,""u"":11667},""qubits"":7,""transpiled_quantum_gate_count"":20235},{""grover_power"":1,""max_transpiled_quantum_depth"":40101,""operation_counts_including_non_gates"":{""barrier"":1,""cx"":25840,""measure"":1,""u"":35197},""qubits"":7,""transpiled_quantum_gate_count"":61037},{""grover_power"":2,""max_transpiled_quantum_depth"":66903,""operation_counts_including_non_gates"":{""barrier"":1,""cx"":43112,""measure"":1,""u"":58727},""qubits"":7,""transpiled_quantum_gate_count"":101839},{""grover_power"":4,""max_transpiled_quantum_depth"":120507,""operation_counts_including_non_gates"":{""barrier"":1,""cx"":77656,""measure"":1,""u"":105787},""qubits"":7,""transpiled_quantum_gate_count"":183443},{""grover_power"":8,""max_transpiled_quantum_depth"":227715,""operation_counts_including_non_gates"":{""barrier"":1,""cx"":146744,""measure"":1,""u"":199907},""qubits"":7,""transpiled_quantum_gate_count"":346651}]","[""u"",""cx""]",0,none; all-to-all analysis without a backend target or coupling map
1.0,actual_runtime_and_circuit_metrics,qiskit_statevector_mlae,Qiskit StatevectorSampler finite-shot CPU simulation of synthesized circuits; not a QPU,32,64,0.5,contiguous_prefix_visible_then_blocked,037d6dfb3a369a41e01100fdd53c35ee3fb69ddec5830d61e1138d066a4c2285,256,245,64,True,True,"[0,1,2,4,8]",7,35,2,False,4090834986,ok,,[],,,,0.47235593683696886,-0.02764406316303114,0.02764406316303114,0.0008517862548508686,0.4911560984641945,0.95,qiskit_mlae_likelihood_ratio,6020.993542,102.49975,6126.244166,7176.046916,480,198,measured-0198,0,qiskit_then_mc,20260802,3841747339,measured,140,105,105,105,5,1,2.740666,0.005959,1049.798833,117044,177926,365830,2560810,"[{""grover_power"":0,""max_transpiled_quantum_depth"":6788,""operation_counts_including_non_gates"":{""barrier"":1,""cx"":4352,""measure"":1,""u"":5958},""qubits"":7,""transpiled_quantum_gate_count"":10310},{""grover_power"":1,""max_transpiled_quantum_depth"":20570,""operation_counts_including_non_gates"":{""barrier"":1,""cx"":13192,""measure"":1,""u"":18070},""qubits"":7,""transpiled_quantum_gate_count"":31262},{""grover_power"":2,""max_transpiled_quantum_depth"":34352,""operation_counts_including_non_gates"":{""barrier"":1,""cx"":22032,""measure"":1,""u"":30182},""qubits"":7,""transpiled_quantum_gate_count"":52214},{""grover_power"":4,""max_transpiled_quantum_depth"":61916,""operation_counts_including_non_gates"":{""barrier"":1,""cx"":39712,""measure"":1,""u"":54406},""qubits"":7,""transpiled_quantum_gate_count"":94118},{""grover_power"":8,""max_transpiled_quantum_depth"":117044,""operation_counts_including_non_gates"":{""barrier"":1,""cx"":75072,""measure"":1,""u"":102854},""qubits"":7,""transpiled_quantum_gate_count"":177926}]","[""u"",""cx""]",0,none; all-to-all analysis without a backend target or coupling map
1.0,actual_runtime_and_circuit_metrics,classical_monte_carlo,Python table MC,32,64,0.5,contiguous_prefix_visible_then_blocked,037d6dfb3a369a41e01100fdd53c35ee3fb69ddec5830d61e1138d066a4c2285,256,245,64,True,True,,,,2,False,3005236712,ok,,[],245,117,with_replacement,0.4775510204081633,-0.022448979591836726,0.022448979591836726,0.4158356370240251,0.5399595104078737,0.95,wilson_score,0.07225,0.007834,0.080125,0.080125,481,198,measured-0198,1,qiskit_then_mc,20260802,3841747339,measured,,,,,,,,,,,,,,,,,
1.0,actual_runtime_and_circuit_metrics,classical_monte_carlo,Python table MC,56,64,0.875,contiguous_prefix_visible_then_blocked,3c2388fcb014d41bb64b30937ecf31fd7ffb7b9790d03bc63ad567d3c56e6f33,64,35,64,True,False,,,,0,False,1501842507,ok,,[],35,31,with_replacement,0.8857142857142857,0.010714285714285676,0.010714285714285676,0.7404853135378618,0.9546482066690264,0.95,wilson_score,0.016375,0.00175,0.018167,0.018167,482,199,measured-0199,0,mc_then_qiskit,20260802,3841747339,measured,,,,,,,,,,,,,,,,,
1.0,actual_runtime_and_circuit_metrics,qiskit_statevector_mlae,Qiskit StatevectorSampler finite-shot CPU simulation of synthesized circuits; not a QPU,56,64,0.875,contiguous_prefix_visible_then_blocked,3c2388fcb014d41bb64b30937ecf31fd7ffb7b9790d03bc63ad567d3c56e6f33,64,35,64,True,False,"[0,1,2,4,8]",1,5,0,False,2075808033,ok,,[],,,,0.872737027745978,-0.0022629722540220554,0.0022629722540220554,0.8277094090118451,0.910419727367599,0.95,qiskit_mlae_likelihood_ratio,10249.558417,101.463417,10355.372292,12190.02825,483,199,measured-0199,1,mc_then_qiskit,20260802,3841747339,measured,20,15,15,15,5,1,4.3395,0.006959,1834.651333,202724,308758,635190,635190,"[{""grover_power"":0,""max_transpiled_quantum_depth"":11828,""operation_counts_including_non_gates"":{""barrier"":1,""cx"":7616,""measure"":1,""u"":10390},""qubits"":7,""transpiled_quantum_gate_count"":18006},{""grover_power"":1,""max_transpiled_quantum_depth"":35690,""operation_counts_including_non_gates"":{""barrier"":1,""cx"":22984,""measure"":1,""u"":31366},""qubits"":7,""transpiled_quantum_gate_count"":54350},{""grover_power"":2,""max_transpiled_quantum_depth"":59552,""operation_counts_including_non_gates"":{""barrier"":1,""cx"":38352,""measure"":1,""u"":52342},""qubits"":7,""transpiled_quantum_gate_count"":90694},{""grover_power"":4,""max_transpiled_quantum_depth"":107276,""operation_counts_including_non_gates"":{""barrier"":1,""cx"":69088,""measure"":1,""u"":94294},""qubits"":7,""transpiled_quantum_gate_count"":163382},{""grover_power"":8,""max_transpiled_quantum_depth"":202724,""operation_counts_including_non_gates"":{""barrier"":1,""cx"":130560,""measure"":1,""u"":178198},""qubits"":7,""transpiled_quantum_gate_count"":308758}]","[""u"",""cx""]",0,none; all-to-all analysis without a backend target or coupling map
1.0,actual_runtime_and_circuit_metrics,qiskit_statevector_mlae,Qiskit StatevectorSampler finite-shot CPU simulation of synthesized circuits; not a QPU,63,64,0.984375,contiguous_prefix_visible_then_blocked,4a22bb45b68e2388bce472d38b49adb1bb6b08e220e9edede71b70cc62ad2db2,512,490,64,True,True,"[0,1,2,4,8]",14,70,0,False,2090958789,ok,,[],,,,0.9850666037084713,0.0006916037084713222,0.0006916037084713222,0.9816320112117041,0.9880015652789912,0.95,qiskit_mlae_likelihood_ratio,11378.724834,103.236125,11486.308792,13566.652625,484,200,measured-0200,0,qiskit_then_mc,20260802,3841747339,measured,280,210,210,210,5,1,4.338584,0.00525,2080.33875,227715,346651,713205,9984870,"[{""grover_power"":0,""max_transpiled_quantum_depth"":13299,""operation_counts_including_non_gates"":{""barrier"":1,""cx"":8568,""measure"":1,""u"":11667},""qubits"":7,""transpiled_quantum_gate_count"":20235},{""grover_power"":1,""max_transpiled_quantum_depth"":40101,""operation_counts_including_non_gates"":{""barrier"":1,""cx"":25840,""measure"":1,""u"":35197},""qubits"":7,""transpiled_quantum_gate_count"":61037},{""grover_power"":2,""max_transpiled_quantum_depth"":66903,""operation_counts_including_non_gates"":{""barrier"":1,""cx"":43112,""measure"":1,""u"":58727},""qubits"":7,""transpiled_quantum_gate_count"":101839},{""grover_power"":4,""max_transpiled_quantum_depth"":120507,""operation_counts_including_non_gates"":{""barrier"":1,""cx"":77656,""measure"":1,""u"":105787},""qubits"":7,""transpiled_quantum_gate_count"":183443},{""grover_power"":8,""max_transpiled_quantum_depth"":227715,""operation_counts_including_non_gates"":{""barrier"":1,""cx"":146744,""measure"":1,""u"":199907},""qubits"":7,""transpiled_quantum_gate_count"":346651}]","[""u"",""cx""]",0,none; all-to-all analysis without a backend target or coupling map
1.0,actual_runtime_and_circuit_metrics,classical_monte_carlo,Python table MC,63,64,0.984375,contiguous_prefix_visible_then_blocked,4a22bb45b68e2388bce472d38b49adb1bb6b08e220e9edede71b70cc62ad2db2,512,490,64,True,True,,,,0,False,919190724,ok,,[],490,482,with_replacement,0.9836734693877551,-0.0007015306122448717,0.0007015306122448717,0.9681178192092283,0.9917043899911169,0.95,wilson_score,0.12225,0.006375,0.128625,0.128625,485,200,measured-0200,1,qiskit_then_mc,20260802,3841747339,measured,,,,,,,,,,,,,,,,,
1.0,actual_runtime_and_circuit_metrics,classical_monte_carlo,Python table MC,63,64,0.984375,contiguous_prefix_visible_then_blocked,4a22bb45b68e2388bce472d38b49adb1bb6b08e220e9edede71b70cc62ad2db2,256,245,64,True,True,,,,2,False,1622585439,ok,,[],245,240,with_replacement,0.9795918367346939,-0.004783163265306145,0.004783163265306145,0.9531242851355692,0.991252110637501,0.95,wilson_score,0.058375,0.00175,0.060167,0.060167,486,201,measured-0201,0,mc_then_qiskit,20260802,3841747339,measured,,,,,,,,,,,,,,,,,
1.0,actual_runtime_and_circuit_metrics,qiskit_statevector_mlae,Qiskit StatevectorSampler finite-shot CPU simulation of synthesized circuits; not a QPU,63,64,0.984375,contiguous_prefix_visible_then_blocked,4a22bb45b68e2388bce472d38b49adb1bb6b08e220e9edede71b70cc62ad2db2,256,245,64,True,True,"[0,1,2,4,8]",7,35,2,False,3694216476,ok,,[],,,,0.9859773646710538,0.0016023646710537909,0.0016023646710537909,0.9810228427832034,0.9897694347354171,0.95,qiskit_mlae_likelihood_ratio,11405.212375,100.955125,11510.7975,13562.129667,487,201,measured-0201,1,mc_then_qiskit,20260802,3841747339,measured,140,105,105,105,5,1,4.618791,0.006916,2051.327875,227715,346651,713205,4992435,"[{""grover_power"":0,""max_transpiled_quantum_depth"":13299,""operation_counts_including_non_gates"":{""barrier"":1,""cx"":8568,""measure"":1,""u"":11667},""qubits"":7,""transpiled_quantum_gate_count"":20235},{""grover_power"":1,""max_transpiled_quantum_depth"":40101,""operation_counts_including_non_gates"":{""barrier"":1,""cx"":25840,""measure"":1,""u"":35197},""qubits"":7,""transpiled_quantum_gate_count"":61037},{""grover_power"":2,""max_transpiled_quantum_depth"":66903,""operation_counts_including_non_gates"":{""barrier"":1,""cx"":43112,""measure"":1,""u"":58727},""qubits"":7,""transpiled_quantum_gate_count"":101839},{""grover_power"":4,""max_transpiled_quantum_depth"":120507,""operation_counts_including_non_gates"":{""barrier"":1,""cx"":77656,""measure"":1,""u"":105787},""qubits"":7,""transpiled_quantum_gate_count"":183443},{""grover_power"":8,""max_transpiled_quantum_depth"":227715,""operation_counts_including_non_gates"":{""barrier"":1,""cx"":146744,""measure"":1,""u"":199907},""qubits"":7,""transpiled_quantum_gate_count"":346651}]","[""u"",""cx""]",0,none; all-to-all analysis without a backend target or coupling map
1.0,actual_runtime_and_circuit_metrics,qiskit_statevector_mlae,Qiskit StatevectorSampler finite-shot CPU simulation of synthesized circuits; not a QPU,63,64,0.984375,contiguous_prefix_visible_then_blocked,4a22bb45b68e2388bce472d38b49adb1bb6b08e220e9edede71b70cc62ad2db2,128,105,64,True,True,"[0,1,2,4,8]",3,15,0,False,4026261077,ok,,[],,,,0.995893049240128,0.011518049240128003,0.011518049240128003,0.9799684082630842,0.998570698195899,0.95,qiskit_mlae_likelihood_ratio,11197.935334,99.915833,11302.530291,13347.868416,488,202,measured-0202,0,qiskit_then_mc,20260802,3841747339,measured,60,45,45,45,5,1,4.6685,0.006375,2045.334291,227715,346651,713205,2139615,"[{""grover_power"":0,""max_transpiled_quantum_depth"":13299,""operation_counts_including_non_gates"":{""barrier"":1,""cx"":8568,""measure"":1,""u"":11667},""qubits"":7,""transpiled_quantum_gate_count"":20235},{""grover_power"":1,""max_transpiled_quantum_depth"":40101,""operation_counts_including_non_gates"":{""barrier"":1,""cx"":25840,""measure"":1,""u"":35197},""qubits"":7,""transpiled_quantum_gate_count"":61037},{""grover_power"":2,""max_transpiled_quantum_depth"":66903,""operation_counts_including_non_gates"":{""barrier"":1,""cx"":43112,""measure"":1,""u"":58727},""qubits"":7,""transpiled_quantum_gate_count"":101839},{""grover_power"":4,""max_transpiled_quantum_depth"":120507,""operation_counts_including_non_gates"":{""barrier"":1,""cx"":77656,""measure"":1,""u"":105787},""qubits"":7,""transpiled_quantum_gate_count"":183443},{""grover_power"":8,""max_transpiled_quantum_depth"":227715,""operation_counts_including_non_gates"":{""barrier"":1,""cx"":146744,""measure"":1,""u"":199907},""qubits"":7,""transpiled_quantum_gate_count"":346651}]","[""u"",""cx""]",0,none; all-to-all analysis without a backend target or coupling map
1.0,actual_runtime_and_circuit_metrics,classical_monte_carlo,Python table MC,63,64,0.984375,contiguous_prefix_visible_then_blocked,4a22bb45b68e2388bce472d38b49adb1bb6b08e220e9edede71b70cc62ad2db2,128,105,64,True,True,,,,0,False,3580791975,ok,,[],105,104,with_replacement,0.9904761904761905,0.00610119047619051,0.00610119047619051,0.9480137413881103,0.9983168307671438,0.95,wilson_score,0.041333,0.007,0.048375,0.048375,489,202,measured-0202,1,qiskit_then_mc,20260802,3841747339,measured,,,,,,,,,,,,,,,,,
1.0,actual_runtime_and_circuit_metrics,classical_monte_carlo,Python table MC,56,64,0.875,contiguous_prefix_visible_then_blocked,3c2388fcb014d41bb64b30937ecf31fd7ffb7b9790d03bc63ad567d3c56e6f33,1024,1015,64,True,True,,,,0,False,703814549,ok,,[],1015,891,with_replacement,0.8778325123152709,0.0028325123152709297,0.0028325123152709297,0.8562490834174498,0.8965667677237085,0.95,wilson_score,0.22325,0.002042,0.225334,0.225334,490,203,measured-0203,0,mc_then_qiskit,20260802,3841747339,measured,,,,,,,,,,,,,,,,,
1.0,actual_runtime_and_circuit_metrics,qiskit_statevector_mlae,Qiskit StatevectorSampler finite-shot CPU simulation of synthesized circuits; not a QPU,56,64,0.875,contiguous_prefix_visible_then_blocked,3c2388fcb014d41bb64b30937ecf31fd7ffb7b9790d03bc63ad567d3c56e6f33,1024,1015,64,True,True,"[0,1,2,4,8]",29,145,0,False,137077361,ok,,[],,,,0.8776942585032571,0.0026942585032571076,0.0026942585032571076,0.8733197148387071,0.8894780438665502,0.95,qiskit_mlae_likelihood_ratio,10232.031708,100.436542,10336.415917,12154.629458,491,203,measured-0203,1,mc_then_qiskit,20260802,3841747339,measured,580,435,435,435,5,1,3.938625,0.00525,1818.209625,202724,308758,635190,18420510,"[{""grover_power"":0,""max_transpiled_quantum_depth"":11828,""operation_counts_including_non_gates"":{""barrier"":1,""cx"":7616,""measure"":1,""u"":10390},""qubits"":7,""transpiled_quantum_gate_count"":18006},{""grover_power"":1,""max_transpiled_quantum_depth"":35690,""operation_counts_including_non_gates"":{""barrier"":1,""cx"":22984,""measure"":1,""u"":31366},""qubits"":7,""transpiled_quantum_gate_count"":54350},{""grover_power"":2,""max_transpiled_quantum_depth"":59552,""operation_counts_including_non_gates"":{""barrier"":1,""cx"":38352,""measure"":1,""u"":52342},""qubits"":7,""transpiled_quantum_gate_count"":90694},{""grover_power"":4,""max_transpiled_quantum_depth"":107276,""operation_counts_including_non_gates"":{""barrier"":1,""cx"":69088,""measure"":1,""u"":94294},""qubits"":7,""transpiled_quantum_gate_count"":163382},{""grover_power"":8,""max_transpiled_quantum_depth"":202724,""operation_counts_including_non_gates"":{""barrier"":1,""cx"":130560,""measure"":1,""u"":178198},""qubits"":7,""transpiled_quantum_gate_count"":308758}]","[""u"",""cx""]",0,none; all-to-all analysis without a backend target or coupling map
1.0,actual_runtime_and_circuit_metrics,qiskit_statevector_mlae,Qiskit StatevectorSampler finite-shot CPU simulation of synthesized circuits; not a QPU,32,64,0.5,contiguous_prefix_visible_then_blocked,037d6dfb3a369a41e01100fdd53c35ee3fb69ddec5830d61e1138d066a4c2285,256,245,64,True,True,"[0,1,2,4,8]",7,35,4,False,1661471053,ok,,[],,,,0.49484348415462925,-0.005156515845370746,0.005156515845370746,0.47734993410680665,0.5130306773732327,0.95,qiskit_mlae_likelihood_ratio,6000.825125,100.975625,6104.498125,7147.460084,492,204,measured-0204,0,qiskit_then_mc,20260802,3841747339,measured,140,105,105,105,5,1,2.687917,0.005625,1042.957667,117044,177926,365830,2560810,"[{""grover_power"":0,""max_transpiled_quantum_depth"":6788,""operation_counts_including_non_gates"":{""barrier"":1,""cx"":4352,""measure"":1,""u"":5958},""qubits"":7,""transpiled_quantum_gate_count"":10310},{""grover_power"":1,""max_transpiled_quantum_depth"":20570,""operation_counts_including_non_gates"":{""barrier"":1,""cx"":13192,""measure"":1,""u"":18070},""qubits"":7,""transpiled_quantum_gate_count"":31262},{""grover_power"":2,""max_transpiled_quantum_depth"":34352,""operation_counts_including_non_gates"":{""barrier"":1,""cx"":22032,""measure"":1,""u"":30182},""qubits"":7,""transpiled_quantum_gate_count"":52214},{""grover_power"":4,""max_transpiled_quantum_depth"":61916,""operation_counts_including_non_gates"":{""barrier"":1,""cx"":39712,""measure"":1,""u"":54406},""qubits"":7,""transpiled_quantum_gate_count"":94118},{""grover_power"":8,""max_transpiled_quantum_depth"":117044,""operation_counts_including_non_gates"":{""barrier"":1,""cx"":75072,""measure"":1,""u"":102854},""qubits"":7,""transpiled_quantum_gate_count"":177926}]","[""u"",""cx""]",0,none; all-to-all analysis without a backend target or coupling map
1.0,actual_runtime_and_circuit_metrics,classical_monte_carlo,Python table MC,32,64,0.5,contiguous_prefix_visible_then_blocked,037d6dfb3a369a41e01100fdd53c35ee3fb69ddec5830d61e1138d066a4c2285,256,245,64,True,True,,,,4,False,51793892,ok,,[],245,116,with_replacement,0.47346938775510206,-0.026530612244897944,0.026530612244897944,0.4118414988443187,0.5359164026661073,0.95,wilson_score,0.067333,0.006875,0.074291,0.074291,493,204,measured-0204,1,qiskit_then_mc,20260802,3841747339,measured,,,,,,,,,,,,,,,,,
1.0,actual_runtime_and_circuit_metrics,classical_monte_carlo,Python table MC,8,64,0.125,contiguous_prefix_visible_then_blocked,407b84e032b28972b59fe5732c4e37776624a39308e563a5604359ca2b16ec23,128,105,64,True,True,,,,2,False,2985832244,ok,,[],105,13,with_replacement,0.12380952380952381,-0.0011904761904761862,0.0011904761904761862,0.0738016422092698,0.2003719966231081,0.95,wilson_score,0.030958,0.001667,0.032708,0.032708,494,205,measured-0205,0,mc_then_qiskit,20260802,3841747339,measured,,,,,,,,,,,,,,,,,
1.0,actual_runtime_and_circuit_metrics,qiskit_statevector_mlae,Qiskit StatevectorSampler finite-shot CPU simulation of synthesized circuits; not a QPU,8,64,0.125,contiguous_prefix_visible_then_blocked,407b84e032b28972b59fe5732c4e37776624a39308e563a5604359ca2b16ec23,128,105,64,True,True,"[0,1,2,4,8]",3,15,2,False,3407744030,ok,,[],,,,0.12726297225402192,0.0022629722540219166,0.0022629722540219166,0.10314741387084597,0.15405068953006718,0.95,qiskit_mlae_likelihood_ratio,2273.490125,101.003959,2375.706375,2655.173083,495,205,measured-0205,1,mc_then_qiskit,20260802,3841747339,measured,60,45,45,45,5,1,1.190959,0.017417,279.462917,30548,46822,95910,287730,"[{""grover_power"":0,""max_transpiled_quantum_depth"":1700,""operation_counts_including_non_gates"":{""barrier"":1,""cx"":1088,""measure"":1,""u"":1510},""qubits"":7,""transpiled_quantum_gate_count"":2598},{""grover_power"":1,""max_transpiled_quantum_depth"":5306,""operation_counts_including_non_gates"":{""barrier"":1,""cx"":3400,""measure"":1,""u"":4726},""qubits"":7,""transpiled_quantum_gate_count"":8126},{""grover_power"":2,""max_transpiled_quantum_depth"":8912,""operation_counts_including_non_gates"":{""barrier"":1,""cx"":5712,""measure"":1,""u"":7942},""qubits"":7,""transpiled_quantum_gate_count"":13654},{""grover_power"":4,""max_transpiled_quantum_depth"":16124,""operation_counts_including_non_gates"":{""barrier"":1,""cx"":10336,""measure"":1,""u"":14374},""qubits"":7,""transpiled_quantum_gate_count"":24710},{""grover_power"":8,""max_transpiled_quantum_depth"":30548,""operation_counts_including_non_gates"":{""barrier"":1,""cx"":19584,""measure"":1,""u"":27238},""qubits"":7,""transpiled_quantum_gate_count"":46822}]","[""u"",""cx""]",0,none; all-to-all analysis without a backend target or coupling map
1.0,actual_runtime_and_circuit_metrics,qiskit_statevector_mlae,Qiskit StatevectorSampler finite-shot CPU simulation of synthesized circuits; not a QPU,63,64,0.984375,contiguous_prefix_visible_then_blocked,4a22bb45b68e2388bce472d38b49adb1bb6b08e220e9edede71b70cc62ad2db2,512,490,64,True,True,"[0,1,2,4,8]",14,70,2,False,2826601120,ok,,[],,,,0.9847771606011729,0.0004021606011729295,0.0004021606011729295,0.9814637756848166,0.9876174763749982,0.95,qiskit_mlae_likelihood_ratio,11152.810708,100.967917,11258.354084,13306.168459,496,206,measured-0206,0,qiskit_then_mc,20260802,3841747339,measured,280,210,210,210,5,1,4.565334,0.006083,2047.810792,227715,346651,713205,9984870,"[{""grover_power"":0,""max_transpiled_quantum_depth"":13299,""operation_counts_including_non_gates"":{""barrier"":1,""cx"":8568,""measure"":1,""u"":11667},""qubits"":7,""transpiled_quantum_gate_count"":20235},{""grover_power"":1,""max_transpiled_quantum_depth"":40101,""operation_counts_including_non_gates"":{""barrier"":1,""cx"":25840,""measure"":1,""u"":35197},""qubits"":7,""transpiled_quantum_gate_count"":61037},{""grover_power"":2,""max_transpiled_quantum_depth"":66903,""operation_counts_including_non_gates"":{""barrier"":1,""cx"":43112,""measure"":1,""u"":58727},""qubits"":7,""transpiled_quantum_gate_count"":101839},{""grover_power"":4,""max_transpiled_quantum_depth"":120507,""operation_counts_including_non_gates"":{""barrier"":1,""cx"":77656,""measure"":1,""u"":105787},""qubits"":7,""transpiled_quantum_gate_count"":183443},{""grover_power"":8,""max_transpiled_quantum_depth"":227715,""operation_counts_including_non_gates"":{""barrier"":1,""cx"":146744,""measure"":1,""u"":199907},""qubits"":7,""transpiled_quantum_gate_count"":346651}]","[""u"",""cx""]",0,none; all-to-all analysis without a backend target or coupling map
1.0,actual_runtime_and_circuit_metrics,classical_monte_carlo,Python table MC,63,64,0.984375,contiguous_prefix_visible_then_blocked,4a22bb45b68e2388bce472d38b49adb1bb6b08e220e9edede71b70cc62ad2db2,512,490,64,True,True,,,,2,False,1136387347,ok,,[],490,481,with_replacement,0.9816326530612245,-0.0027423469387755084,0.0027423469387755084,0.9654649486898059,0.9903073777712974,0.95,wilson_score,0.124834,0.00675,0.131625,0.131625,497,206,measured-0206,1,qiskit_then_mc,20260802,3841747339,measured,,,,,,,,,,,,,,,,,
1.0,actual_runtime_and_circuit_metrics,classical_monte_carlo,Python table MC,1,64,0.015625,contiguous_prefix_visible_then_blocked,16abab341fb7f370e27e4dadcf81766dd0dfd0ae64469477bb2cf6614938b2af,1024,1015,64,True,True,,,,3,False,3555733227,ok,,[],1015,19,with_replacement,0.0187192118226601,0.0030942118226600993,0.0030942118226600993,0.012016156797435232,0.029051526951050514,0.95,wilson_score,0.2295,0.001667,0.23125,0.23125,498,207,measured-0207,0,mc_then_qiskit,20260802,3841747339,measured,,,,,,,,,,,,,,,,,
1.0,actual_runtime_and_circuit_metrics,qiskit_statevector_mlae,Qiskit StatevectorSampler finite-shot CPU simulation of synthesized circuits; not a QPU,1,64,0.015625,contiguous_prefix_visible_then_blocked,16abab341fb7f370e27e4dadcf81766dd0dfd0ae64469477bb2cf6614938b2af,1024,1015,64,True,True,"[0,1,2,4,8]",29,145,3,False,429135581,ok,,[],,,,0.0156422080347595,1.720803475949856e-05,1.720803475949856e-05,0.01362853070346742,0.017884362956286242,0.95,qiskit_mlae_likelihood_ratio,878.464333,99.908292,979.048667,1032.893209,499,207,measured-0207,1,mc_then_qiskit,20260802,3841747339,measured,580,435,435,435,5,1,0.667167,0.004958,53.839584,5320,8317,16635,482415,"[{""grover_power"":0,""max_transpiled_quantum_depth"":216,""operation_counts_including_non_gates"":{""barrier"":1,""cx"":136,""measure"":1,""u"":197},""qubits"":7,""transpiled_quantum_gate_count"":333},{""grover_power"":1,""max_transpiled_quantum_depth"":854,""operation_counts_including_non_gates"":{""barrier"":1,""cx"":544,""measure"":1,""u"":787},""qubits"":7,""transpiled_quantum_gate_count"":1331},{""grover_power"":2,""max_transpiled_quantum_depth"":1492,""operation_counts_including_non_gates"":{""barrier"":1,""cx"":952,""measure"":1,""u"":1377},""qubits"":7,""transpiled_quantum_gate_count"":2329},{""grover_power"":4,""max_transpiled_quantum_depth"":2768,""operation_counts_including_non_gates"":{""barrier"":1,""cx"":1768,""measure"":1,""u"":2557},""qubits"":7,""transpiled_quantum_gate_count"":4325},{""grover_power"":8,""max_transpiled_quantum_depth"":5320,""operation_counts_including_non_gates"":{""barrier"":1,""cx"":3400,""measure"":1,""u"":4917},""qubits"":7,""transpiled_quantum_gate_count"":8317}]","[""u"",""cx""]",0,none; all-to-all analysis without a backend target or coupling map
1.0,actual_runtime_and_circuit_metrics,qiskit_statevector_mlae,Qiskit StatevectorSampler finite-shot CPU simulation of synthesized circuits; not a QPU,0,64,0.0,contiguous_prefix_visible_then_blocked,f5a5fd42d16a20302798ef6ed309979b43003d2320d9f0e8ea9831a92759fb4b,1024,1015,64,True,True,"[0,1,2,4,8]",29,145,1,False,61792993,ok,,[],,,,1e-30,1e-30,1e-30,1e-30,0.0001609863237472779,0.95,qiskit_mlae_likelihood_ratio,696.92125,101.432708,798.853708,817.034625,500,208,measured-0208,0,qiskit_then_mc,20260802,3841747339,measured,580,435,435,435,5,1,0.488292,0.006375,18.176459,1716,2758,5190,150510,"[{""grover_power"":0,""max_transpiled_quantum_depth"":1,""operation_counts_including_non_gates"":{""barrier"":1,""measure"":1,""u"":6},""qubits"":7,""transpiled_quantum_gate_count"":6},{""grover_power"":1,""max_transpiled_quantum_depth"":218,""operation_counts_including_non_gates"":{""barrier"":1,""cx"":136,""measure"":1,""u"":214},""qubits"":7,""transpiled_quantum_gate_count"":350},{""grover_power"":2,""max_transpiled_quantum_depth"":432,""operation_counts_including_non_gates"":{""barrier"":1,""cx"":272,""measure"":1,""u"":422},""qubits"":7,""transpiled_quantum_gate_count"":694},{""grover_power"":4,""max_transpiled_quantum_depth"":860,""operation_counts_including_non_gates"":{""barrier"":1,""cx"":544,""measure"":1,""u"":838},""qubits"":7,""transpiled_quantum_gate_count"":1382},{""grover_power"":8,""max_transpiled_quantum_depth"":1716,""operation_counts_including_non_gates"":{""barrier"":1,""cx"":1088,""measure"":1,""u"":1670},""qubits"":7,""transpiled_quantum_gate_count"":2758}]","[""u"",""cx""]",0,none; all-to-all analysis without a backend target or coupling map
1.0,actual_runtime_and_circuit_metrics,classical_monte_carlo,Python table MC,0,64,0.0,contiguous_prefix_visible_then_blocked,f5a5fd42d16a20302798ef6ed309979b43003d2320d9f0e8ea9831a92759fb4b,1024,1015,64,True,True,,,,1,False,229215409,ok,,[],1015,0,with_replacement,0.0,0.0,0.0,0.0,0.0037704186332784295,0.95,wilson_score,0.246167,0.0065,0.252708,0.252708,501,208,measured-0208,1,qiskit_then_mc,20260802,3841747339,measured,,,,,,,,,,,,,,,,,
1.0,actual_runtime_and_circuit_metrics,classical_monte_carlo,Python table MC,56,64,0.875,contiguous_prefix_visible_then_blocked,3c2388fcb014d41bb64b30937ecf31fd7ffb7b9790d03bc63ad567d3c56e6f33,128,105,64,True,True,,,,0,False,691681465,ok,,[],105,90,with_replacement,0.8571428571428571,-0.017857142857142905,0.017857142857142905,0.7776004677299959,0.9114751916063542,0.95,wilson_score,0.031125,0.002041,0.033208,0.033208,502,209,measured-0209,0,mc_then_qiskit,20260802,3841747339,measured,,,,,,,,,,,,,,,,,
1.0,actual_runtime_and_circuit_metrics,qiskit_statevector_mlae,Qiskit StatevectorSampler finite-shot CPU simulation of synthesized circuits; not a QPU,56,64,0.875,contiguous_prefix_visible_then_blocked,3c2388fcb014d41bb64b30937ecf31fd7ffb7b9790d03bc63ad567d3c56e6f33,128,105,64,True,True,"[0,1,2,4,8]",3,15,0,False,186317119,ok,,[],,,,0.8711496987232107,-0.003850301276789314,0.003850301276789314,0.8444571538438973,0.8955180376342293,0.95,qiskit_mlae_likelihood_ratio,10252.215042,100.154375,10357.030709,12201.012042,503,209,measured-0209,1,mc_then_qiskit,20260802,3841747339,measured,60,45,45,45,5,1,4.65125,0.006,1843.971417,202724,308758,635190,1905570,"[{""grover_power"":0,""max_transpiled_quantum_depth"":11828,""operation_counts_including_non_gates"":{""barrier"":1,""cx"":7616,""measure"":1,""u"":10390},""qubits"":7,""transpiled_quantum_gate_count"":18006},{""grover_power"":1,""max_transpiled_quantum_depth"":35690,""operation_counts_including_non_gates"":{""barrier"":1,""cx"":22984,""measure"":1,""u"":31366},""qubits"":7,""transpiled_quantum_gate_count"":54350},{""grover_power"":2,""max_transpiled_quantum_depth"":59552,""operation_counts_including_non_gates"":{""barrier"":1,""cx"":38352,""measure"":1,""u"":52342},""qubits"":7,""transpiled_quantum_gate_count"":90694},{""grover_power"":4,""max_transpiled_quantum_depth"":107276,""operation_counts_including_non_gates"":{""barrier"":1,""cx"":69088,""measure"":1,""u"":94294},""qubits"":7,""transpiled_quantum_gate_count"":163382},{""grover_power"":8,""max_transpiled_quantum_depth"":202724,""operation_counts_including_non_gates"":{""barrier"":1,""cx"":130560,""measure"":1,""u"":178198},""qubits"":7,""transpiled_quantum_gate_count"":308758}]","[""u"",""cx""]",0,none; all-to-all analysis without a backend target or coupling map
